ISO-10303-21;
HEADER;
/* Generated by software containing ST-Developer
 * from STEP Tools, Inc. (www.steptools.com) 
 */

FILE_DESCRIPTION(
/* description */ (''),
/* implementation_level */ '2;1');

FILE_NAME(
/* name */ 'keys.step',
/* time_stamp */ '2026-05-05T20:52:20-04:00',
/* author */ (''),
/* organization */ (''),
/* preprocessor_version */ 'ST-DEVELOPER v20.1',
/* originating_system */ 'Autodesk Translation Framework v15.8.0.0',
/* authorisation */ '');

FILE_SCHEMA (('AUTOMOTIVE_DESIGN { 1 0 10303 214 3 1 1 }'));
ENDSEC;

DATA;
#10=MECHANICAL_DESIGN_GEOMETRIC_PRESENTATION_REPRESENTATION('',(#13,#14,
#15,#16,#17,#18,#19,#20,#21,#22,#23,#24,#25,#26,#27,#28,#29,#30,#31,#32,
#33,#34,#35,#36,#37,#38,#39),#18606);
#11=SHAPE_REPRESENTATION_RELATIONSHIP('SRR','None',#18612,#12);
#12=ADVANCED_BREP_SHAPE_REPRESENTATION('',(#40,#41,#42,#43,#44,#45,#46,
#47,#48,#49,#50,#51,#52,#53,#54,#55,#56,#57,#58,#59,#60,#61,#62,#63,#64,
#65,#66),#18605);
#13=STYLED_ITEM('',(#18631),#40);
#14=STYLED_ITEM('',(#18631),#41);
#15=STYLED_ITEM('',(#18631),#42);
#16=STYLED_ITEM('',(#18631),#43);
#17=STYLED_ITEM('',(#18630),#44);
#18=STYLED_ITEM('',(#18631),#45);
#19=STYLED_ITEM('',(#18630),#46);
#20=STYLED_ITEM('',(#18630),#47);
#21=STYLED_ITEM('',(#18630),#48);
#22=STYLED_ITEM('',(#18631),#49);
#23=STYLED_ITEM('',(#18630),#50);
#24=STYLED_ITEM('',(#18631),#51);
#25=STYLED_ITEM('',(#18630),#52);
#26=STYLED_ITEM('',(#18630),#53);
#27=STYLED_ITEM('',(#18631),#54);
#28=STYLED_ITEM('',(#18630),#55);
#29=STYLED_ITEM('',(#18630),#56);
#30=STYLED_ITEM('',(#18630),#57);
#31=STYLED_ITEM('',(#18631),#58);
#32=STYLED_ITEM('',(#18630),#59);
#33=STYLED_ITEM('',(#18630),#60);
#34=STYLED_ITEM('',(#18630),#61);
#35=STYLED_ITEM('',(#18631),#62);
#36=STYLED_ITEM('',(#18630),#63);
#37=STYLED_ITEM('',(#18630),#64);
#38=STYLED_ITEM('',(#18630),#65);
#39=STYLED_ITEM('',(#18630),#66);
#40=MANIFOLD_SOLID_BREP('Key',#11624);
#41=MANIFOLD_SOLID_BREP('Key (2)',#11625);
#42=MANIFOLD_SOLID_BREP('Key (5)',#11626);
#43=MANIFOLD_SOLID_BREP('Key (4)',#11627);
#44=MANIFOLD_SOLID_BREP('Key (1)',#11628);
#45=MANIFOLD_SOLID_BREP('Key (3)',#11629);
#46=MANIFOLD_SOLID_BREP('Key (6)',#11630);
#47=MANIFOLD_SOLID_BREP('Key (8)',#11631);
#48=MANIFOLD_SOLID_BREP('Key (7)',#11632);
#49=MANIFOLD_SOLID_BREP('Key (9)',#11633);
#50=MANIFOLD_SOLID_BREP('Key (11)',#11634);
#51=MANIFOLD_SOLID_BREP('Key (10)',#11635);
#52=MANIFOLD_SOLID_BREP('Key (12)',#11636);
#53=MANIFOLD_SOLID_BREP('Key (12)',#11637);
#54=MANIFOLD_SOLID_BREP('Key (13)',#11638);
#55=MANIFOLD_SOLID_BREP('Key (14)',#11639);
#56=MANIFOLD_SOLID_BREP('Key (15)',#11640);
#57=MANIFOLD_SOLID_BREP('Key (16)',#11641);
#58=MANIFOLD_SOLID_BREP('Key (17)',#11642);
#59=MANIFOLD_SOLID_BREP('Key (18)',#11643);
#60=MANIFOLD_SOLID_BREP('Key (20)',#11644);
#61=MANIFOLD_SOLID_BREP('Key (19)',#11645);
#62=MANIFOLD_SOLID_BREP('Key (21)',#11646);
#63=MANIFOLD_SOLID_BREP('Key (22)',#11647);
#64=MANIFOLD_SOLID_BREP('Key (23)',#11648);
#65=MANIFOLD_SOLID_BREP('Key (23)',#11649);
#66=MANIFOLD_SOLID_BREP('Key (24)',#11650);
#67=FACE_BOUND('',#1326,.T.);
#68=FACE_BOUND('',#1330,.T.);
#69=FACE_BOUND('',#1331,.T.);
#70=FACE_BOUND('',#1337,.T.);
#71=FACE_BOUND('',#1359,.T.);
#72=FACE_BOUND('',#1364,.T.);
#73=FACE_BOUND('',#1366,.T.);
#74=FACE_BOUND('',#1394,.T.);
#75=FACE_BOUND('',#1396,.T.);
#76=FACE_BOUND('',#1401,.T.);
#77=FACE_BOUND('',#1409,.T.);
#78=FACE_BOUND('',#1415,.T.);
#79=FACE_BOUND('',#1419,.T.);
#80=FACE_BOUND('',#1445,.T.);
#81=FACE_BOUND('',#1447,.T.);
#82=FACE_BOUND('',#1452,.T.);
#83=FACE_BOUND('',#1460,.T.);
#84=FACE_BOUND('',#1466,.T.);
#85=FACE_BOUND('',#1469,.T.);
#86=FACE_BOUND('',#1496,.T.);
#87=FACE_BOUND('',#1498,.T.);
#88=FACE_BOUND('',#1503,.T.);
#89=FACE_BOUND('',#1511,.T.);
#90=FACE_BOUND('',#1516,.T.);
#91=FACE_BOUND('',#1518,.T.);
#92=FACE_BOUND('',#1550,.T.);
#93=FACE_BOUND('',#1552,.T.);
#94=FACE_BOUND('',#1557,.T.);
#95=FACE_BOUND('',#1565,.T.);
#96=FACE_BOUND('',#1571,.T.);
#97=FACE_BOUND('',#1574,.T.);
#98=FACE_BOUND('',#1603,.T.);
#99=FACE_BOUND('',#1605,.T.);
#100=FACE_BOUND('',#1610,.T.);
#101=FACE_BOUND('',#1618,.T.);
#102=FACE_BOUND('',#1623,.T.);
#103=FACE_BOUND('',#1625,.T.);
#104=FACE_BOUND('',#1644,.T.);
#105=FACE_BOUND('',#1675,.T.);
#106=FACE_BOUND('',#1681,.T.);
#107=FACE_BOUND('',#1684,.T.);
#108=FACE_BOUND('',#1711,.T.);
#109=FACE_BOUND('',#1713,.T.);
#110=FACE_BOUND('',#1718,.T.);
#111=FACE_BOUND('',#1726,.T.);
#112=FACE_BOUND('',#1731,.T.);
#113=FACE_BOUND('',#1733,.T.);
#114=FACE_BOUND('',#1766,.T.);
#115=FACE_BOUND('',#1774,.T.);
#116=FACE_BOUND('',#1782,.T.);
#117=FACE_BOUND('',#1787,.T.);
#118=FACE_BOUND('',#1789,.T.);
#119=FACE_BOUND('',#1816,.T.);
#120=FACE_BOUND('',#1820,.T.);
#121=FACE_BOUND('',#1825,.T.);
#122=FACE_BOUND('',#1833,.T.);
#123=FACE_BOUND('',#1838,.T.);
#124=FACE_BOUND('',#1840,.T.);
#125=FACE_BOUND('',#1874,.T.);
#126=FACE_BOUND('',#1876,.T.);
#127=FACE_BOUND('',#1881,.T.);
#128=FACE_BOUND('',#1889,.T.);
#129=FACE_BOUND('',#1895,.T.);
#130=FACE_BOUND('',#1898,.T.);
#131=FACE_BOUND('',#1924,.T.);
#132=FACE_BOUND('',#1927,.T.);
#133=FACE_BOUND('',#1932,.T.);
#134=FACE_BOUND('',#1940,.T.);
#135=FACE_BOUND('',#1981,.T.);
#136=FACE_BOUND('',#1989,.T.);
#137=FACE_BOUND('',#1994,.T.);
#138=PLANE('',#11656);
#139=PLANE('',#11658);
#140=PLANE('',#11659);
#141=PLANE('',#11660);
#142=PLANE('',#11664);
#143=PLANE('',#11665);
#144=PLANE('',#11667);
#145=PLANE('',#11668);
#146=PLANE('',#11669);
#147=PLANE('',#11670);
#148=PLANE('',#11671);
#149=PLANE('',#11672);
#150=PLANE('',#11673);
#151=PLANE('',#11679);
#152=PLANE('',#11680);
#153=PLANE('',#11681);
#154=PLANE('',#11682);
#155=PLANE('',#11683);
#156=PLANE('',#11684);
#157=PLANE('',#11685);
#158=PLANE('',#11686);
#159=PLANE('',#11687);
#160=PLANE('',#11688);
#161=PLANE('',#11689);
#162=PLANE('',#11690);
#163=PLANE('',#11691);
#164=PLANE('',#11692);
#165=PLANE('',#11693);
#166=PLANE('',#11694);
#167=PLANE('',#11695);
#168=PLANE('',#11696);
#169=PLANE('',#11697);
#170=PLANE('',#11698);
#171=PLANE('',#11699);
#172=PLANE('',#11703);
#173=PLANE('',#11704);
#174=PLANE('',#11705);
#175=PLANE('',#11706);
#176=PLANE('',#11707);
#177=PLANE('',#11708);
#178=PLANE('',#11712);
#179=PLANE('',#11713);
#180=PLANE('',#11714);
#181=PLANE('',#11715);
#182=PLANE('',#11716);
#183=PLANE('',#11717);
#184=PLANE('',#11718);
#185=PLANE('',#11719);
#186=PLANE('',#11720);
#187=PLANE('',#11721);
#188=PLANE('',#11722);
#189=PLANE('',#11723);
#190=PLANE('',#11724);
#191=PLANE('',#11725);
#192=PLANE('',#11729);
#193=PLANE('',#11730);
#194=PLANE('',#11731);
#195=PLANE('',#11732);
#196=PLANE('',#11733);
#197=PLANE('',#11734);
#198=PLANE('',#11735);
#199=PLANE('',#11736);
#200=PLANE('',#11737);
#201=PLANE('',#11738);
#202=PLANE('',#11739);
#203=PLANE('',#11740);
#204=PLANE('',#11741);
#205=PLANE('',#11742);
#206=PLANE('',#11744);
#207=PLANE('',#11747);
#208=PLANE('',#11748);
#209=PLANE('',#11749);
#210=PLANE('',#11750);
#211=PLANE('',#11751);
#212=PLANE('',#11755);
#213=PLANE('',#11756);
#214=PLANE('',#11757);
#215=PLANE('',#11758);
#216=PLANE('',#11759);
#217=PLANE('',#11760);
#218=PLANE('',#11764);
#219=PLANE('',#11765);
#220=PLANE('',#11766);
#221=PLANE('',#11767);
#222=PLANE('',#11768);
#223=PLANE('',#11769);
#224=PLANE('',#11770);
#225=PLANE('',#11771);
#226=PLANE('',#11772);
#227=PLANE('',#11773);
#228=PLANE('',#11774);
#229=PLANE('',#11775);
#230=PLANE('',#11776);
#231=PLANE('',#11777);
#232=PLANE('',#11781);
#233=PLANE('',#11782);
#234=PLANE('',#11783);
#235=PLANE('',#11784);
#236=PLANE('',#11785);
#237=PLANE('',#11786);
#238=PLANE('',#11787);
#239=PLANE('',#11788);
#240=PLANE('',#11789);
#241=PLANE('',#11790);
#242=PLANE('',#11791);
#243=PLANE('',#11792);
#244=PLANE('',#11793);
#245=PLANE('',#11794);
#246=PLANE('',#11795);
#247=PLANE('',#11797);
#248=PLANE('',#11800);
#249=PLANE('',#11801);
#250=PLANE('',#11802);
#251=PLANE('',#11803);
#252=PLANE('',#11804);
#253=PLANE('',#11808);
#254=PLANE('',#11809);
#255=PLANE('',#11810);
#256=PLANE('',#11811);
#257=PLANE('',#11812);
#258=PLANE('',#11813);
#259=PLANE('',#11817);
#260=PLANE('',#11818);
#261=PLANE('',#11819);
#262=PLANE('',#11820);
#263=PLANE('',#11821);
#264=PLANE('',#11822);
#265=PLANE('',#11823);
#266=PLANE('',#11824);
#267=PLANE('',#11825);
#268=PLANE('',#11826);
#269=PLANE('',#11827);
#270=PLANE('',#11828);
#271=PLANE('',#11829);
#272=PLANE('',#11830);
#273=PLANE('',#11834);
#274=PLANE('',#11835);
#275=PLANE('',#11836);
#276=PLANE('',#11837);
#277=PLANE('',#11838);
#278=PLANE('',#11839);
#279=PLANE('',#11840);
#280=PLANE('',#11841);
#281=PLANE('',#11842);
#282=PLANE('',#11843);
#283=PLANE('',#11844);
#284=PLANE('',#11845);
#285=PLANE('',#11846);
#286=PLANE('',#11847);
#287=PLANE('',#11848);
#288=PLANE('',#11850);
#289=PLANE('',#11853);
#290=PLANE('',#11854);
#291=PLANE('',#11855);
#292=PLANE('',#11856);
#293=PLANE('',#11857);
#294=PLANE('',#11861);
#295=PLANE('',#11862);
#296=PLANE('',#11863);
#297=PLANE('',#11864);
#298=PLANE('',#11865);
#299=PLANE('',#11866);
#300=PLANE('',#11870);
#301=PLANE('',#11871);
#302=PLANE('',#11872);
#303=PLANE('',#11873);
#304=PLANE('',#11874);
#305=PLANE('',#11875);
#306=PLANE('',#11876);
#307=PLANE('',#11877);
#308=PLANE('',#11878);
#309=PLANE('',#11879);
#310=PLANE('',#11880);
#311=PLANE('',#11881);
#312=PLANE('',#11882);
#313=PLANE('',#11883);
#314=PLANE('',#11884);
#315=PLANE('',#11885);
#316=PLANE('',#11886);
#317=PLANE('',#11890);
#318=PLANE('',#11891);
#319=PLANE('',#11892);
#320=PLANE('',#11893);
#321=PLANE('',#11894);
#322=PLANE('',#11895);
#323=PLANE('',#11896);
#324=PLANE('',#11897);
#325=PLANE('',#11898);
#326=PLANE('',#11899);
#327=PLANE('',#11900);
#328=PLANE('',#11901);
#329=PLANE('',#11902);
#330=PLANE('',#11903);
#331=PLANE('',#11904);
#332=PLANE('',#11906);
#333=PLANE('',#11909);
#334=PLANE('',#11910);
#335=PLANE('',#11911);
#336=PLANE('',#11912);
#337=PLANE('',#11913);
#338=PLANE('',#11917);
#339=PLANE('',#11918);
#340=PLANE('',#11919);
#341=PLANE('',#11920);
#342=PLANE('',#11921);
#343=PLANE('',#11922);
#344=PLANE('',#11926);
#345=PLANE('',#11927);
#346=PLANE('',#11928);
#347=PLANE('',#11929);
#348=PLANE('',#11930);
#349=PLANE('',#11931);
#350=PLANE('',#11932);
#351=PLANE('',#11933);
#352=PLANE('',#11934);
#353=PLANE('',#11935);
#354=PLANE('',#11936);
#355=PLANE('',#11937);
#356=PLANE('',#11938);
#357=PLANE('',#11939);
#358=PLANE('',#11943);
#359=PLANE('',#11944);
#360=PLANE('',#11945);
#361=PLANE('',#11946);
#362=PLANE('',#11947);
#363=PLANE('',#11948);
#364=PLANE('',#11949);
#365=PLANE('',#11950);
#366=PLANE('',#11951);
#367=PLANE('',#11952);
#368=PLANE('',#11953);
#369=PLANE('',#11954);
#370=PLANE('',#11955);
#371=PLANE('',#11956);
#372=PLANE('',#11957);
#373=PLANE('',#11958);
#374=PLANE('',#11959);
#375=PLANE('',#11961);
#376=PLANE('',#11964);
#377=PLANE('',#11965);
#378=PLANE('',#11966);
#379=PLANE('',#11967);
#380=PLANE('',#11968);
#381=PLANE('',#11972);
#382=PLANE('',#11973);
#383=PLANE('',#11974);
#384=PLANE('',#11975);
#385=PLANE('',#11976);
#386=PLANE('',#11977);
#387=PLANE('',#11981);
#388=PLANE('',#11982);
#389=PLANE('',#11983);
#390=PLANE('',#11984);
#391=PLANE('',#11985);
#392=PLANE('',#11986);
#393=PLANE('',#11987);
#394=PLANE('',#11988);
#395=PLANE('',#11989);
#396=PLANE('',#11990);
#397=PLANE('',#11991);
#398=PLANE('',#11992);
#399=PLANE('',#11993);
#400=PLANE('',#11994);
#401=PLANE('',#11998);
#402=PLANE('',#12002);
#403=PLANE('',#12003);
#404=PLANE('',#12004);
#405=PLANE('',#12005);
#406=PLANE('',#12006);
#407=PLANE('',#12007);
#408=PLANE('',#12008);
#409=PLANE('',#12009);
#410=PLANE('',#12010);
#411=PLANE('',#12014);
#412=PLANE('',#12015);
#413=PLANE('',#12016);
#414=PLANE('',#12017);
#415=PLANE('',#12018);
#416=PLANE('',#12019);
#417=PLANE('',#12020);
#418=PLANE('',#12021);
#419=PLANE('',#12022);
#420=PLANE('',#12023);
#421=PLANE('',#12024);
#422=PLANE('',#12025);
#423=PLANE('',#12026);
#424=PLANE('',#12027);
#425=PLANE('',#12028);
#426=PLANE('',#12029);
#427=PLANE('',#12030);
#428=PLANE('',#12031);
#429=PLANE('',#12035);
#430=PLANE('',#12036);
#431=PLANE('',#12037);
#432=PLANE('',#12038);
#433=PLANE('',#12039);
#434=PLANE('',#12040);
#435=PLANE('',#12044);
#436=PLANE('',#12045);
#437=PLANE('',#12046);
#438=PLANE('',#12047);
#439=PLANE('',#12048);
#440=PLANE('',#12049);
#441=PLANE('',#12050);
#442=PLANE('',#12051);
#443=PLANE('',#12052);
#444=PLANE('',#12053);
#445=PLANE('',#12054);
#446=PLANE('',#12055);
#447=PLANE('',#12056);
#448=PLANE('',#12057);
#449=PLANE('',#12061);
#450=PLANE('',#12062);
#451=PLANE('',#12063);
#452=PLANE('',#12064);
#453=PLANE('',#12065);
#454=PLANE('',#12066);
#455=PLANE('',#12067);
#456=PLANE('',#12068);
#457=PLANE('',#12069);
#458=PLANE('',#12070);
#459=PLANE('',#12071);
#460=PLANE('',#12072);
#461=PLANE('',#12073);
#462=PLANE('',#12074);
#463=PLANE('',#12075);
#464=PLANE('',#12077);
#465=PLANE('',#12080);
#466=PLANE('',#12081);
#467=PLANE('',#12082);
#468=PLANE('',#12083);
#469=PLANE('',#12084);
#470=PLANE('',#12088);
#471=PLANE('',#12089);
#472=PLANE('',#12090);
#473=PLANE('',#12091);
#474=PLANE('',#12092);
#475=PLANE('',#12093);
#476=PLANE('',#12097);
#477=PLANE('',#12098);
#478=PLANE('',#12099);
#479=PLANE('',#12100);
#480=PLANE('',#12101);
#481=PLANE('',#12102);
#482=PLANE('',#12103);
#483=PLANE('',#12104);
#484=PLANE('',#12105);
#485=PLANE('',#12106);
#486=PLANE('',#12107);
#487=PLANE('',#12108);
#488=PLANE('',#12109);
#489=PLANE('',#12110);
#490=PLANE('',#12111);
#491=PLANE('',#12112);
#492=PLANE('',#12113);
#493=PLANE('',#12117);
#494=PLANE('',#12118);
#495=PLANE('',#12119);
#496=PLANE('',#12120);
#497=PLANE('',#12121);
#498=PLANE('',#12122);
#499=PLANE('',#12123);
#500=PLANE('',#12124);
#501=PLANE('',#12125);
#502=PLANE('',#12126);
#503=PLANE('',#12127);
#504=PLANE('',#12128);
#505=PLANE('',#12129);
#506=PLANE('',#12130);
#507=PLANE('',#12131);
#508=PLANE('',#12134);
#509=PLANE('',#12136);
#510=PLANE('',#12138);
#511=PLANE('',#12139);
#512=PLANE('',#12141);
#513=PLANE('',#12142);
#514=PLANE('',#12143);
#515=PLANE('',#12144);
#516=PLANE('',#12145);
#517=PLANE('',#12149);
#518=PLANE('',#12150);
#519=PLANE('',#12151);
#520=PLANE('',#12152);
#521=PLANE('',#12153);
#522=PLANE('',#12154);
#523=PLANE('',#12158);
#524=PLANE('',#12159);
#525=PLANE('',#12160);
#526=PLANE('',#12161);
#527=PLANE('',#12162);
#528=PLANE('',#12163);
#529=PLANE('',#12164);
#530=PLANE('',#12165);
#531=PLANE('',#12166);
#532=PLANE('',#12167);
#533=PLANE('',#12168);
#534=PLANE('',#12169);
#535=PLANE('',#12170);
#536=PLANE('',#12171);
#537=PLANE('',#12175);
#538=PLANE('',#12176);
#539=PLANE('',#12177);
#540=PLANE('',#12178);
#541=PLANE('',#12179);
#542=PLANE('',#12180);
#543=PLANE('',#12181);
#544=PLANE('',#12182);
#545=PLANE('',#12183);
#546=PLANE('',#12184);
#547=PLANE('',#12185);
#548=PLANE('',#12186);
#549=PLANE('',#12187);
#550=PLANE('',#12189);
#551=PLANE('',#12190);
#552=PLANE('',#12191);
#553=PLANE('',#12194);
#554=PLANE('',#12195);
#555=PLANE('',#12196);
#556=PLANE('',#12197);
#557=PLANE('',#12198);
#558=PLANE('',#12202);
#559=PLANE('',#12203);
#560=PLANE('',#12204);
#561=PLANE('',#12205);
#562=PLANE('',#12206);
#563=PLANE('',#12207);
#564=PLANE('',#12211);
#565=PLANE('',#12212);
#566=PLANE('',#12213);
#567=PLANE('',#12214);
#568=PLANE('',#12215);
#569=PLANE('',#12216);
#570=PLANE('',#12217);
#571=PLANE('',#12218);
#572=PLANE('',#12219);
#573=PLANE('',#12220);
#574=PLANE('',#12221);
#575=PLANE('',#12222);
#576=PLANE('',#12223);
#577=PLANE('',#12224);
#578=PLANE('',#12225);
#579=PLANE('',#12226);
#580=PLANE('',#12227);
#581=PLANE('',#12231);
#582=PLANE('',#12232);
#583=PLANE('',#12233);
#584=PLANE('',#12234);
#585=PLANE('',#12235);
#586=PLANE('',#12236);
#587=PLANE('',#12237);
#588=PLANE('',#12238);
#589=PLANE('',#12239);
#590=PLANE('',#12240);
#591=PLANE('',#12241);
#592=PLANE('',#12242);
#593=PLANE('',#12243);
#594=PLANE('',#12244);
#595=PLANE('',#12245);
#596=PLANE('',#12246);
#597=PLANE('',#12247);
#598=PLANE('',#12249);
#599=PLANE('',#12252);
#600=PLANE('',#12253);
#601=PLANE('',#12254);
#602=PLANE('',#12255);
#603=PLANE('',#12256);
#604=PLANE('',#12260);
#605=PLANE('',#12261);
#606=PLANE('',#12262);
#607=PLANE('',#12263);
#608=PLANE('',#12264);
#609=PLANE('',#12265);
#610=PLANE('',#12269);
#611=PLANE('',#12270);
#612=PLANE('',#12271);
#613=PLANE('',#12272);
#614=PLANE('',#12273);
#615=PLANE('',#12274);
#616=PLANE('',#12275);
#617=PLANE('',#12276);
#618=PLANE('',#12277);
#619=PLANE('',#12278);
#620=PLANE('',#12279);
#621=PLANE('',#12280);
#622=PLANE('',#12281);
#623=PLANE('',#12282);
#624=PLANE('',#12286);
#625=PLANE('',#12287);
#626=PLANE('',#12288);
#627=PLANE('',#12289);
#628=PLANE('',#12290);
#629=PLANE('',#12291);
#630=PLANE('',#12292);
#631=PLANE('',#12293);
#632=PLANE('',#12294);
#633=PLANE('',#12295);
#634=PLANE('',#12296);
#635=PLANE('',#12297);
#636=PLANE('',#12298);
#637=PLANE('',#12299);
#638=PLANE('',#12301);
#639=PLANE('',#12302);
#640=PLANE('',#12305);
#641=PLANE('',#12306);
#642=PLANE('',#12307);
#643=PLANE('',#12308);
#644=PLANE('',#12309);
#645=PLANE('',#12313);
#646=PLANE('',#12314);
#647=PLANE('',#12316);
#648=PLANE('',#12318);
#649=PLANE('',#12319);
#650=PLANE('',#12320);
#651=PLANE('',#12321);
#652=PLANE('',#12322);
#653=PLANE('',#12323);
#654=PLANE('',#12324);
#655=PLANE('',#12326);
#656=PLANE('',#12327);
#657=PLANE('',#12328);
#658=PLANE('',#12329);
#659=PLANE('',#12330);
#660=PLANE('',#12331);
#661=PLANE('',#12332);
#662=PLANE('',#12333);
#663=PLANE('',#12334);
#664=PLANE('',#12335);
#665=PLANE('',#12337);
#666=PLANE('',#12338);
#667=PLANE('',#12339);
#668=PLANE('',#12340);
#669=PLANE('',#12342);
#670=PLANE('',#12343);
#671=PLANE('',#12344);
#672=PLANE('',#12345);
#673=PLANE('',#12346);
#674=PLANE('',#12347);
#675=PLANE('',#12348);
#676=PLANE('',#12349);
#677=PLANE('',#12354);
#678=PLANE('',#12355);
#679=PLANE('',#12356);
#680=PLANE('',#12357);
#681=PLANE('',#12358);
#682=PLANE('',#12359);
#683=PLANE('',#12360);
#684=PLANE('',#12361);
#685=PLANE('',#12362);
#686=PLANE('',#12364);
#687=PLANE('',#12365);
#688=PLANE('',#12366);
#689=PLANE('',#12367);
#690=PLANE('',#12368);
#691=PLANE('',#12369);
#692=PLANE('',#12370);
#693=PLANE('',#12373);
#694=PLANE('',#12374);
#695=PLANE('',#12375);
#696=PLANE('',#12376);
#697=PLANE('',#12377);
#698=FACE_OUTER_BOUND('',#1312,.T.);
#699=FACE_OUTER_BOUND('',#1313,.T.);
#700=FACE_OUTER_BOUND('',#1314,.T.);
#701=FACE_OUTER_BOUND('',#1315,.T.);
#702=FACE_OUTER_BOUND('',#1316,.T.);
#703=FACE_OUTER_BOUND('',#1317,.T.);
#704=FACE_OUTER_BOUND('',#1318,.T.);
#705=FACE_OUTER_BOUND('',#1319,.T.);
#706=FACE_OUTER_BOUND('',#1320,.T.);
#707=FACE_OUTER_BOUND('',#1321,.T.);
#708=FACE_OUTER_BOUND('',#1322,.T.);
#709=FACE_OUTER_BOUND('',#1323,.T.);
#710=FACE_OUTER_BOUND('',#1324,.T.);
#711=FACE_OUTER_BOUND('',#1325,.T.);
#712=FACE_OUTER_BOUND('',#1327,.T.);
#713=FACE_OUTER_BOUND('',#1328,.T.);
#714=FACE_OUTER_BOUND('',#1329,.T.);
#715=FACE_OUTER_BOUND('',#1332,.T.);
#716=FACE_OUTER_BOUND('',#1333,.T.);
#717=FACE_OUTER_BOUND('',#1334,.T.);
#718=FACE_OUTER_BOUND('',#1335,.T.);
#719=FACE_OUTER_BOUND('',#1336,.T.);
#720=FACE_OUTER_BOUND('',#1338,.T.);
#721=FACE_OUTER_BOUND('',#1339,.T.);
#722=FACE_OUTER_BOUND('',#1340,.T.);
#723=FACE_OUTER_BOUND('',#1341,.T.);
#724=FACE_OUTER_BOUND('',#1342,.T.);
#725=FACE_OUTER_BOUND('',#1343,.T.);
#726=FACE_OUTER_BOUND('',#1344,.T.);
#727=FACE_OUTER_BOUND('',#1345,.T.);
#728=FACE_OUTER_BOUND('',#1346,.T.);
#729=FACE_OUTER_BOUND('',#1347,.T.);
#730=FACE_OUTER_BOUND('',#1348,.T.);
#731=FACE_OUTER_BOUND('',#1349,.T.);
#732=FACE_OUTER_BOUND('',#1350,.T.);
#733=FACE_OUTER_BOUND('',#1351,.T.);
#734=FACE_OUTER_BOUND('',#1352,.T.);
#735=FACE_OUTER_BOUND('',#1353,.T.);
#736=FACE_OUTER_BOUND('',#1354,.T.);
#737=FACE_OUTER_BOUND('',#1355,.T.);
#738=FACE_OUTER_BOUND('',#1356,.T.);
#739=FACE_OUTER_BOUND('',#1357,.T.);
#740=FACE_OUTER_BOUND('',#1358,.T.);
#741=FACE_OUTER_BOUND('',#1360,.T.);
#742=FACE_OUTER_BOUND('',#1361,.T.);
#743=FACE_OUTER_BOUND('',#1362,.T.);
#744=FACE_OUTER_BOUND('',#1363,.T.);
#745=FACE_OUTER_BOUND('',#1365,.T.);
#746=FACE_OUTER_BOUND('',#1367,.T.);
#747=FACE_OUTER_BOUND('',#1368,.T.);
#748=FACE_OUTER_BOUND('',#1369,.T.);
#749=FACE_OUTER_BOUND('',#1370,.T.);
#750=FACE_OUTER_BOUND('',#1371,.T.);
#751=FACE_OUTER_BOUND('',#1372,.T.);
#752=FACE_OUTER_BOUND('',#1373,.T.);
#753=FACE_OUTER_BOUND('',#1374,.T.);
#754=FACE_OUTER_BOUND('',#1375,.T.);
#755=FACE_OUTER_BOUND('',#1376,.T.);
#756=FACE_OUTER_BOUND('',#1377,.T.);
#757=FACE_OUTER_BOUND('',#1378,.T.);
#758=FACE_OUTER_BOUND('',#1379,.T.);
#759=FACE_OUTER_BOUND('',#1380,.T.);
#760=FACE_OUTER_BOUND('',#1381,.T.);
#761=FACE_OUTER_BOUND('',#1382,.T.);
#762=FACE_OUTER_BOUND('',#1383,.T.);
#763=FACE_OUTER_BOUND('',#1384,.T.);
#764=FACE_OUTER_BOUND('',#1385,.T.);
#765=FACE_OUTER_BOUND('',#1386,.T.);
#766=FACE_OUTER_BOUND('',#1387,.T.);
#767=FACE_OUTER_BOUND('',#1388,.T.);
#768=FACE_OUTER_BOUND('',#1389,.T.);
#769=FACE_OUTER_BOUND('',#1390,.T.);
#770=FACE_OUTER_BOUND('',#1391,.T.);
#771=FACE_OUTER_BOUND('',#1392,.T.);
#772=FACE_OUTER_BOUND('',#1393,.T.);
#773=FACE_OUTER_BOUND('',#1395,.T.);
#774=FACE_OUTER_BOUND('',#1397,.T.);
#775=FACE_OUTER_BOUND('',#1398,.T.);
#776=FACE_OUTER_BOUND('',#1399,.T.);
#777=FACE_OUTER_BOUND('',#1400,.T.);
#778=FACE_OUTER_BOUND('',#1402,.T.);
#779=FACE_OUTER_BOUND('',#1403,.T.);
#780=FACE_OUTER_BOUND('',#1404,.T.);
#781=FACE_OUTER_BOUND('',#1405,.T.);
#782=FACE_OUTER_BOUND('',#1406,.T.);
#783=FACE_OUTER_BOUND('',#1407,.T.);
#784=FACE_OUTER_BOUND('',#1408,.T.);
#785=FACE_OUTER_BOUND('',#1410,.T.);
#786=FACE_OUTER_BOUND('',#1411,.T.);
#787=FACE_OUTER_BOUND('',#1412,.T.);
#788=FACE_OUTER_BOUND('',#1413,.T.);
#789=FACE_OUTER_BOUND('',#1414,.T.);
#790=FACE_OUTER_BOUND('',#1416,.T.);
#791=FACE_OUTER_BOUND('',#1417,.T.);
#792=FACE_OUTER_BOUND('',#1418,.T.);
#793=FACE_OUTER_BOUND('',#1420,.T.);
#794=FACE_OUTER_BOUND('',#1421,.T.);
#795=FACE_OUTER_BOUND('',#1422,.T.);
#796=FACE_OUTER_BOUND('',#1423,.T.);
#797=FACE_OUTER_BOUND('',#1424,.T.);
#798=FACE_OUTER_BOUND('',#1425,.T.);
#799=FACE_OUTER_BOUND('',#1426,.T.);
#800=FACE_OUTER_BOUND('',#1427,.T.);
#801=FACE_OUTER_BOUND('',#1428,.T.);
#802=FACE_OUTER_BOUND('',#1429,.T.);
#803=FACE_OUTER_BOUND('',#1430,.T.);
#804=FACE_OUTER_BOUND('',#1431,.T.);
#805=FACE_OUTER_BOUND('',#1432,.T.);
#806=FACE_OUTER_BOUND('',#1433,.T.);
#807=FACE_OUTER_BOUND('',#1434,.T.);
#808=FACE_OUTER_BOUND('',#1435,.T.);
#809=FACE_OUTER_BOUND('',#1436,.T.);
#810=FACE_OUTER_BOUND('',#1437,.T.);
#811=FACE_OUTER_BOUND('',#1438,.T.);
#812=FACE_OUTER_BOUND('',#1439,.T.);
#813=FACE_OUTER_BOUND('',#1440,.T.);
#814=FACE_OUTER_BOUND('',#1441,.T.);
#815=FACE_OUTER_BOUND('',#1442,.T.);
#816=FACE_OUTER_BOUND('',#1443,.T.);
#817=FACE_OUTER_BOUND('',#1444,.T.);
#818=FACE_OUTER_BOUND('',#1446,.T.);
#819=FACE_OUTER_BOUND('',#1448,.T.);
#820=FACE_OUTER_BOUND('',#1449,.T.);
#821=FACE_OUTER_BOUND('',#1450,.T.);
#822=FACE_OUTER_BOUND('',#1451,.T.);
#823=FACE_OUTER_BOUND('',#1453,.T.);
#824=FACE_OUTER_BOUND('',#1454,.T.);
#825=FACE_OUTER_BOUND('',#1455,.T.);
#826=FACE_OUTER_BOUND('',#1456,.T.);
#827=FACE_OUTER_BOUND('',#1457,.T.);
#828=FACE_OUTER_BOUND('',#1458,.T.);
#829=FACE_OUTER_BOUND('',#1459,.T.);
#830=FACE_OUTER_BOUND('',#1461,.T.);
#831=FACE_OUTER_BOUND('',#1462,.T.);
#832=FACE_OUTER_BOUND('',#1463,.T.);
#833=FACE_OUTER_BOUND('',#1464,.T.);
#834=FACE_OUTER_BOUND('',#1465,.T.);
#835=FACE_OUTER_BOUND('',#1467,.T.);
#836=FACE_OUTER_BOUND('',#1468,.T.);
#837=FACE_OUTER_BOUND('',#1470,.T.);
#838=FACE_OUTER_BOUND('',#1471,.T.);
#839=FACE_OUTER_BOUND('',#1472,.T.);
#840=FACE_OUTER_BOUND('',#1473,.T.);
#841=FACE_OUTER_BOUND('',#1474,.T.);
#842=FACE_OUTER_BOUND('',#1475,.T.);
#843=FACE_OUTER_BOUND('',#1476,.T.);
#844=FACE_OUTER_BOUND('',#1477,.T.);
#845=FACE_OUTER_BOUND('',#1478,.T.);
#846=FACE_OUTER_BOUND('',#1479,.T.);
#847=FACE_OUTER_BOUND('',#1480,.T.);
#848=FACE_OUTER_BOUND('',#1481,.T.);
#849=FACE_OUTER_BOUND('',#1482,.T.);
#850=FACE_OUTER_BOUND('',#1483,.T.);
#851=FACE_OUTER_BOUND('',#1484,.T.);
#852=FACE_OUTER_BOUND('',#1485,.T.);
#853=FACE_OUTER_BOUND('',#1486,.T.);
#854=FACE_OUTER_BOUND('',#1487,.T.);
#855=FACE_OUTER_BOUND('',#1488,.T.);
#856=FACE_OUTER_BOUND('',#1489,.T.);
#857=FACE_OUTER_BOUND('',#1490,.T.);
#858=FACE_OUTER_BOUND('',#1491,.T.);
#859=FACE_OUTER_BOUND('',#1492,.T.);
#860=FACE_OUTER_BOUND('',#1493,.T.);
#861=FACE_OUTER_BOUND('',#1494,.T.);
#862=FACE_OUTER_BOUND('',#1495,.T.);
#863=FACE_OUTER_BOUND('',#1497,.T.);
#864=FACE_OUTER_BOUND('',#1499,.T.);
#865=FACE_OUTER_BOUND('',#1500,.T.);
#866=FACE_OUTER_BOUND('',#1501,.T.);
#867=FACE_OUTER_BOUND('',#1502,.T.);
#868=FACE_OUTER_BOUND('',#1504,.T.);
#869=FACE_OUTER_BOUND('',#1505,.T.);
#870=FACE_OUTER_BOUND('',#1506,.T.);
#871=FACE_OUTER_BOUND('',#1507,.T.);
#872=FACE_OUTER_BOUND('',#1508,.T.);
#873=FACE_OUTER_BOUND('',#1509,.T.);
#874=FACE_OUTER_BOUND('',#1510,.T.);
#875=FACE_OUTER_BOUND('',#1512,.T.);
#876=FACE_OUTER_BOUND('',#1513,.T.);
#877=FACE_OUTER_BOUND('',#1514,.T.);
#878=FACE_OUTER_BOUND('',#1515,.T.);
#879=FACE_OUTER_BOUND('',#1517,.T.);
#880=FACE_OUTER_BOUND('',#1519,.T.);
#881=FACE_OUTER_BOUND('',#1520,.T.);
#882=FACE_OUTER_BOUND('',#1521,.T.);
#883=FACE_OUTER_BOUND('',#1522,.T.);
#884=FACE_OUTER_BOUND('',#1523,.T.);
#885=FACE_OUTER_BOUND('',#1524,.T.);
#886=FACE_OUTER_BOUND('',#1525,.T.);
#887=FACE_OUTER_BOUND('',#1526,.T.);
#888=FACE_OUTER_BOUND('',#1527,.T.);
#889=FACE_OUTER_BOUND('',#1528,.T.);
#890=FACE_OUTER_BOUND('',#1529,.T.);
#891=FACE_OUTER_BOUND('',#1530,.T.);
#892=FACE_OUTER_BOUND('',#1531,.T.);
#893=FACE_OUTER_BOUND('',#1532,.T.);
#894=FACE_OUTER_BOUND('',#1533,.T.);
#895=FACE_OUTER_BOUND('',#1534,.T.);
#896=FACE_OUTER_BOUND('',#1535,.T.);
#897=FACE_OUTER_BOUND('',#1536,.T.);
#898=FACE_OUTER_BOUND('',#1537,.T.);
#899=FACE_OUTER_BOUND('',#1538,.T.);
#900=FACE_OUTER_BOUND('',#1539,.T.);
#901=FACE_OUTER_BOUND('',#1540,.T.);
#902=FACE_OUTER_BOUND('',#1541,.T.);
#903=FACE_OUTER_BOUND('',#1542,.T.);
#904=FACE_OUTER_BOUND('',#1543,.T.);
#905=FACE_OUTER_BOUND('',#1544,.T.);
#906=FACE_OUTER_BOUND('',#1545,.T.);
#907=FACE_OUTER_BOUND('',#1546,.T.);
#908=FACE_OUTER_BOUND('',#1547,.T.);
#909=FACE_OUTER_BOUND('',#1548,.T.);
#910=FACE_OUTER_BOUND('',#1549,.T.);
#911=FACE_OUTER_BOUND('',#1551,.T.);
#912=FACE_OUTER_BOUND('',#1553,.T.);
#913=FACE_OUTER_BOUND('',#1554,.T.);
#914=FACE_OUTER_BOUND('',#1555,.T.);
#915=FACE_OUTER_BOUND('',#1556,.T.);
#916=FACE_OUTER_BOUND('',#1558,.T.);
#917=FACE_OUTER_BOUND('',#1559,.T.);
#918=FACE_OUTER_BOUND('',#1560,.T.);
#919=FACE_OUTER_BOUND('',#1561,.T.);
#920=FACE_OUTER_BOUND('',#1562,.T.);
#921=FACE_OUTER_BOUND('',#1563,.T.);
#922=FACE_OUTER_BOUND('',#1564,.T.);
#923=FACE_OUTER_BOUND('',#1566,.T.);
#924=FACE_OUTER_BOUND('',#1567,.T.);
#925=FACE_OUTER_BOUND('',#1568,.T.);
#926=FACE_OUTER_BOUND('',#1569,.T.);
#927=FACE_OUTER_BOUND('',#1570,.T.);
#928=FACE_OUTER_BOUND('',#1572,.T.);
#929=FACE_OUTER_BOUND('',#1573,.T.);
#930=FACE_OUTER_BOUND('',#1575,.T.);
#931=FACE_OUTER_BOUND('',#1576,.T.);
#932=FACE_OUTER_BOUND('',#1577,.T.);
#933=FACE_OUTER_BOUND('',#1578,.T.);
#934=FACE_OUTER_BOUND('',#1579,.T.);
#935=FACE_OUTER_BOUND('',#1580,.T.);
#936=FACE_OUTER_BOUND('',#1581,.T.);
#937=FACE_OUTER_BOUND('',#1582,.T.);
#938=FACE_OUTER_BOUND('',#1583,.T.);
#939=FACE_OUTER_BOUND('',#1584,.T.);
#940=FACE_OUTER_BOUND('',#1585,.T.);
#941=FACE_OUTER_BOUND('',#1586,.T.);
#942=FACE_OUTER_BOUND('',#1587,.T.);
#943=FACE_OUTER_BOUND('',#1588,.T.);
#944=FACE_OUTER_BOUND('',#1589,.T.);
#945=FACE_OUTER_BOUND('',#1590,.T.);
#946=FACE_OUTER_BOUND('',#1591,.T.);
#947=FACE_OUTER_BOUND('',#1592,.T.);
#948=FACE_OUTER_BOUND('',#1593,.T.);
#949=FACE_OUTER_BOUND('',#1594,.T.);
#950=FACE_OUTER_BOUND('',#1595,.T.);
#951=FACE_OUTER_BOUND('',#1596,.T.);
#952=FACE_OUTER_BOUND('',#1597,.T.);
#953=FACE_OUTER_BOUND('',#1598,.T.);
#954=FACE_OUTER_BOUND('',#1599,.T.);
#955=FACE_OUTER_BOUND('',#1600,.T.);
#956=FACE_OUTER_BOUND('',#1601,.T.);
#957=FACE_OUTER_BOUND('',#1602,.T.);
#958=FACE_OUTER_BOUND('',#1604,.T.);
#959=FACE_OUTER_BOUND('',#1606,.T.);
#960=FACE_OUTER_BOUND('',#1607,.T.);
#961=FACE_OUTER_BOUND('',#1608,.T.);
#962=FACE_OUTER_BOUND('',#1609,.T.);
#963=FACE_OUTER_BOUND('',#1611,.T.);
#964=FACE_OUTER_BOUND('',#1612,.T.);
#965=FACE_OUTER_BOUND('',#1613,.T.);
#966=FACE_OUTER_BOUND('',#1614,.T.);
#967=FACE_OUTER_BOUND('',#1615,.T.);
#968=FACE_OUTER_BOUND('',#1616,.T.);
#969=FACE_OUTER_BOUND('',#1617,.T.);
#970=FACE_OUTER_BOUND('',#1619,.T.);
#971=FACE_OUTER_BOUND('',#1620,.T.);
#972=FACE_OUTER_BOUND('',#1621,.T.);
#973=FACE_OUTER_BOUND('',#1622,.T.);
#974=FACE_OUTER_BOUND('',#1624,.T.);
#975=FACE_OUTER_BOUND('',#1626,.T.);
#976=FACE_OUTER_BOUND('',#1627,.T.);
#977=FACE_OUTER_BOUND('',#1628,.T.);
#978=FACE_OUTER_BOUND('',#1629,.T.);
#979=FACE_OUTER_BOUND('',#1630,.T.);
#980=FACE_OUTER_BOUND('',#1631,.T.);
#981=FACE_OUTER_BOUND('',#1632,.T.);
#982=FACE_OUTER_BOUND('',#1633,.T.);
#983=FACE_OUTER_BOUND('',#1634,.T.);
#984=FACE_OUTER_BOUND('',#1635,.T.);
#985=FACE_OUTER_BOUND('',#1636,.T.);
#986=FACE_OUTER_BOUND('',#1637,.T.);
#987=FACE_OUTER_BOUND('',#1638,.T.);
#988=FACE_OUTER_BOUND('',#1639,.T.);
#989=FACE_OUTER_BOUND('',#1640,.T.);
#990=FACE_OUTER_BOUND('',#1641,.T.);
#991=FACE_OUTER_BOUND('',#1642,.T.);
#992=FACE_OUTER_BOUND('',#1643,.T.);
#993=FACE_OUTER_BOUND('',#1645,.T.);
#994=FACE_OUTER_BOUND('',#1646,.T.);
#995=FACE_OUTER_BOUND('',#1647,.T.);
#996=FACE_OUTER_BOUND('',#1648,.T.);
#997=FACE_OUTER_BOUND('',#1649,.T.);
#998=FACE_OUTER_BOUND('',#1650,.T.);
#999=FACE_OUTER_BOUND('',#1651,.T.);
#1000=FACE_OUTER_BOUND('',#1652,.T.);
#1001=FACE_OUTER_BOUND('',#1653,.T.);
#1002=FACE_OUTER_BOUND('',#1654,.T.);
#1003=FACE_OUTER_BOUND('',#1655,.T.);
#1004=FACE_OUTER_BOUND('',#1656,.T.);
#1005=FACE_OUTER_BOUND('',#1657,.T.);
#1006=FACE_OUTER_BOUND('',#1658,.T.);
#1007=FACE_OUTER_BOUND('',#1659,.T.);
#1008=FACE_OUTER_BOUND('',#1660,.T.);
#1009=FACE_OUTER_BOUND('',#1661,.T.);
#1010=FACE_OUTER_BOUND('',#1662,.T.);
#1011=FACE_OUTER_BOUND('',#1663,.T.);
#1012=FACE_OUTER_BOUND('',#1664,.T.);
#1013=FACE_OUTER_BOUND('',#1665,.T.);
#1014=FACE_OUTER_BOUND('',#1666,.T.);
#1015=FACE_OUTER_BOUND('',#1667,.T.);
#1016=FACE_OUTER_BOUND('',#1668,.T.);
#1017=FACE_OUTER_BOUND('',#1669,.T.);
#1018=FACE_OUTER_BOUND('',#1670,.T.);
#1019=FACE_OUTER_BOUND('',#1671,.T.);
#1020=FACE_OUTER_BOUND('',#1672,.T.);
#1021=FACE_OUTER_BOUND('',#1673,.T.);
#1022=FACE_OUTER_BOUND('',#1674,.T.);
#1023=FACE_OUTER_BOUND('',#1676,.T.);
#1024=FACE_OUTER_BOUND('',#1677,.T.);
#1025=FACE_OUTER_BOUND('',#1678,.T.);
#1026=FACE_OUTER_BOUND('',#1679,.T.);
#1027=FACE_OUTER_BOUND('',#1680,.T.);
#1028=FACE_OUTER_BOUND('',#1682,.T.);
#1029=FACE_OUTER_BOUND('',#1683,.T.);
#1030=FACE_OUTER_BOUND('',#1685,.T.);
#1031=FACE_OUTER_BOUND('',#1686,.T.);
#1032=FACE_OUTER_BOUND('',#1687,.T.);
#1033=FACE_OUTER_BOUND('',#1688,.T.);
#1034=FACE_OUTER_BOUND('',#1689,.T.);
#1035=FACE_OUTER_BOUND('',#1690,.T.);
#1036=FACE_OUTER_BOUND('',#1691,.T.);
#1037=FACE_OUTER_BOUND('',#1692,.T.);
#1038=FACE_OUTER_BOUND('',#1693,.T.);
#1039=FACE_OUTER_BOUND('',#1694,.T.);
#1040=FACE_OUTER_BOUND('',#1695,.T.);
#1041=FACE_OUTER_BOUND('',#1696,.T.);
#1042=FACE_OUTER_BOUND('',#1697,.T.);
#1043=FACE_OUTER_BOUND('',#1698,.T.);
#1044=FACE_OUTER_BOUND('',#1699,.T.);
#1045=FACE_OUTER_BOUND('',#1700,.T.);
#1046=FACE_OUTER_BOUND('',#1701,.T.);
#1047=FACE_OUTER_BOUND('',#1702,.T.);
#1048=FACE_OUTER_BOUND('',#1703,.T.);
#1049=FACE_OUTER_BOUND('',#1704,.T.);
#1050=FACE_OUTER_BOUND('',#1705,.T.);
#1051=FACE_OUTER_BOUND('',#1706,.T.);
#1052=FACE_OUTER_BOUND('',#1707,.T.);
#1053=FACE_OUTER_BOUND('',#1708,.T.);
#1054=FACE_OUTER_BOUND('',#1709,.T.);
#1055=FACE_OUTER_BOUND('',#1710,.T.);
#1056=FACE_OUTER_BOUND('',#1712,.T.);
#1057=FACE_OUTER_BOUND('',#1714,.T.);
#1058=FACE_OUTER_BOUND('',#1715,.T.);
#1059=FACE_OUTER_BOUND('',#1716,.T.);
#1060=FACE_OUTER_BOUND('',#1717,.T.);
#1061=FACE_OUTER_BOUND('',#1719,.T.);
#1062=FACE_OUTER_BOUND('',#1720,.T.);
#1063=FACE_OUTER_BOUND('',#1721,.T.);
#1064=FACE_OUTER_BOUND('',#1722,.T.);
#1065=FACE_OUTER_BOUND('',#1723,.T.);
#1066=FACE_OUTER_BOUND('',#1724,.T.);
#1067=FACE_OUTER_BOUND('',#1725,.T.);
#1068=FACE_OUTER_BOUND('',#1727,.T.);
#1069=FACE_OUTER_BOUND('',#1728,.T.);
#1070=FACE_OUTER_BOUND('',#1729,.T.);
#1071=FACE_OUTER_BOUND('',#1730,.T.);
#1072=FACE_OUTER_BOUND('',#1732,.T.);
#1073=FACE_OUTER_BOUND('',#1734,.T.);
#1074=FACE_OUTER_BOUND('',#1735,.T.);
#1075=FACE_OUTER_BOUND('',#1736,.T.);
#1076=FACE_OUTER_BOUND('',#1737,.T.);
#1077=FACE_OUTER_BOUND('',#1738,.T.);
#1078=FACE_OUTER_BOUND('',#1739,.T.);
#1079=FACE_OUTER_BOUND('',#1740,.T.);
#1080=FACE_OUTER_BOUND('',#1741,.T.);
#1081=FACE_OUTER_BOUND('',#1742,.T.);
#1082=FACE_OUTER_BOUND('',#1743,.T.);
#1083=FACE_OUTER_BOUND('',#1744,.T.);
#1084=FACE_OUTER_BOUND('',#1745,.T.);
#1085=FACE_OUTER_BOUND('',#1746,.T.);
#1086=FACE_OUTER_BOUND('',#1747,.T.);
#1087=FACE_OUTER_BOUND('',#1748,.T.);
#1088=FACE_OUTER_BOUND('',#1749,.T.);
#1089=FACE_OUTER_BOUND('',#1750,.T.);
#1090=FACE_OUTER_BOUND('',#1751,.T.);
#1091=FACE_OUTER_BOUND('',#1752,.T.);
#1092=FACE_OUTER_BOUND('',#1753,.T.);
#1093=FACE_OUTER_BOUND('',#1754,.T.);
#1094=FACE_OUTER_BOUND('',#1755,.T.);
#1095=FACE_OUTER_BOUND('',#1756,.T.);
#1096=FACE_OUTER_BOUND('',#1757,.T.);
#1097=FACE_OUTER_BOUND('',#1758,.T.);
#1098=FACE_OUTER_BOUND('',#1759,.T.);
#1099=FACE_OUTER_BOUND('',#1760,.T.);
#1100=FACE_OUTER_BOUND('',#1761,.T.);
#1101=FACE_OUTER_BOUND('',#1762,.T.);
#1102=FACE_OUTER_BOUND('',#1763,.T.);
#1103=FACE_OUTER_BOUND('',#1764,.T.);
#1104=FACE_OUTER_BOUND('',#1765,.T.);
#1105=FACE_OUTER_BOUND('',#1767,.T.);
#1106=FACE_OUTER_BOUND('',#1768,.T.);
#1107=FACE_OUTER_BOUND('',#1769,.T.);
#1108=FACE_OUTER_BOUND('',#1770,.T.);
#1109=FACE_OUTER_BOUND('',#1771,.T.);
#1110=FACE_OUTER_BOUND('',#1772,.T.);
#1111=FACE_OUTER_BOUND('',#1773,.T.);
#1112=FACE_OUTER_BOUND('',#1775,.T.);
#1113=FACE_OUTER_BOUND('',#1776,.T.);
#1114=FACE_OUTER_BOUND('',#1777,.T.);
#1115=FACE_OUTER_BOUND('',#1778,.T.);
#1116=FACE_OUTER_BOUND('',#1779,.T.);
#1117=FACE_OUTER_BOUND('',#1780,.T.);
#1118=FACE_OUTER_BOUND('',#1781,.T.);
#1119=FACE_OUTER_BOUND('',#1783,.T.);
#1120=FACE_OUTER_BOUND('',#1784,.T.);
#1121=FACE_OUTER_BOUND('',#1785,.T.);
#1122=FACE_OUTER_BOUND('',#1786,.T.);
#1123=FACE_OUTER_BOUND('',#1788,.T.);
#1124=FACE_OUTER_BOUND('',#1790,.T.);
#1125=FACE_OUTER_BOUND('',#1791,.T.);
#1126=FACE_OUTER_BOUND('',#1792,.T.);
#1127=FACE_OUTER_BOUND('',#1793,.T.);
#1128=FACE_OUTER_BOUND('',#1794,.T.);
#1129=FACE_OUTER_BOUND('',#1795,.T.);
#1130=FACE_OUTER_BOUND('',#1796,.T.);
#1131=FACE_OUTER_BOUND('',#1797,.T.);
#1132=FACE_OUTER_BOUND('',#1798,.T.);
#1133=FACE_OUTER_BOUND('',#1799,.T.);
#1134=FACE_OUTER_BOUND('',#1800,.T.);
#1135=FACE_OUTER_BOUND('',#1801,.T.);
#1136=FACE_OUTER_BOUND('',#1802,.T.);
#1137=FACE_OUTER_BOUND('',#1803,.T.);
#1138=FACE_OUTER_BOUND('',#1804,.T.);
#1139=FACE_OUTER_BOUND('',#1805,.T.);
#1140=FACE_OUTER_BOUND('',#1806,.T.);
#1141=FACE_OUTER_BOUND('',#1807,.T.);
#1142=FACE_OUTER_BOUND('',#1808,.T.);
#1143=FACE_OUTER_BOUND('',#1809,.T.);
#1144=FACE_OUTER_BOUND('',#1810,.T.);
#1145=FACE_OUTER_BOUND('',#1811,.T.);
#1146=FACE_OUTER_BOUND('',#1812,.T.);
#1147=FACE_OUTER_BOUND('',#1813,.T.);
#1148=FACE_OUTER_BOUND('',#1814,.T.);
#1149=FACE_OUTER_BOUND('',#1815,.T.);
#1150=FACE_OUTER_BOUND('',#1817,.T.);
#1151=FACE_OUTER_BOUND('',#1818,.T.);
#1152=FACE_OUTER_BOUND('',#1819,.T.);
#1153=FACE_OUTER_BOUND('',#1821,.T.);
#1154=FACE_OUTER_BOUND('',#1822,.T.);
#1155=FACE_OUTER_BOUND('',#1823,.T.);
#1156=FACE_OUTER_BOUND('',#1824,.T.);
#1157=FACE_OUTER_BOUND('',#1826,.T.);
#1158=FACE_OUTER_BOUND('',#1827,.T.);
#1159=FACE_OUTER_BOUND('',#1828,.T.);
#1160=FACE_OUTER_BOUND('',#1829,.T.);
#1161=FACE_OUTER_BOUND('',#1830,.T.);
#1162=FACE_OUTER_BOUND('',#1831,.T.);
#1163=FACE_OUTER_BOUND('',#1832,.T.);
#1164=FACE_OUTER_BOUND('',#1834,.T.);
#1165=FACE_OUTER_BOUND('',#1835,.T.);
#1166=FACE_OUTER_BOUND('',#1836,.T.);
#1167=FACE_OUTER_BOUND('',#1837,.T.);
#1168=FACE_OUTER_BOUND('',#1839,.T.);
#1169=FACE_OUTER_BOUND('',#1841,.T.);
#1170=FACE_OUTER_BOUND('',#1842,.T.);
#1171=FACE_OUTER_BOUND('',#1843,.T.);
#1172=FACE_OUTER_BOUND('',#1844,.T.);
#1173=FACE_OUTER_BOUND('',#1845,.T.);
#1174=FACE_OUTER_BOUND('',#1846,.T.);
#1175=FACE_OUTER_BOUND('',#1847,.T.);
#1176=FACE_OUTER_BOUND('',#1848,.T.);
#1177=FACE_OUTER_BOUND('',#1849,.T.);
#1178=FACE_OUTER_BOUND('',#1850,.T.);
#1179=FACE_OUTER_BOUND('',#1851,.T.);
#1180=FACE_OUTER_BOUND('',#1852,.T.);
#1181=FACE_OUTER_BOUND('',#1853,.T.);
#1182=FACE_OUTER_BOUND('',#1854,.T.);
#1183=FACE_OUTER_BOUND('',#1855,.T.);
#1184=FACE_OUTER_BOUND('',#1856,.T.);
#1185=FACE_OUTER_BOUND('',#1857,.T.);
#1186=FACE_OUTER_BOUND('',#1858,.T.);
#1187=FACE_OUTER_BOUND('',#1859,.T.);
#1188=FACE_OUTER_BOUND('',#1860,.T.);
#1189=FACE_OUTER_BOUND('',#1861,.T.);
#1190=FACE_OUTER_BOUND('',#1862,.T.);
#1191=FACE_OUTER_BOUND('',#1863,.T.);
#1192=FACE_OUTER_BOUND('',#1864,.T.);
#1193=FACE_OUTER_BOUND('',#1865,.T.);
#1194=FACE_OUTER_BOUND('',#1866,.T.);
#1195=FACE_OUTER_BOUND('',#1867,.T.);
#1196=FACE_OUTER_BOUND('',#1868,.T.);
#1197=FACE_OUTER_BOUND('',#1869,.T.);
#1198=FACE_OUTER_BOUND('',#1870,.T.);
#1199=FACE_OUTER_BOUND('',#1871,.T.);
#1200=FACE_OUTER_BOUND('',#1872,.T.);
#1201=FACE_OUTER_BOUND('',#1873,.T.);
#1202=FACE_OUTER_BOUND('',#1875,.T.);
#1203=FACE_OUTER_BOUND('',#1877,.T.);
#1204=FACE_OUTER_BOUND('',#1878,.T.);
#1205=FACE_OUTER_BOUND('',#1879,.T.);
#1206=FACE_OUTER_BOUND('',#1880,.T.);
#1207=FACE_OUTER_BOUND('',#1882,.T.);
#1208=FACE_OUTER_BOUND('',#1883,.T.);
#1209=FACE_OUTER_BOUND('',#1884,.T.);
#1210=FACE_OUTER_BOUND('',#1885,.T.);
#1211=FACE_OUTER_BOUND('',#1886,.T.);
#1212=FACE_OUTER_BOUND('',#1887,.T.);
#1213=FACE_OUTER_BOUND('',#1888,.T.);
#1214=FACE_OUTER_BOUND('',#1890,.T.);
#1215=FACE_OUTER_BOUND('',#1891,.T.);
#1216=FACE_OUTER_BOUND('',#1892,.T.);
#1217=FACE_OUTER_BOUND('',#1893,.T.);
#1218=FACE_OUTER_BOUND('',#1894,.T.);
#1219=FACE_OUTER_BOUND('',#1896,.T.);
#1220=FACE_OUTER_BOUND('',#1897,.T.);
#1221=FACE_OUTER_BOUND('',#1899,.T.);
#1222=FACE_OUTER_BOUND('',#1900,.T.);
#1223=FACE_OUTER_BOUND('',#1901,.T.);
#1224=FACE_OUTER_BOUND('',#1902,.T.);
#1225=FACE_OUTER_BOUND('',#1903,.T.);
#1226=FACE_OUTER_BOUND('',#1904,.T.);
#1227=FACE_OUTER_BOUND('',#1905,.T.);
#1228=FACE_OUTER_BOUND('',#1906,.T.);
#1229=FACE_OUTER_BOUND('',#1907,.T.);
#1230=FACE_OUTER_BOUND('',#1908,.T.);
#1231=FACE_OUTER_BOUND('',#1909,.T.);
#1232=FACE_OUTER_BOUND('',#1910,.T.);
#1233=FACE_OUTER_BOUND('',#1911,.T.);
#1234=FACE_OUTER_BOUND('',#1912,.T.);
#1235=FACE_OUTER_BOUND('',#1913,.T.);
#1236=FACE_OUTER_BOUND('',#1914,.T.);
#1237=FACE_OUTER_BOUND('',#1915,.T.);
#1238=FACE_OUTER_BOUND('',#1916,.T.);
#1239=FACE_OUTER_BOUND('',#1917,.T.);
#1240=FACE_OUTER_BOUND('',#1918,.T.);
#1241=FACE_OUTER_BOUND('',#1919,.T.);
#1242=FACE_OUTER_BOUND('',#1920,.T.);
#1243=FACE_OUTER_BOUND('',#1921,.T.);
#1244=FACE_OUTER_BOUND('',#1922,.T.);
#1245=FACE_OUTER_BOUND('',#1923,.T.);
#1246=FACE_OUTER_BOUND('',#1925,.T.);
#1247=FACE_OUTER_BOUND('',#1926,.T.);
#1248=FACE_OUTER_BOUND('',#1928,.T.);
#1249=FACE_OUTER_BOUND('',#1929,.T.);
#1250=FACE_OUTER_BOUND('',#1930,.T.);
#1251=FACE_OUTER_BOUND('',#1931,.T.);
#1252=FACE_OUTER_BOUND('',#1933,.T.);
#1253=FACE_OUTER_BOUND('',#1934,.T.);
#1254=FACE_OUTER_BOUND('',#1935,.T.);
#1255=FACE_OUTER_BOUND('',#1936,.T.);
#1256=FACE_OUTER_BOUND('',#1937,.T.);
#1257=FACE_OUTER_BOUND('',#1938,.T.);
#1258=FACE_OUTER_BOUND('',#1939,.T.);
#1259=FACE_OUTER_BOUND('',#1941,.T.);
#1260=FACE_OUTER_BOUND('',#1942,.T.);
#1261=FACE_OUTER_BOUND('',#1943,.T.);
#1262=FACE_OUTER_BOUND('',#1944,.T.);
#1263=FACE_OUTER_BOUND('',#1945,.T.);
#1264=FACE_OUTER_BOUND('',#1946,.T.);
#1265=FACE_OUTER_BOUND('',#1947,.T.);
#1266=FACE_OUTER_BOUND('',#1948,.T.);
#1267=FACE_OUTER_BOUND('',#1949,.T.);
#1268=FACE_OUTER_BOUND('',#1950,.T.);
#1269=FACE_OUTER_BOUND('',#1951,.T.);
#1270=FACE_OUTER_BOUND('',#1952,.T.);
#1271=FACE_OUTER_BOUND('',#1953,.T.);
#1272=FACE_OUTER_BOUND('',#1954,.T.);
#1273=FACE_OUTER_BOUND('',#1955,.T.);
#1274=FACE_OUTER_BOUND('',#1956,.T.);
#1275=FACE_OUTER_BOUND('',#1957,.T.);
#1276=FACE_OUTER_BOUND('',#1958,.T.);
#1277=FACE_OUTER_BOUND('',#1959,.T.);
#1278=FACE_OUTER_BOUND('',#1960,.T.);
#1279=FACE_OUTER_BOUND('',#1961,.T.);
#1280=FACE_OUTER_BOUND('',#1962,.T.);
#1281=FACE_OUTER_BOUND('',#1963,.T.);
#1282=FACE_OUTER_BOUND('',#1964,.T.);
#1283=FACE_OUTER_BOUND('',#1965,.T.);
#1284=FACE_OUTER_BOUND('',#1966,.T.);
#1285=FACE_OUTER_BOUND('',#1967,.T.);
#1286=FACE_OUTER_BOUND('',#1968,.T.);
#1287=FACE_OUTER_BOUND('',#1969,.T.);
#1288=FACE_OUTER_BOUND('',#1970,.T.);
#1289=FACE_OUTER_BOUND('',#1971,.T.);
#1290=FACE_OUTER_BOUND('',#1972,.T.);
#1291=FACE_OUTER_BOUND('',#1973,.T.);
#1292=FACE_OUTER_BOUND('',#1974,.T.);
#1293=FACE_OUTER_BOUND('',#1975,.T.);
#1294=FACE_OUTER_BOUND('',#1976,.T.);
#1295=FACE_OUTER_BOUND('',#1977,.T.);
#1296=FACE_OUTER_BOUND('',#1978,.T.);
#1297=FACE_OUTER_BOUND('',#1979,.T.);
#1298=FACE_OUTER_BOUND('',#1980,.T.);
#1299=FACE_OUTER_BOUND('',#1982,.T.);
#1300=FACE_OUTER_BOUND('',#1983,.T.);
#1301=FACE_OUTER_BOUND('',#1984,.T.);
#1302=FACE_OUTER_BOUND('',#1985,.T.);
#1303=FACE_OUTER_BOUND('',#1986,.T.);
#1304=FACE_OUTER_BOUND('',#1987,.T.);
#1305=FACE_OUTER_BOUND('',#1988,.T.);
#1306=FACE_OUTER_BOUND('',#1990,.T.);
#1307=FACE_OUTER_BOUND('',#1991,.T.);
#1308=FACE_OUTER_BOUND('',#1992,.T.);
#1309=FACE_OUTER_BOUND('',#1993,.T.);
#1310=FACE_OUTER_BOUND('',#1995,.T.);
#1311=FACE_OUTER_BOUND('',#1996,.T.);
#1312=EDGE_LOOP('',(#7754,#7755,#7756));
#1313=EDGE_LOOP('',(#7757,#7758,#7759));
#1314=EDGE_LOOP('',(#7760,#7761,#7762,#7763));
#1315=EDGE_LOOP('',(#7764,#7765,#7766,#7767));
#1316=EDGE_LOOP('',(#7768,#7769,#7770,#7771));
#1317=EDGE_LOOP('',(#7772,#7773,#7774,#7775));
#1318=EDGE_LOOP('',(#7776,#7777,#7778,#7779));
#1319=EDGE_LOOP('',(#7780));
#1320=EDGE_LOOP('',(#7781,#7782,#7783,#7784,#7785,#7786,#7787,#7788));
#1321=EDGE_LOOP('',(#7789,#7790,#7791,#7792));
#1322=EDGE_LOOP('',(#7793,#7794,#7795,#7796));
#1323=EDGE_LOOP('',(#7797,#7798,#7799,#7800));
#1324=EDGE_LOOP('',(#7801,#7802,#7803,#7804,#7805,#7806,#7807,#7808));
#1325=EDGE_LOOP('',(#7809,#7810,#7811,#7812));
#1326=EDGE_LOOP('',(#7813));
#1327=EDGE_LOOP('',(#7814,#7815,#7816,#7817));
#1328=EDGE_LOOP('',(#7818,#7819,#7820,#7821,#7822,#7823,#7824));
#1329=EDGE_LOOP('',(#7825,#7826,#7827,#7828,#7829,#7830,#7831,#7832,#7833,
#7834));
#1330=EDGE_LOOP('',(#7835,#7836,#7837));
#1331=EDGE_LOOP('',(#7838,#7839,#7840));
#1332=EDGE_LOOP('',(#7841,#7842,#7843,#7844));
#1333=EDGE_LOOP('',(#7845,#7846,#7847,#7848));
#1334=EDGE_LOOP('',(#7849,#7850,#7851,#7852));
#1335=EDGE_LOOP('',(#7853,#7854,#7855,#7856));
#1336=EDGE_LOOP('',(#7857,#7858,#7859,#7860,#7861,#7862,#7863,#7864,#7865,
#7866,#7867,#7868,#7869,#7870,#7871,#7872,#7873));
#1337=EDGE_LOOP('',(#7874));
#1338=EDGE_LOOP('',(#7875,#7876,#7877,#7878));
#1339=EDGE_LOOP('',(#7879,#7880,#7881,#7882));
#1340=EDGE_LOOP('',(#7883,#7884,#7885,#7886));
#1341=EDGE_LOOP('',(#7887,#7888,#7889,#7890));
#1342=EDGE_LOOP('',(#7891,#7892,#7893,#7894));
#1343=EDGE_LOOP('',(#7895,#7896,#7897,#7898));
#1344=EDGE_LOOP('',(#7899,#7900,#7901,#7902));
#1345=EDGE_LOOP('',(#7903,#7904,#7905,#7906));
#1346=EDGE_LOOP('',(#7907,#7908,#7909,#7910));
#1347=EDGE_LOOP('',(#7911,#7912,#7913,#7914));
#1348=EDGE_LOOP('',(#7915,#7916,#7917,#7918,#7919,#7920,#7921,#7922,#7923,
#7924,#7925,#7926,#7927,#7928,#7929,#7930));
#1349=EDGE_LOOP('',(#7931,#7932,#7933,#7934));
#1350=EDGE_LOOP('',(#7935,#7936,#7937,#7938,#7939,#7940,#7941,#7942));
#1351=EDGE_LOOP('',(#7943,#7944,#7945,#7946));
#1352=EDGE_LOOP('',(#7947,#7948,#7949,#7950));
#1353=EDGE_LOOP('',(#7951,#7952,#7953,#7954,#7955));
#1354=EDGE_LOOP('',(#7956,#7957,#7958,#7959));
#1355=EDGE_LOOP('',(#7960));
#1356=EDGE_LOOP('',(#7961,#7962,#7963,#7964));
#1357=EDGE_LOOP('',(#7965,#7966,#7967,#7968));
#1358=EDGE_LOOP('',(#7969,#7970,#7971,#7972));
#1359=EDGE_LOOP('',(#7973));
#1360=EDGE_LOOP('',(#7974,#7975,#7976,#7977));
#1361=EDGE_LOOP('',(#7978,#7979,#7980,#7981));
#1362=EDGE_LOOP('',(#7982,#7983,#7984,#7985));
#1363=EDGE_LOOP('',(#7986,#7987,#7988,#7989,#7990,#7991,#7992,#7993,#7994,
#7995,#7996,#7997,#7998,#7999,#8000,#8001,#8002));
#1364=EDGE_LOOP('',(#8003));
#1365=EDGE_LOOP('',(#8004,#8005,#8006,#8007,#8008,#8009,#8010,#8011,#8012,
#8013,#8014,#8015,#8016,#8017,#8018,#8019,#8020));
#1366=EDGE_LOOP('',(#8021));
#1367=EDGE_LOOP('',(#8022,#8023,#8024,#8025));
#1368=EDGE_LOOP('',(#8026,#8027,#8028,#8029));
#1369=EDGE_LOOP('',(#8030,#8031,#8032,#8033));
#1370=EDGE_LOOP('',(#8034,#8035,#8036,#8037));
#1371=EDGE_LOOP('',(#8038,#8039,#8040,#8041));
#1372=EDGE_LOOP('',(#8042,#8043,#8044,#8045));
#1373=EDGE_LOOP('',(#8046,#8047,#8048,#8049));
#1374=EDGE_LOOP('',(#8050,#8051,#8052,#8053));
#1375=EDGE_LOOP('',(#8054,#8055,#8056,#8057));
#1376=EDGE_LOOP('',(#8058,#8059,#8060,#8061));
#1377=EDGE_LOOP('',(#8062,#8063,#8064,#8065));
#1378=EDGE_LOOP('',(#8066,#8067,#8068,#8069));
#1379=EDGE_LOOP('',(#8070,#8071,#8072,#8073));
#1380=EDGE_LOOP('',(#8074));
#1381=EDGE_LOOP('',(#8075,#8076,#8077,#8078));
#1382=EDGE_LOOP('',(#8079,#8080,#8081,#8082));
#1383=EDGE_LOOP('',(#8083,#8084,#8085,#8086));
#1384=EDGE_LOOP('',(#8087,#8088,#8089,#8090));
#1385=EDGE_LOOP('',(#8091,#8092,#8093,#8094));
#1386=EDGE_LOOP('',(#8095,#8096,#8097,#8098));
#1387=EDGE_LOOP('',(#8099,#8100,#8101,#8102));
#1388=EDGE_LOOP('',(#8103,#8104,#8105,#8106));
#1389=EDGE_LOOP('',(#8107,#8108,#8109,#8110));
#1390=EDGE_LOOP('',(#8111,#8112,#8113,#8114));
#1391=EDGE_LOOP('',(#8115,#8116,#8117,#8118));
#1392=EDGE_LOOP('',(#8119,#8120,#8121,#8122));
#1393=EDGE_LOOP('',(#8123,#8124,#8125,#8126,#8127,#8128,#8129,#8130,#8131,
#8132,#8133,#8134,#8135,#8136,#8137,#8138,#8139));
#1394=EDGE_LOOP('',(#8140));
#1395=EDGE_LOOP('',(#8141,#8142,#8143,#8144,#8145,#8146,#8147,#8148,#8149,
#8150,#8151,#8152,#8153,#8154,#8155,#8156,#8157));
#1396=EDGE_LOOP('',(#8158));
#1397=EDGE_LOOP('',(#8159,#8160,#8161,#8162));
#1398=EDGE_LOOP('',(#8163,#8164,#8165,#8166));
#1399=EDGE_LOOP('',(#8167,#8168,#8169,#8170));
#1400=EDGE_LOOP('',(#8171,#8172,#8173,#8174));
#1401=EDGE_LOOP('',(#8175));
#1402=EDGE_LOOP('',(#8176,#8177,#8178,#8179));
#1403=EDGE_LOOP('',(#8180,#8181,#8182,#8183));
#1404=EDGE_LOOP('',(#8184,#8185,#8186,#8187));
#1405=EDGE_LOOP('',(#8188));
#1406=EDGE_LOOP('',(#8189,#8190,#8191,#8192));
#1407=EDGE_LOOP('',(#8193,#8194,#8195,#8196));
#1408=EDGE_LOOP('',(#8197,#8198,#8199,#8200));
#1409=EDGE_LOOP('',(#8201));
#1410=EDGE_LOOP('',(#8202,#8203,#8204,#8205));
#1411=EDGE_LOOP('',(#8206,#8207,#8208,#8209));
#1412=EDGE_LOOP('',(#8210,#8211,#8212,#8213));
#1413=EDGE_LOOP('',(#8214,#8215,#8216,#8217));
#1414=EDGE_LOOP('',(#8218,#8219,#8220,#8221,#8222,#8223,#8224,#8225,#8226,
#8227,#8228,#8229,#8230,#8231,#8232,#8233,#8234));
#1415=EDGE_LOOP('',(#8235));
#1416=EDGE_LOOP('',(#8236,#8237,#8238,#8239));
#1417=EDGE_LOOP('',(#8240,#8241,#8242,#8243));
#1418=EDGE_LOOP('',(#8244,#8245,#8246,#8247,#8248,#8249,#8250,#8251,#8252,
#8253,#8254,#8255,#8256,#8257,#8258,#8259,#8260));
#1419=EDGE_LOOP('',(#8261));
#1420=EDGE_LOOP('',(#8262,#8263,#8264,#8265));
#1421=EDGE_LOOP('',(#8266,#8267,#8268,#8269));
#1422=EDGE_LOOP('',(#8270,#8271,#8272,#8273));
#1423=EDGE_LOOP('',(#8274,#8275,#8276,#8277));
#1424=EDGE_LOOP('',(#8278,#8279,#8280,#8281));
#1425=EDGE_LOOP('',(#8282,#8283,#8284,#8285));
#1426=EDGE_LOOP('',(#8286,#8287,#8288,#8289));
#1427=EDGE_LOOP('',(#8290,#8291,#8292,#8293));
#1428=EDGE_LOOP('',(#8294,#8295,#8296,#8297));
#1429=EDGE_LOOP('',(#8298,#8299,#8300,#8301));
#1430=EDGE_LOOP('',(#8302));
#1431=EDGE_LOOP('',(#8303,#8304,#8305,#8306));
#1432=EDGE_LOOP('',(#8307,#8308,#8309,#8310,#8311,#8312));
#1433=EDGE_LOOP('',(#8313,#8314,#8315,#8316));
#1434=EDGE_LOOP('',(#8317,#8318,#8319,#8320));
#1435=EDGE_LOOP('',(#8321,#8322,#8323,#8324));
#1436=EDGE_LOOP('',(#8325,#8326,#8327,#8328,#8329,#8330,#8331,#8332));
#1437=EDGE_LOOP('',(#8333,#8334,#8335,#8336,#8337,#8338));
#1438=EDGE_LOOP('',(#8339,#8340,#8341,#8342));
#1439=EDGE_LOOP('',(#8343,#8344,#8345,#8346));
#1440=EDGE_LOOP('',(#8347,#8348,#8349,#8350));
#1441=EDGE_LOOP('',(#8351,#8352,#8353,#8354));
#1442=EDGE_LOOP('',(#8355,#8356,#8357,#8358));
#1443=EDGE_LOOP('',(#8359,#8360,#8361,#8362));
#1444=EDGE_LOOP('',(#8363,#8364,#8365,#8366,#8367,#8368,#8369,#8370,#8371,
#8372,#8373,#8374,#8375,#8376,#8377,#8378));
#1445=EDGE_LOOP('',(#8379));
#1446=EDGE_LOOP('',(#8380,#8381,#8382,#8383,#8384,#8385,#8386,#8387,#8388,
#8389,#8390,#8391));
#1447=EDGE_LOOP('',(#8392));
#1448=EDGE_LOOP('',(#8393,#8394,#8395,#8396));
#1449=EDGE_LOOP('',(#8397,#8398,#8399,#8400));
#1450=EDGE_LOOP('',(#8401,#8402,#8403,#8404));
#1451=EDGE_LOOP('',(#8405,#8406,#8407,#8408));
#1452=EDGE_LOOP('',(#8409));
#1453=EDGE_LOOP('',(#8410,#8411,#8412,#8413));
#1454=EDGE_LOOP('',(#8414,#8415,#8416,#8417));
#1455=EDGE_LOOP('',(#8418,#8419,#8420,#8421));
#1456=EDGE_LOOP('',(#8422));
#1457=EDGE_LOOP('',(#8423,#8424,#8425,#8426));
#1458=EDGE_LOOP('',(#8427,#8428,#8429,#8430));
#1459=EDGE_LOOP('',(#8431,#8432,#8433,#8434));
#1460=EDGE_LOOP('',(#8435));
#1461=EDGE_LOOP('',(#8436,#8437,#8438,#8439));
#1462=EDGE_LOOP('',(#8440,#8441,#8442,#8443));
#1463=EDGE_LOOP('',(#8444,#8445,#8446,#8447));
#1464=EDGE_LOOP('',(#8448,#8449,#8450,#8451));
#1465=EDGE_LOOP('',(#8452,#8453,#8454,#8455,#8456,#8457,#8458,#8459,#8460,
#8461,#8462,#8463,#8464,#8465,#8466,#8467,#8468));
#1466=EDGE_LOOP('',(#8469));
#1467=EDGE_LOOP('',(#8470,#8471,#8472,#8473));
#1468=EDGE_LOOP('',(#8474,#8475,#8476,#8477,#8478,#8479,#8480,#8481,#8482,
#8483,#8484,#8485,#8486,#8487,#8488,#8489,#8490));
#1469=EDGE_LOOP('',(#8491));
#1470=EDGE_LOOP('',(#8492,#8493,#8494,#8495));
#1471=EDGE_LOOP('',(#8496,#8497,#8498,#8499));
#1472=EDGE_LOOP('',(#8500,#8501,#8502,#8503));
#1473=EDGE_LOOP('',(#8504,#8505,#8506,#8507));
#1474=EDGE_LOOP('',(#8508,#8509,#8510,#8511));
#1475=EDGE_LOOP('',(#8512,#8513,#8514,#8515));
#1476=EDGE_LOOP('',(#8516,#8517,#8518,#8519));
#1477=EDGE_LOOP('',(#8520,#8521,#8522,#8523));
#1478=EDGE_LOOP('',(#8524,#8525,#8526,#8527));
#1479=EDGE_LOOP('',(#8528,#8529,#8530,#8531));
#1480=EDGE_LOOP('',(#8532,#8533,#8534,#8535));
#1481=EDGE_LOOP('',(#8536));
#1482=EDGE_LOOP('',(#8537,#8538,#8539,#8540));
#1483=EDGE_LOOP('',(#8541,#8542,#8543,#8544,#8545,#8546));
#1484=EDGE_LOOP('',(#8547,#8548,#8549,#8550));
#1485=EDGE_LOOP('',(#8551,#8552,#8553,#8554,#8555,#8556,#8557,#8558));
#1486=EDGE_LOOP('',(#8559,#8560,#8561,#8562));
#1487=EDGE_LOOP('',(#8563,#8564,#8565,#8566));
#1488=EDGE_LOOP('',(#8567,#8568,#8569,#8570));
#1489=EDGE_LOOP('',(#8571,#8572,#8573,#8574));
#1490=EDGE_LOOP('',(#8575,#8576,#8577,#8578));
#1491=EDGE_LOOP('',(#8579,#8580,#8581,#8582));
#1492=EDGE_LOOP('',(#8583,#8584,#8585,#8586,#8587,#8588));
#1493=EDGE_LOOP('',(#8589,#8590,#8591,#8592));
#1494=EDGE_LOOP('',(#8593,#8594,#8595,#8596));
#1495=EDGE_LOOP('',(#8597,#8598,#8599,#8600,#8601,#8602,#8603,#8604,#8605,
#8606,#8607,#8608,#8609,#8610,#8611,#8612));
#1496=EDGE_LOOP('',(#8613));
#1497=EDGE_LOOP('',(#8614,#8615,#8616,#8617,#8618,#8619,#8620,#8621,#8622,
#8623,#8624,#8625));
#1498=EDGE_LOOP('',(#8626));
#1499=EDGE_LOOP('',(#8627,#8628,#8629,#8630));
#1500=EDGE_LOOP('',(#8631,#8632,#8633,#8634));
#1501=EDGE_LOOP('',(#8635,#8636,#8637,#8638));
#1502=EDGE_LOOP('',(#8639,#8640,#8641,#8642));
#1503=EDGE_LOOP('',(#8643));
#1504=EDGE_LOOP('',(#8644,#8645,#8646,#8647));
#1505=EDGE_LOOP('',(#8648,#8649,#8650,#8651));
#1506=EDGE_LOOP('',(#8652,#8653,#8654,#8655));
#1507=EDGE_LOOP('',(#8656));
#1508=EDGE_LOOP('',(#8657,#8658,#8659,#8660));
#1509=EDGE_LOOP('',(#8661,#8662,#8663,#8664));
#1510=EDGE_LOOP('',(#8665,#8666,#8667,#8668));
#1511=EDGE_LOOP('',(#8669));
#1512=EDGE_LOOP('',(#8670,#8671,#8672,#8673));
#1513=EDGE_LOOP('',(#8674,#8675,#8676,#8677));
#1514=EDGE_LOOP('',(#8678,#8679,#8680,#8681));
#1515=EDGE_LOOP('',(#8682,#8683,#8684,#8685,#8686,#8687,#8688,#8689,#8690,
#8691,#8692,#8693));
#1516=EDGE_LOOP('',(#8694));
#1517=EDGE_LOOP('',(#8695,#8696,#8697,#8698,#8699,#8700,#8701,#8702,#8703,
#8704,#8705,#8706));
#1518=EDGE_LOOP('',(#8707));
#1519=EDGE_LOOP('',(#8708,#8709,#8710,#8711));
#1520=EDGE_LOOP('',(#8712,#8713,#8714,#8715));
#1521=EDGE_LOOP('',(#8716,#8717,#8718,#8719,#8720,#8721,#8722,#8723));
#1522=EDGE_LOOP('',(#8724,#8725,#8726,#8727));
#1523=EDGE_LOOP('',(#8728,#8729,#8730,#8731));
#1524=EDGE_LOOP('',(#8732,#8733,#8734,#8735));
#1525=EDGE_LOOP('',(#8736,#8737,#8738,#8739));
#1526=EDGE_LOOP('',(#8740,#8741,#8742,#8743));
#1527=EDGE_LOOP('',(#8744,#8745,#8746,#8747,#8748,#8749,#8750,#8751));
#1528=EDGE_LOOP('',(#8752,#8753,#8754,#8755));
#1529=EDGE_LOOP('',(#8756,#8757,#8758,#8759));
#1530=EDGE_LOOP('',(#8760,#8761,#8762,#8763));
#1531=EDGE_LOOP('',(#8764,#8765,#8766,#8767));
#1532=EDGE_LOOP('',(#8768,#8769,#8770,#8771,#8772,#8773,#8774,#8775));
#1533=EDGE_LOOP('',(#8776,#8777,#8778,#8779,#8780,#8781,#8782,#8783));
#1534=EDGE_LOOP('',(#8784,#8785,#8786,#8787));
#1535=EDGE_LOOP('',(#8788));
#1536=EDGE_LOOP('',(#8789,#8790,#8791,#8792,#8793,#8794));
#1537=EDGE_LOOP('',(#8795,#8796,#8797,#8798));
#1538=EDGE_LOOP('',(#8799,#8800,#8801,#8802));
#1539=EDGE_LOOP('',(#8803,#8804,#8805,#8806));
#1540=EDGE_LOOP('',(#8807,#8808,#8809,#8810));
#1541=EDGE_LOOP('',(#8811,#8812,#8813,#8814,#8815,#8816,#8817,#8818));
#1542=EDGE_LOOP('',(#8819,#8820,#8821,#8822));
#1543=EDGE_LOOP('',(#8823,#8824,#8825,#8826));
#1544=EDGE_LOOP('',(#8827,#8828,#8829,#8830));
#1545=EDGE_LOOP('',(#8831,#8832,#8833,#8834));
#1546=EDGE_LOOP('',(#8835,#8836,#8837,#8838,#8839,#8840));
#1547=EDGE_LOOP('',(#8841,#8842,#8843,#8844));
#1548=EDGE_LOOP('',(#8845,#8846,#8847,#8848));
#1549=EDGE_LOOP('',(#8849,#8850,#8851,#8852,#8853,#8854,#8855,#8856,#8857,
#8858,#8859,#8860));
#1550=EDGE_LOOP('',(#8861));
#1551=EDGE_LOOP('',(#8862,#8863,#8864,#8865,#8866,#8867,#8868,#8869,#8870,
#8871,#8872,#8873,#8874,#8875,#8876,#8877));
#1552=EDGE_LOOP('',(#8878));
#1553=EDGE_LOOP('',(#8879,#8880,#8881,#8882));
#1554=EDGE_LOOP('',(#8883,#8884,#8885,#8886));
#1555=EDGE_LOOP('',(#8887,#8888,#8889,#8890));
#1556=EDGE_LOOP('',(#8891,#8892,#8893,#8894));
#1557=EDGE_LOOP('',(#8895));
#1558=EDGE_LOOP('',(#8896,#8897,#8898,#8899));
#1559=EDGE_LOOP('',(#8900,#8901,#8902,#8903));
#1560=EDGE_LOOP('',(#8904,#8905,#8906,#8907));
#1561=EDGE_LOOP('',(#8908));
#1562=EDGE_LOOP('',(#8909,#8910,#8911,#8912));
#1563=EDGE_LOOP('',(#8913,#8914,#8915,#8916));
#1564=EDGE_LOOP('',(#8917,#8918,#8919,#8920));
#1565=EDGE_LOOP('',(#8921));
#1566=EDGE_LOOP('',(#8922,#8923,#8924,#8925));
#1567=EDGE_LOOP('',(#8926,#8927,#8928,#8929));
#1568=EDGE_LOOP('',(#8930,#8931,#8932,#8933));
#1569=EDGE_LOOP('',(#8934,#8935,#8936,#8937));
#1570=EDGE_LOOP('',(#8938,#8939,#8940,#8941,#8942,#8943,#8944,#8945,#8946,
#8947,#8948,#8949,#8950,#8951,#8952,#8953,#8954));
#1571=EDGE_LOOP('',(#8955));
#1572=EDGE_LOOP('',(#8956,#8957,#8958,#8959));
#1573=EDGE_LOOP('',(#8960,#8961,#8962,#8963,#8964,#8965,#8966,#8967,#8968,
#8969,#8970,#8971,#8972,#8973,#8974,#8975,#8976));
#1574=EDGE_LOOP('',(#8977));
#1575=EDGE_LOOP('',(#8978,#8979,#8980,#8981));
#1576=EDGE_LOOP('',(#8982,#8983,#8984,#8985));
#1577=EDGE_LOOP('',(#8986,#8987,#8988,#8989));
#1578=EDGE_LOOP('',(#8990,#8991,#8992,#8993));
#1579=EDGE_LOOP('',(#8994,#8995,#8996,#8997));
#1580=EDGE_LOOP('',(#8998,#8999,#9000,#9001));
#1581=EDGE_LOOP('',(#9002,#9003,#9004,#9005));
#1582=EDGE_LOOP('',(#9006,#9007,#9008,#9009));
#1583=EDGE_LOOP('',(#9010,#9011,#9012,#9013));
#1584=EDGE_LOOP('',(#9014,#9015,#9016,#9017));
#1585=EDGE_LOOP('',(#9018,#9019,#9020,#9021));
#1586=EDGE_LOOP('',(#9022));
#1587=EDGE_LOOP('',(#9023,#9024,#9025,#9026,#9027,#9028,#9029,#9030));
#1588=EDGE_LOOP('',(#9031,#9032,#9033,#9034));
#1589=EDGE_LOOP('',(#9035,#9036,#9037,#9038));
#1590=EDGE_LOOP('',(#9039,#9040,#9041,#9042,#9043,#9044,#9045,#9046));
#1591=EDGE_LOOP('',(#9047,#9048,#9049,#9050));
#1592=EDGE_LOOP('',(#9051,#9052,#9053,#9054));
#1593=EDGE_LOOP('',(#9055,#9056,#9057,#9058,#9059,#9060,#9061,#9062));
#1594=EDGE_LOOP('',(#9063,#9064,#9065,#9066));
#1595=EDGE_LOOP('',(#9067,#9068,#9069,#9070));
#1596=EDGE_LOOP('',(#9071,#9072,#9073,#9074));
#1597=EDGE_LOOP('',(#9075,#9076,#9077,#9078));
#1598=EDGE_LOOP('',(#9079,#9080,#9081,#9082));
#1599=EDGE_LOOP('',(#9083,#9084,#9085,#9086,#9087,#9088,#9089,#9090));
#1600=EDGE_LOOP('',(#9091,#9092,#9093,#9094));
#1601=EDGE_LOOP('',(#9095,#9096,#9097,#9098));
#1602=EDGE_LOOP('',(#9099,#9100,#9101,#9102,#9103,#9104,#9105,#9106,#9107,
#9108,#9109,#9110));
#1603=EDGE_LOOP('',(#9111));
#1604=EDGE_LOOP('',(#9112,#9113,#9114,#9115,#9116,#9117,#9118,#9119,#9120,
#9121,#9122,#9123));
#1605=EDGE_LOOP('',(#9124));
#1606=EDGE_LOOP('',(#9125,#9126,#9127,#9128));
#1607=EDGE_LOOP('',(#9129,#9130,#9131,#9132));
#1608=EDGE_LOOP('',(#9133,#9134,#9135,#9136));
#1609=EDGE_LOOP('',(#9137,#9138,#9139,#9140));
#1610=EDGE_LOOP('',(#9141));
#1611=EDGE_LOOP('',(#9142,#9143,#9144,#9145));
#1612=EDGE_LOOP('',(#9146,#9147,#9148,#9149));
#1613=EDGE_LOOP('',(#9150,#9151,#9152,#9153));
#1614=EDGE_LOOP('',(#9154));
#1615=EDGE_LOOP('',(#9155,#9156,#9157,#9158));
#1616=EDGE_LOOP('',(#9159,#9160,#9161,#9162));
#1617=EDGE_LOOP('',(#9163,#9164,#9165,#9166));
#1618=EDGE_LOOP('',(#9167));
#1619=EDGE_LOOP('',(#9168,#9169,#9170,#9171));
#1620=EDGE_LOOP('',(#9172,#9173,#9174,#9175));
#1621=EDGE_LOOP('',(#9176,#9177,#9178,#9179));
#1622=EDGE_LOOP('',(#9180,#9181,#9182,#9183,#9184,#9185,#9186,#9187,#9188,
#9189,#9190,#9191,#9192,#9193,#9194,#9195,#9196));
#1623=EDGE_LOOP('',(#9197));
#1624=EDGE_LOOP('',(#9198,#9199,#9200,#9201,#9202,#9203,#9204,#9205,#9206,
#9207,#9208,#9209,#9210,#9211,#9212,#9213,#9214));
#1625=EDGE_LOOP('',(#9215));
#1626=EDGE_LOOP('',(#9216,#9217,#9218,#9219));
#1627=EDGE_LOOP('',(#9220,#9221,#9222,#9223));
#1628=EDGE_LOOP('',(#9224,#9225,#9226,#9227));
#1629=EDGE_LOOP('',(#9228,#9229,#9230,#9231));
#1630=EDGE_LOOP('',(#9232,#9233,#9234,#9235));
#1631=EDGE_LOOP('',(#9236,#9237,#9238,#9239));
#1632=EDGE_LOOP('',(#9240,#9241,#9242,#9243));
#1633=EDGE_LOOP('',(#9244,#9245,#9246,#9247));
#1634=EDGE_LOOP('',(#9248,#9249,#9250,#9251));
#1635=EDGE_LOOP('',(#9252,#9253,#9254,#9255));
#1636=EDGE_LOOP('',(#9256,#9257,#9258,#9259));
#1637=EDGE_LOOP('',(#9260,#9261,#9262,#9263));
#1638=EDGE_LOOP('',(#9264,#9265,#9266,#9267));
#1639=EDGE_LOOP('',(#9268));
#1640=EDGE_LOOP('',(#9269,#9270,#9271,#9272));
#1641=EDGE_LOOP('',(#9273,#9274,#9275,#9276));
#1642=EDGE_LOOP('',(#9277,#9278,#9279,#9280));
#1643=EDGE_LOOP('',(#9281,#9282,#9283,#9284));
#1644=EDGE_LOOP('',(#9285));
#1645=EDGE_LOOP('',(#9286,#9287,#9288,#9289));
#1646=EDGE_LOOP('',(#9290,#9291,#9292,#9293));
#1647=EDGE_LOOP('',(#9294,#9295,#9296,#9297));
#1648=EDGE_LOOP('',(#9298,#9299,#9300,#9301));
#1649=EDGE_LOOP('',(#9302,#9303,#9304,#9305,#9306,#9307,#9308,#9309));
#1650=EDGE_LOOP('',(#9310,#9311,#9312,#9313,#9314,#9315,#9316,#9317));
#1651=EDGE_LOOP('',(#9318,#9319,#9320,#9321));
#1652=EDGE_LOOP('',(#9322,#9323,#9324,#9325,#9326,#9327,#9328,#9329,#9330,
#9331,#9332,#9333,#9334,#9335,#9336));
#1653=EDGE_LOOP('',(#9337,#9338,#9339,#9340));
#1654=EDGE_LOOP('',(#9341,#9342,#9343,#9344));
#1655=EDGE_LOOP('',(#9345,#9346,#9347,#9348));
#1656=EDGE_LOOP('',(#9349,#9350,#9351,#9352));
#1657=EDGE_LOOP('',(#9353,#9354,#9355,#9356,#9357,#9358));
#1658=EDGE_LOOP('',(#9359,#9360,#9361,#9362));
#1659=EDGE_LOOP('',(#9363,#9364,#9365,#9366));
#1660=EDGE_LOOP('',(#9367,#9368,#9369,#9370));
#1661=EDGE_LOOP('',(#9371,#9372,#9373,#9374));
#1662=EDGE_LOOP('',(#9375,#9376,#9377,#9378,#9379,#9380,#9381,#9382));
#1663=EDGE_LOOP('',(#9383,#9384,#9385,#9386));
#1664=EDGE_LOOP('',(#9387,#9388,#9389,#9390));
#1665=EDGE_LOOP('',(#9391,#9392,#9393,#9394,#9395,#9396,#9397,#9398,#9399,
#9400,#9401));
#1666=EDGE_LOOP('',(#9402,#9403,#9404,#9405));
#1667=EDGE_LOOP('',(#9406,#9407,#9408,#9409));
#1668=EDGE_LOOP('',(#9410,#9411,#9412,#9413));
#1669=EDGE_LOOP('',(#9414,#9415,#9416,#9417,#9418,#9419));
#1670=EDGE_LOOP('',(#9420,#9421,#9422,#9423));
#1671=EDGE_LOOP('',(#9424));
#1672=EDGE_LOOP('',(#9425,#9426,#9427,#9428));
#1673=EDGE_LOOP('',(#9429,#9430,#9431,#9432));
#1674=EDGE_LOOP('',(#9433,#9434,#9435,#9436));
#1675=EDGE_LOOP('',(#9437));
#1676=EDGE_LOOP('',(#9438,#9439,#9440,#9441));
#1677=EDGE_LOOP('',(#9442,#9443,#9444,#9445));
#1678=EDGE_LOOP('',(#9446,#9447,#9448,#9449));
#1679=EDGE_LOOP('',(#9450,#9451,#9452,#9453));
#1680=EDGE_LOOP('',(#9454,#9455,#9456,#9457,#9458,#9459,#9460,#9461,#9462,
#9463,#9464,#9465,#9466,#9467,#9468,#9469,#9470));
#1681=EDGE_LOOP('',(#9471));
#1682=EDGE_LOOP('',(#9472,#9473,#9474,#9475));
#1683=EDGE_LOOP('',(#9476,#9477,#9478,#9479,#9480,#9481,#9482,#9483,#9484,
#9485,#9486,#9487,#9488,#9489,#9490,#9491,#9492));
#1684=EDGE_LOOP('',(#9493));
#1685=EDGE_LOOP('',(#9494,#9495,#9496,#9497));
#1686=EDGE_LOOP('',(#9498,#9499,#9500,#9501));
#1687=EDGE_LOOP('',(#9502,#9503,#9504,#9505));
#1688=EDGE_LOOP('',(#9506,#9507,#9508,#9509));
#1689=EDGE_LOOP('',(#9510,#9511,#9512,#9513));
#1690=EDGE_LOOP('',(#9514,#9515,#9516,#9517));
#1691=EDGE_LOOP('',(#9518,#9519,#9520,#9521));
#1692=EDGE_LOOP('',(#9522,#9523,#9524,#9525));
#1693=EDGE_LOOP('',(#9526,#9527,#9528,#9529));
#1694=EDGE_LOOP('',(#9530,#9531,#9532,#9533));
#1695=EDGE_LOOP('',(#9534,#9535,#9536,#9537));
#1696=EDGE_LOOP('',(#9538));
#1697=EDGE_LOOP('',(#9539,#9540,#9541,#9542));
#1698=EDGE_LOOP('',(#9543,#9544,#9545,#9546));
#1699=EDGE_LOOP('',(#9547,#9548,#9549,#9550));
#1700=EDGE_LOOP('',(#9551,#9552,#9553,#9554));
#1701=EDGE_LOOP('',(#9555,#9556,#9557,#9558));
#1702=EDGE_LOOP('',(#9559,#9560,#9561,#9562));
#1703=EDGE_LOOP('',(#9563,#9564,#9565,#9566,#9567,#9568));
#1704=EDGE_LOOP('',(#9569,#9570,#9571,#9572,#9573,#9574,#9575,#9576));
#1705=EDGE_LOOP('',(#9577,#9578,#9579,#9580));
#1706=EDGE_LOOP('',(#9581,#9582,#9583,#9584));
#1707=EDGE_LOOP('',(#9585,#9586,#9587,#9588));
#1708=EDGE_LOOP('',(#9589,#9590,#9591,#9592,#9593,#9594));
#1709=EDGE_LOOP('',(#9595,#9596,#9597,#9598));
#1710=EDGE_LOOP('',(#9599,#9600,#9601,#9602,#9603,#9604,#9605,#9606,#9607,
#9608,#9609,#9610));
#1711=EDGE_LOOP('',(#9611));
#1712=EDGE_LOOP('',(#9612,#9613,#9614,#9615,#9616,#9617,#9618,#9619,#9620,
#9621,#9622,#9623,#9624,#9625,#9626,#9627));
#1713=EDGE_LOOP('',(#9628));
#1714=EDGE_LOOP('',(#9629,#9630,#9631,#9632));
#1715=EDGE_LOOP('',(#9633,#9634,#9635,#9636));
#1716=EDGE_LOOP('',(#9637,#9638,#9639,#9640));
#1717=EDGE_LOOP('',(#9641,#9642,#9643,#9644));
#1718=EDGE_LOOP('',(#9645));
#1719=EDGE_LOOP('',(#9646,#9647,#9648,#9649));
#1720=EDGE_LOOP('',(#9650,#9651,#9652,#9653));
#1721=EDGE_LOOP('',(#9654,#9655,#9656,#9657));
#1722=EDGE_LOOP('',(#9658));
#1723=EDGE_LOOP('',(#9659,#9660,#9661,#9662));
#1724=EDGE_LOOP('',(#9663,#9664,#9665,#9666));
#1725=EDGE_LOOP('',(#9667,#9668,#9669,#9670));
#1726=EDGE_LOOP('',(#9671));
#1727=EDGE_LOOP('',(#9672,#9673,#9674,#9675));
#1728=EDGE_LOOP('',(#9676,#9677,#9678,#9679));
#1729=EDGE_LOOP('',(#9680,#9681,#9682,#9683));
#1730=EDGE_LOOP('',(#9684,#9685,#9686,#9687,#9688,#9689,#9690,#9691,#9692,
#9693,#9694,#9695));
#1731=EDGE_LOOP('',(#9696));
#1732=EDGE_LOOP('',(#9697,#9698,#9699,#9700,#9701,#9702,#9703,#9704,#9705,
#9706,#9707,#9708));
#1733=EDGE_LOOP('',(#9709));
#1734=EDGE_LOOP('',(#9710,#9711,#9712,#9713));
#1735=EDGE_LOOP('',(#9714,#9715,#9716,#9717));
#1736=EDGE_LOOP('',(#9718,#9719,#9720,#9721,#9722,#9723,#9724,#9725));
#1737=EDGE_LOOP('',(#9726,#9727,#9728,#9729));
#1738=EDGE_LOOP('',(#9730,#9731,#9732,#9733));
#1739=EDGE_LOOP('',(#9734,#9735,#9736,#9737));
#1740=EDGE_LOOP('',(#9738,#9739,#9740,#9741));
#1741=EDGE_LOOP('',(#9742,#9743,#9744,#9745));
#1742=EDGE_LOOP('',(#9746,#9747,#9748,#9749,#9750,#9751,#9752,#9753));
#1743=EDGE_LOOP('',(#9754,#9755,#9756,#9757));
#1744=EDGE_LOOP('',(#9758,#9759,#9760,#9761));
#1745=EDGE_LOOP('',(#9762,#9763,#9764,#9765,#9766,#9767,#9768,#9769));
#1746=EDGE_LOOP('',(#9770,#9771,#9772,#9773));
#1747=EDGE_LOOP('',(#9774,#9775,#9776,#9777));
#1748=EDGE_LOOP('',(#9778,#9779,#9780,#9781,#9782,#9783,#9784,#9785));
#1749=EDGE_LOOP('',(#9786,#9787,#9788,#9789));
#1750=EDGE_LOOP('',(#9790));
#1751=EDGE_LOOP('',(#9791,#9792,#9793,#9794,#9795));
#1752=EDGE_LOOP('',(#9796,#9797,#9798,#9799,#9800));
#1753=EDGE_LOOP('',(#9801,#9802,#9803,#9804));
#1754=EDGE_LOOP('',(#9805,#9806,#9807));
#1755=EDGE_LOOP('',(#9808,#9809,#9810,#9811));
#1756=EDGE_LOOP('',(#9812,#9813,#9814,#9815));
#1757=EDGE_LOOP('',(#9816,#9817,#9818,#9819));
#1758=EDGE_LOOP('',(#9820,#9821,#9822,#9823));
#1759=EDGE_LOOP('',(#9824,#9825,#9826,#9827));
#1760=EDGE_LOOP('',(#9828,#9829,#9830,#9831));
#1761=EDGE_LOOP('',(#9832,#9833,#9834,#9835));
#1762=EDGE_LOOP('',(#9836,#9837,#9838,#9839));
#1763=EDGE_LOOP('',(#9840,#9841,#9842,#9843));
#1764=EDGE_LOOP('',(#9844,#9845,#9846,#9847,#9848,#9849,#9850,#9851,#9852,
#9853,#9854,#9855,#9856,#9857,#9858));
#1765=EDGE_LOOP('',(#9859,#9860,#9861,#9862,#9863,#9864,#9865,#9866,#9867,
#9868,#9869,#9870,#9871,#9872,#9873,#9874));
#1766=EDGE_LOOP('',(#9875));
#1767=EDGE_LOOP('',(#9876,#9877,#9878,#9879,#9880,#9881,#9882,#9883));
#1768=EDGE_LOOP('',(#9884,#9885,#9886,#9887));
#1769=EDGE_LOOP('',(#9888,#9889,#9890,#9891));
#1770=EDGE_LOOP('',(#9892,#9893,#9894,#9895,#9896,#9897,#9898,#9899));
#1771=EDGE_LOOP('',(#9900,#9901,#9902,#9903,#9904,#9905));
#1772=EDGE_LOOP('',(#9906,#9907,#9908,#9909));
#1773=EDGE_LOOP('',(#9910,#9911,#9912,#9913));
#1774=EDGE_LOOP('',(#9914));
#1775=EDGE_LOOP('',(#9915,#9916,#9917,#9918,#9919));
#1776=EDGE_LOOP('',(#9920,#9921,#9922,#9923));
#1777=EDGE_LOOP('',(#9924,#9925,#9926,#9927));
#1778=EDGE_LOOP('',(#9928));
#1779=EDGE_LOOP('',(#9929,#9930,#9931,#9932));
#1780=EDGE_LOOP('',(#9933,#9934,#9935,#9936));
#1781=EDGE_LOOP('',(#9937,#9938,#9939,#9940));
#1782=EDGE_LOOP('',(#9941));
#1783=EDGE_LOOP('',(#9942,#9943,#9944,#9945));
#1784=EDGE_LOOP('',(#9946,#9947,#9948,#9949));
#1785=EDGE_LOOP('',(#9950,#9951,#9952,#9953));
#1786=EDGE_LOOP('',(#9954,#9955,#9956,#9957,#9958,#9959,#9960,#9961,#9962,
#9963,#9964,#9965,#9966,#9967,#9968,#9969,#9970));
#1787=EDGE_LOOP('',(#9971));
#1788=EDGE_LOOP('',(#9972,#9973,#9974,#9975,#9976,#9977,#9978,#9979,#9980,
#9981,#9982,#9983,#9984,#9985,#9986,#9987,#9988));
#1789=EDGE_LOOP('',(#9989));
#1790=EDGE_LOOP('',(#9990,#9991,#9992,#9993));
#1791=EDGE_LOOP('',(#9994,#9995,#9996,#9997));
#1792=EDGE_LOOP('',(#9998,#9999,#10000,#10001));
#1793=EDGE_LOOP('',(#10002,#10003,#10004,#10005));
#1794=EDGE_LOOP('',(#10006,#10007,#10008,#10009));
#1795=EDGE_LOOP('',(#10010,#10011,#10012,#10013));
#1796=EDGE_LOOP('',(#10014,#10015,#10016,#10017));
#1797=EDGE_LOOP('',(#10018,#10019,#10020,#10021));
#1798=EDGE_LOOP('',(#10022,#10023,#10024,#10025));
#1799=EDGE_LOOP('',(#10026,#10027,#10028,#10029));
#1800=EDGE_LOOP('',(#10030,#10031,#10032,#10033));
#1801=EDGE_LOOP('',(#10034,#10035,#10036,#10037));
#1802=EDGE_LOOP('',(#10038,#10039,#10040,#10041));
#1803=EDGE_LOOP('',(#10042));
#1804=EDGE_LOOP('',(#10043,#10044,#10045,#10046));
#1805=EDGE_LOOP('',(#10047,#10048,#10049,#10050));
#1806=EDGE_LOOP('',(#10051,#10052,#10053,#10054));
#1807=EDGE_LOOP('',(#10055,#10056,#10057,#10058,#10059,#10060));
#1808=EDGE_LOOP('',(#10061,#10062,#10063,#10064));
#1809=EDGE_LOOP('',(#10065,#10066,#10067,#10068));
#1810=EDGE_LOOP('',(#10069,#10070,#10071,#10072));
#1811=EDGE_LOOP('',(#10073,#10074,#10075,#10076));
#1812=EDGE_LOOP('',(#10077,#10078,#10079,#10080,#10081,#10082,#10083,#10084));
#1813=EDGE_LOOP('',(#10085,#10086,#10087,#10088));
#1814=EDGE_LOOP('',(#10089,#10090,#10091,#10092));
#1815=EDGE_LOOP('',(#10093,#10094,#10095,#10096,#10097,#10098,#10099,#10100,
#10101,#10102,#10103,#10104,#10105,#10106,#10107,#10108));
#1816=EDGE_LOOP('',(#10109));
#1817=EDGE_LOOP('',(#10110,#10111,#10112,#10113));
#1818=EDGE_LOOP('',(#10114,#10115,#10116,#10117,#10118,#10119));
#1819=EDGE_LOOP('',(#10120,#10121,#10122,#10123,#10124,#10125,#10126,#10127,
#10128,#10129,#10130,#10131));
#1820=EDGE_LOOP('',(#10132));
#1821=EDGE_LOOP('',(#10133,#10134,#10135,#10136));
#1822=EDGE_LOOP('',(#10137,#10138,#10139,#10140));
#1823=EDGE_LOOP('',(#10141,#10142,#10143,#10144));
#1824=EDGE_LOOP('',(#10145,#10146,#10147,#10148));
#1825=EDGE_LOOP('',(#10149));
#1826=EDGE_LOOP('',(#10150,#10151,#10152,#10153));
#1827=EDGE_LOOP('',(#10154,#10155,#10156,#10157));
#1828=EDGE_LOOP('',(#10158,#10159,#10160,#10161));
#1829=EDGE_LOOP('',(#10162));
#1830=EDGE_LOOP('',(#10163,#10164,#10165,#10166));
#1831=EDGE_LOOP('',(#10167,#10168,#10169,#10170));
#1832=EDGE_LOOP('',(#10171,#10172,#10173,#10174));
#1833=EDGE_LOOP('',(#10175));
#1834=EDGE_LOOP('',(#10176,#10177,#10178,#10179));
#1835=EDGE_LOOP('',(#10180,#10181,#10182,#10183));
#1836=EDGE_LOOP('',(#10184,#10185,#10186,#10187));
#1837=EDGE_LOOP('',(#10188,#10189,#10190,#10191,#10192,#10193,#10194,#10195,
#10196,#10197,#10198,#10199));
#1838=EDGE_LOOP('',(#10200));
#1839=EDGE_LOOP('',(#10201,#10202,#10203,#10204,#10205,#10206,#10207,#10208,
#10209,#10210,#10211,#10212));
#1840=EDGE_LOOP('',(#10213));
#1841=EDGE_LOOP('',(#10214,#10215,#10216,#10217));
#1842=EDGE_LOOP('',(#10218,#10219,#10220,#10221,#10222,#10223,#10224,#10225));
#1843=EDGE_LOOP('',(#10226,#10227,#10228,#10229));
#1844=EDGE_LOOP('',(#10230,#10231,#10232,#10233));
#1845=EDGE_LOOP('',(#10234,#10235,#10236,#10237));
#1846=EDGE_LOOP('',(#10238,#10239,#10240,#10241));
#1847=EDGE_LOOP('',(#10242,#10243,#10244,#10245));
#1848=EDGE_LOOP('',(#10246,#10247,#10248,#10249,#10250,#10251,#10252,#10253));
#1849=EDGE_LOOP('',(#10254,#10255,#10256,#10257));
#1850=EDGE_LOOP('',(#10258,#10259,#10260,#10261));
#1851=EDGE_LOOP('',(#10262,#10263,#10264,#10265,#10266,#10267,#10268,#10269));
#1852=EDGE_LOOP('',(#10270,#10271,#10272,#10273));
#1853=EDGE_LOOP('',(#10274,#10275,#10276,#10277));
#1854=EDGE_LOOP('',(#10278,#10279,#10280,#10281,#10282,#10283,#10284,#10285));
#1855=EDGE_LOOP('',(#10286,#10287,#10288,#10289));
#1856=EDGE_LOOP('',(#10290,#10291,#10292,#10293));
#1857=EDGE_LOOP('',(#10294));
#1858=EDGE_LOOP('',(#10295,#10296,#10297,#10298));
#1859=EDGE_LOOP('',(#10299,#10300,#10301,#10302));
#1860=EDGE_LOOP('',(#10303,#10304,#10305,#10306,#10307,#10308,#10309,#10310));
#1861=EDGE_LOOP('',(#10311,#10312,#10313,#10314));
#1862=EDGE_LOOP('',(#10315,#10316,#10317,#10318));
#1863=EDGE_LOOP('',(#10319,#10320,#10321,#10322));
#1864=EDGE_LOOP('',(#10323,#10324,#10325,#10326));
#1865=EDGE_LOOP('',(#10327,#10328,#10329,#10330));
#1866=EDGE_LOOP('',(#10331,#10332,#10333,#10334,#10335,#10336,#10337,#10338));
#1867=EDGE_LOOP('',(#10339,#10340,#10341,#10342));
#1868=EDGE_LOOP('',(#10343,#10344,#10345,#10346));
#1869=EDGE_LOOP('',(#10347,#10348,#10349,#10350));
#1870=EDGE_LOOP('',(#10351,#10352,#10353,#10354));
#1871=EDGE_LOOP('',(#10355,#10356,#10357,#10358,#10359,#10360,#10361,#10362));
#1872=EDGE_LOOP('',(#10363,#10364,#10365,#10366,#10367,#10368,#10369,#10370));
#1873=EDGE_LOOP('',(#10371,#10372,#10373,#10374,#10375,#10376,#10377,#10378,
#10379,#10380,#10381,#10382));
#1874=EDGE_LOOP('',(#10383));
#1875=EDGE_LOOP('',(#10384,#10385,#10386,#10387,#10388,#10389,#10390,#10391,
#10392,#10393,#10394,#10395));
#1876=EDGE_LOOP('',(#10396));
#1877=EDGE_LOOP('',(#10397,#10398,#10399,#10400));
#1878=EDGE_LOOP('',(#10401,#10402,#10403,#10404));
#1879=EDGE_LOOP('',(#10405,#10406,#10407,#10408));
#1880=EDGE_LOOP('',(#10409,#10410,#10411,#10412));
#1881=EDGE_LOOP('',(#10413));
#1882=EDGE_LOOP('',(#10414,#10415,#10416,#10417));
#1883=EDGE_LOOP('',(#10418,#10419,#10420,#10421));
#1884=EDGE_LOOP('',(#10422,#10423,#10424,#10425));
#1885=EDGE_LOOP('',(#10426));
#1886=EDGE_LOOP('',(#10427,#10428,#10429,#10430));
#1887=EDGE_LOOP('',(#10431,#10432,#10433,#10434));
#1888=EDGE_LOOP('',(#10435,#10436,#10437,#10438));
#1889=EDGE_LOOP('',(#10439));
#1890=EDGE_LOOP('',(#10440,#10441,#10442,#10443));
#1891=EDGE_LOOP('',(#10444,#10445,#10446,#10447));
#1892=EDGE_LOOP('',(#10448,#10449,#10450,#10451));
#1893=EDGE_LOOP('',(#10452,#10453,#10454,#10455));
#1894=EDGE_LOOP('',(#10456,#10457,#10458,#10459,#10460,#10461,#10462,#10463,
#10464,#10465,#10466,#10467,#10468,#10469,#10470,#10471,#10472));
#1895=EDGE_LOOP('',(#10473));
#1896=EDGE_LOOP('',(#10474,#10475,#10476,#10477));
#1897=EDGE_LOOP('',(#10478,#10479,#10480,#10481,#10482,#10483,#10484,#10485,
#10486,#10487,#10488,#10489,#10490,#10491,#10492,#10493,#10494));
#1898=EDGE_LOOP('',(#10495));
#1899=EDGE_LOOP('',(#10496,#10497,#10498,#10499));
#1900=EDGE_LOOP('',(#10500,#10501,#10502,#10503));
#1901=EDGE_LOOP('',(#10504,#10505,#10506,#10507));
#1902=EDGE_LOOP('',(#10508,#10509,#10510,#10511));
#1903=EDGE_LOOP('',(#10512,#10513,#10514,#10515));
#1904=EDGE_LOOP('',(#10516,#10517,#10518,#10519));
#1905=EDGE_LOOP('',(#10520,#10521,#10522,#10523));
#1906=EDGE_LOOP('',(#10524,#10525,#10526,#10527));
#1907=EDGE_LOOP('',(#10528,#10529,#10530,#10531));
#1908=EDGE_LOOP('',(#10532,#10533,#10534,#10535));
#1909=EDGE_LOOP('',(#10536,#10537,#10538,#10539));
#1910=EDGE_LOOP('',(#10540));
#1911=EDGE_LOOP('',(#10541,#10542,#10543,#10544));
#1912=EDGE_LOOP('',(#10545,#10546,#10547,#10548));
#1913=EDGE_LOOP('',(#10549,#10550,#10551,#10552));
#1914=EDGE_LOOP('',(#10553,#10554,#10555,#10556,#10557,#10558));
#1915=EDGE_LOOP('',(#10559,#10560,#10561,#10562));
#1916=EDGE_LOOP('',(#10563,#10564,#10565,#10566));
#1917=EDGE_LOOP('',(#10567,#10568,#10569,#10570));
#1918=EDGE_LOOP('',(#10571,#10572,#10573,#10574));
#1919=EDGE_LOOP('',(#10575,#10576,#10577,#10578,#10579,#10580,#10581,#10582));
#1920=EDGE_LOOP('',(#10583,#10584,#10585,#10586));
#1921=EDGE_LOOP('',(#10587,#10588,#10589,#10590));
#1922=EDGE_LOOP('',(#10591,#10592,#10593,#10594));
#1923=EDGE_LOOP('',(#10595,#10596,#10597,#10598,#10599,#10600,#10601,#10602,
#10603,#10604,#10605,#10606,#10607,#10608,#10609,#10610));
#1924=EDGE_LOOP('',(#10611));
#1925=EDGE_LOOP('',(#10612,#10613,#10614,#10615,#10616,#10617));
#1926=EDGE_LOOP('',(#10618,#10619,#10620,#10621,#10622,#10623,#10624,#10625,
#10626,#10627,#10628,#10629));
#1927=EDGE_LOOP('',(#10630));
#1928=EDGE_LOOP('',(#10631,#10632,#10633,#10634));
#1929=EDGE_LOOP('',(#10635,#10636,#10637,#10638));
#1930=EDGE_LOOP('',(#10639,#10640,#10641,#10642));
#1931=EDGE_LOOP('',(#10643,#10644,#10645,#10646));
#1932=EDGE_LOOP('',(#10647));
#1933=EDGE_LOOP('',(#10648,#10649,#10650,#10651));
#1934=EDGE_LOOP('',(#10652,#10653,#10654,#10655));
#1935=EDGE_LOOP('',(#10656,#10657,#10658,#10659));
#1936=EDGE_LOOP('',(#10660));
#1937=EDGE_LOOP('',(#10661,#10662,#10663,#10664,#10665,#10666,#10667,#10668));
#1938=EDGE_LOOP('',(#10669,#10670,#10671,#10672,#10673,#10674,#10675,#10676));
#1939=EDGE_LOOP('',(#10677,#10678,#10679,#10680));
#1940=EDGE_LOOP('',(#10681));
#1941=EDGE_LOOP('',(#10682,#10683,#10684,#10685));
#1942=EDGE_LOOP('',(#10686,#10687,#10688,#10689));
#1943=EDGE_LOOP('',(#10690,#10691,#10692,#10693));
#1944=EDGE_LOOP('',(#10694,#10695,#10696,#10697));
#1945=EDGE_LOOP('',(#10698,#10699,#10700,#10701));
#1946=EDGE_LOOP('',(#10702,#10703,#10704,#10705));
#1947=EDGE_LOOP('',(#10706,#10707,#10708,#10709));
#1948=EDGE_LOOP('',(#10710,#10711,#10712,#10713));
#1949=EDGE_LOOP('',(#10714,#10715,#10716,#10717));
#1950=EDGE_LOOP('',(#10718,#10719,#10720,#10721));
#1951=EDGE_LOOP('',(#10722,#10723,#10724,#10725,#10726,#10727,#10728,#10729));
#1952=EDGE_LOOP('',(#10730,#10731,#10732,#10733));
#1953=EDGE_LOOP('',(#10734,#10735,#10736,#10737));
#1954=EDGE_LOOP('',(#10738,#10739,#10740,#10741));
#1955=EDGE_LOOP('',(#10742,#10743,#10744,#10745));
#1956=EDGE_LOOP('',(#10746,#10747,#10748,#10749));
#1957=EDGE_LOOP('',(#10750,#10751,#10752,#10753,#10754,#10755,#10756,#10757,
#10758,#10759,#10760));
#1958=EDGE_LOOP('',(#10761,#10762,#10763,#10764,#10765,#10766,#10767,#10768));
#1959=EDGE_LOOP('',(#10769,#10770,#10771,#10772,#10773,#10774));
#1960=EDGE_LOOP('',(#10775,#10776,#10777,#10778));
#1961=EDGE_LOOP('',(#10779,#10780,#10781,#10782,#10783,#10784,#10785,#10786,
#10787,#10788,#10789));
#1962=EDGE_LOOP('',(#10790,#10791,#10792,#10793,#10794,#10795,#10796,#10797));
#1963=EDGE_LOOP('',(#10798,#10799,#10800,#10801));
#1964=EDGE_LOOP('',(#10802,#10803,#10804,#10805));
#1965=EDGE_LOOP('',(#10806,#10807,#10808,#10809));
#1966=EDGE_LOOP('',(#10810,#10811,#10812,#10813));
#1967=EDGE_LOOP('',(#10814,#10815,#10816,#10817,#10818,#10819,#10820,#10821,
#10822,#10823));
#1968=EDGE_LOOP('',(#10824,#10825,#10826,#10827));
#1969=EDGE_LOOP('',(#10828,#10829,#10830,#10831));
#1970=EDGE_LOOP('',(#10832,#10833,#10834,#10835));
#1971=EDGE_LOOP('',(#10836,#10837,#10838,#10839));
#1972=EDGE_LOOP('',(#10840));
#1973=EDGE_LOOP('',(#10841,#10842,#10843,#10844));
#1974=EDGE_LOOP('',(#10845,#10846,#10847,#10848));
#1975=EDGE_LOOP('',(#10849,#10850,#10851,#10852,#10853,#10854));
#1976=EDGE_LOOP('',(#10855,#10856,#10857,#10858));
#1977=EDGE_LOOP('',(#10859,#10860,#10861,#10862));
#1978=EDGE_LOOP('',(#10863,#10864,#10865,#10866));
#1979=EDGE_LOOP('',(#10867,#10868,#10869,#10870));
#1980=EDGE_LOOP('',(#10871,#10872,#10873,#10874,#10875,#10876,#10877,#10878,
#10879,#10880,#10881,#10882));
#1981=EDGE_LOOP('',(#10883));
#1982=EDGE_LOOP('',(#10884,#10885,#10886,#10887));
#1983=EDGE_LOOP('',(#10888,#10889,#10890,#10891));
#1984=EDGE_LOOP('',(#10892,#10893,#10894,#10895));
#1985=EDGE_LOOP('',(#10896,#10897,#10898,#10899));
#1986=EDGE_LOOP('',(#10900,#10901,#10902,#10903,#10904,#10905,#10906,#10907));
#1987=EDGE_LOOP('',(#10908,#10909,#10910,#10911,#10912,#10913));
#1988=EDGE_LOOP('',(#10914,#10915,#10916,#10917,#10918,#10919,#10920,#10921,
#10922,#10923,#10924,#10925,#10926,#10927,#10928,#10929));
#1989=EDGE_LOOP('',(#10930));
#1990=EDGE_LOOP('',(#10931,#10932,#10933,#10934));
#1991=EDGE_LOOP('',(#10935,#10936,#10937,#10938));
#1992=EDGE_LOOP('',(#10939,#10940,#10941,#10942));
#1993=EDGE_LOOP('',(#10943,#10944,#10945,#10946));
#1994=EDGE_LOOP('',(#10947));
#1995=EDGE_LOOP('',(#10948,#10949,#10950,#10951));
#1996=EDGE_LOOP('',(#10952,#10953,#10954,#10955));
#1997=CIRCLE('',#11653,3.1);
#1998=CIRCLE('',#11655,3.1);
#1999=CIRCLE('',#11657,5.);
#2000=CIRCLE('',#11662,3.99999999999999);
#2001=CIRCLE('',#11663,3.99999999999999);
#2002=CIRCLE('',#11666,5.);
#2003=CIRCLE('',#11675,5.);
#2004=CIRCLE('',#11676,5.);
#2005=CIRCLE('',#11677,5.);
#2006=CIRCLE('',#11678,5.);
#2007=CIRCLE('',#11701,3.99999999999999);
#2008=CIRCLE('',#11702,3.99999999999999);
#2009=CIRCLE('',#11710,5.);
#2010=CIRCLE('',#11711,5.);
#2011=CIRCLE('',#11727,3.99999999999999);
#2012=CIRCLE('',#11728,3.99999999999999);
#2013=CIRCLE('',#11743,5.);
#2014=CIRCLE('',#11745,5.);
#2015=CIRCLE('',#11753,3.99999999999999);
#2016=CIRCLE('',#11754,3.99999999999999);
#2017=CIRCLE('',#11762,5.);
#2018=CIRCLE('',#11763,5.);
#2019=CIRCLE('',#11779,4.);
#2020=CIRCLE('',#11780,4.);
#2021=CIRCLE('',#11796,5.);
#2022=CIRCLE('',#11798,5.);
#2023=CIRCLE('',#11806,3.99999999999999);
#2024=CIRCLE('',#11807,3.99999999999999);
#2025=CIRCLE('',#11815,5.);
#2026=CIRCLE('',#11816,5.);
#2027=CIRCLE('',#11832,4.00000000000002);
#2028=CIRCLE('',#11833,4.00000000000002);
#2029=CIRCLE('',#11849,5.);
#2030=CIRCLE('',#11851,5.);
#2031=CIRCLE('',#11859,3.99999999999999);
#2032=CIRCLE('',#11860,3.99999999999999);
#2033=CIRCLE('',#11868,5.);
#2034=CIRCLE('',#11869,5.);
#2035=CIRCLE('',#11888,3.99999999999999);
#2036=CIRCLE('',#11889,3.99999999999999);
#2037=CIRCLE('',#11905,5.);
#2038=CIRCLE('',#11907,5.);
#2039=CIRCLE('',#11915,3.99999999999999);
#2040=CIRCLE('',#11916,3.99999999999999);
#2041=CIRCLE('',#11924,5.);
#2042=CIRCLE('',#11925,5.);
#2043=CIRCLE('',#11941,3.99999999999999);
#2044=CIRCLE('',#11942,3.99999999999999);
#2045=CIRCLE('',#11960,5.);
#2046=CIRCLE('',#11962,5.);
#2047=CIRCLE('',#11970,3.99999999999999);
#2048=CIRCLE('',#11971,3.99999999999999);
#2049=CIRCLE('',#11979,5.);
#2050=CIRCLE('',#11980,5.);
#2051=CIRCLE('',#11996,4.);
#2052=CIRCLE('',#11997,4.);
#2053=CIRCLE('',#12000,5.);
#2054=CIRCLE('',#12001,5.);
#2055=CIRCLE('',#12012,5.);
#2056=CIRCLE('',#12013,5.);
#2057=CIRCLE('',#12033,3.99999999999999);
#2058=CIRCLE('',#12034,3.99999999999999);
#2059=CIRCLE('',#12042,5.);
#2060=CIRCLE('',#12043,5.);
#2061=CIRCLE('',#12059,4.00000000000002);
#2062=CIRCLE('',#12060,4.00000000000002);
#2063=CIRCLE('',#12076,5.);
#2064=CIRCLE('',#12078,5.);
#2065=CIRCLE('',#12086,3.99999999999999);
#2066=CIRCLE('',#12087,3.99999999999999);
#2067=CIRCLE('',#12095,5.);
#2068=CIRCLE('',#12096,5.);
#2069=CIRCLE('',#12115,3.99999999999999);
#2070=CIRCLE('',#12116,3.99999999999999);
#2071=CIRCLE('',#12132,5.);
#2072=CIRCLE('',#12133,5.);
#2073=CIRCLE('',#12135,5.);
#2074=CIRCLE('',#12137,5.);
#2075=CIRCLE('',#12147,3.99999999999999);
#2076=CIRCLE('',#12148,3.99999999999999);
#2077=CIRCLE('',#12156,5.);
#2078=CIRCLE('',#12157,5.);
#2079=CIRCLE('',#12173,4.00000000000002);
#2080=CIRCLE('',#12174,4.00000000000002);
#2081=CIRCLE('',#12188,5.);
#2082=CIRCLE('',#12192,5.);
#2083=CIRCLE('',#12200,3.99999999999999);
#2084=CIRCLE('',#12201,3.99999999999999);
#2085=CIRCLE('',#12209,5.);
#2086=CIRCLE('',#12210,5.);
#2087=CIRCLE('',#12229,3.99999999999999);
#2088=CIRCLE('',#12230,3.99999999999999);
#2089=CIRCLE('',#12248,5.);
#2090=CIRCLE('',#12250,5.);
#2091=CIRCLE('',#12258,3.99999999999999);
#2092=CIRCLE('',#12259,3.99999999999999);
#2093=CIRCLE('',#12267,5.);
#2094=CIRCLE('',#12268,5.);
#2095=CIRCLE('',#12284,4.00000000000002);
#2096=CIRCLE('',#12285,4.00000000000002);
#2097=CIRCLE('',#12300,5.);
#2098=CIRCLE('',#12303,5.);
#2099=CIRCLE('',#12311,3.99999999999999);
#2100=CIRCLE('',#12312,3.99999999999999);
#2101=CIRCLE('',#12315,5.);
#2102=CIRCLE('',#12317,5.);
#2103=CIRCLE('',#12336,5.);
#2104=CIRCLE('',#12341,5.);
#2105=CIRCLE('',#12352,4.00000000000001);
#2106=CIRCLE('',#12353,4.00000000000001);
#2107=CIRCLE('',#12363,5.);
#2108=CIRCLE('',#12371,5.);
#2109=LINE('',#15325,#3598);
#2110=LINE('',#15328,#3599);
#2111=LINE('',#15332,#3600);
#2112=LINE('',#15334,#3601);
#2113=LINE('',#15338,#3602);
#2114=LINE('',#15341,#3603);
#2115=LINE('',#15344,#3604);
#2116=LINE('',#15345,#3605);
#2117=LINE('',#15348,#3606);
#2118=LINE('',#15350,#3607);
#2119=LINE('',#15351,#3608);
#2120=LINE('',#15353,#3609);
#2121=LINE('',#15358,#3610);
#2122=LINE('',#15364,#3611);
#2123=LINE('',#15366,#3612);
#2124=LINE('',#15368,#3613);
#2125=LINE('',#15370,#3614);
#2126=LINE('',#15372,#3615);
#2127=LINE('',#15376,#3616);
#2128=LINE('',#15377,#3617);
#2129=LINE('',#15380,#3618);
#2130=LINE('',#15382,#3619);
#2131=LINE('',#15383,#3620);
#2132=LINE('',#15386,#3621);
#2133=LINE('',#15388,#3622);
#2134=LINE('',#15389,#3623);
#2135=LINE('',#15393,#3624);
#2136=LINE('',#15394,#3625);
#2137=LINE('',#15395,#3626);
#2138=LINE('',#15398,#3627);
#2139=LINE('',#15400,#3628);
#2140=LINE('',#15402,#3629);
#2141=LINE('',#15404,#3630);
#2142=LINE('',#15405,#3631);
#2143=LINE('',#15408,#3632);
#2144=LINE('',#15409,#3633);
#2145=LINE('',#15412,#3634);
#2146=LINE('',#15413,#3635);
#2147=LINE('',#15416,#3636);
#2148=LINE('',#15418,#3637);
#2149=LINE('',#15420,#3638);
#2150=LINE('',#15421,#3639);
#2151=LINE('',#15426,#3640);
#2152=LINE('',#15429,#3641);
#2153=LINE('',#15431,#3642);
#2154=LINE('',#15434,#3643);
#2155=LINE('',#15438,#3644);
#2156=LINE('',#15440,#3645);
#2157=LINE('',#15441,#3646);
#2158=LINE('',#15444,#3647);
#2159=LINE('',#15445,#3648);
#2160=LINE('',#15448,#3649);
#2161=LINE('',#15449,#3650);
#2162=LINE('',#15451,#3651);
#2163=LINE('',#15454,#3652);
#2164=LINE('',#15456,#3653);
#2165=LINE('',#15458,#3654);
#2166=LINE('',#15460,#3655);
#2167=LINE('',#15462,#3656);
#2168=LINE('',#15464,#3657);
#2169=LINE('',#15466,#3658);
#2170=LINE('',#15468,#3659);
#2171=LINE('',#15470,#3660);
#2172=LINE('',#15472,#3661);
#2173=LINE('',#15474,#3662);
#2174=LINE('',#15475,#3663);
#2175=LINE('',#15477,#3664);
#2176=LINE('',#15480,#3665);
#2177=LINE('',#15481,#3666);
#2178=LINE('',#15484,#3667);
#2179=LINE('',#15485,#3668);
#2180=LINE('',#15488,#3669);
#2181=LINE('',#15489,#3670);
#2182=LINE('',#15492,#3671);
#2183=LINE('',#15493,#3672);
#2184=LINE('',#15496,#3673);
#2185=LINE('',#15497,#3674);
#2186=LINE('',#15501,#3675);
#2187=LINE('',#15502,#3676);
#2188=LINE('',#15503,#3677);
#2189=LINE('',#15505,#3678);
#2190=LINE('',#15508,#3679);
#2191=LINE('',#15509,#3680);
#2192=LINE('',#15513,#3681);
#2193=LINE('',#15514,#3682);
#2194=LINE('',#15515,#3683);
#2195=LINE('',#15518,#3684);
#2196=LINE('',#15519,#3685);
#2197=LINE('',#15520,#3686);
#2198=LINE('',#15523,#3687);
#2199=LINE('',#15524,#3688);
#2200=LINE('',#15532,#3689);
#2201=LINE('',#15538,#3690);
#2202=LINE('',#15540,#3691);
#2203=LINE('',#15542,#3692);
#2204=LINE('',#15543,#3693);
#2205=LINE('',#15546,#3694);
#2206=LINE('',#15548,#3695);
#2207=LINE('',#15549,#3696);
#2208=LINE('',#15552,#3697);
#2209=LINE('',#15554,#3698);
#2210=LINE('',#15555,#3699);
#2211=LINE('',#15558,#3700);
#2212=LINE('',#15560,#3701);
#2213=LINE('',#15561,#3702);
#2214=LINE('',#15564,#3703);
#2215=LINE('',#15566,#3704);
#2216=LINE('',#15567,#3705);
#2217=LINE('',#15572,#3706);
#2218=LINE('',#15576,#3707);
#2219=LINE('',#15578,#3708);
#2220=LINE('',#15580,#3709);
#2221=LINE('',#15582,#3710);
#2222=LINE('',#15584,#3711);
#2223=LINE('',#15586,#3712);
#2224=LINE('',#15588,#3713);
#2225=LINE('',#15590,#3714);
#2226=LINE('',#15592,#3715);
#2227=LINE('',#15594,#3716);
#2228=LINE('',#15596,#3717);
#2229=LINE('',#15597,#3718);
#2230=LINE('',#15600,#3719);
#2231=LINE('',#15602,#3720);
#2232=LINE('',#15604,#3721);
#2233=LINE('',#15606,#3722);
#2234=LINE('',#15608,#3723);
#2235=LINE('',#15610,#3724);
#2236=LINE('',#15612,#3725);
#2237=LINE('',#15614,#3726);
#2238=LINE('',#15616,#3727);
#2239=LINE('',#15618,#3728);
#2240=LINE('',#15620,#3729);
#2241=LINE('',#15621,#3730);
#2242=LINE('',#15623,#3731);
#2243=LINE('',#15625,#3732);
#2244=LINE('',#15626,#3733);
#2245=LINE('',#15628,#3734);
#2246=LINE('',#15630,#3735);
#2247=LINE('',#15632,#3736);
#2248=LINE('',#15634,#3737);
#2249=LINE('',#15636,#3738);
#2250=LINE('',#15637,#3739);
#2251=LINE('',#15639,#3740);
#2252=LINE('',#15643,#3741);
#2253=LINE('',#15649,#3742);
#2254=LINE('',#15655,#3743);
#2255=LINE('',#15657,#3744);
#2256=LINE('',#15659,#3745);
#2257=LINE('',#15660,#3746);
#2258=LINE('',#15664,#3747);
#2259=LINE('',#15666,#3748);
#2260=LINE('',#15668,#3749);
#2261=LINE('',#15669,#3750);
#2262=LINE('',#15673,#3751);
#2263=LINE('',#15674,#3752);
#2264=LINE('',#15675,#3753);
#2265=LINE('',#15677,#3754);
#2266=LINE('',#15678,#3755);
#2267=LINE('',#15682,#3756);
#2268=LINE('',#15683,#3757);
#2269=LINE('',#15684,#3758);
#2270=LINE('',#15688,#3759);
#2271=LINE('',#15690,#3760);
#2272=LINE('',#15692,#3761);
#2273=LINE('',#15693,#3762);
#2274=LINE('',#15696,#3763);
#2275=LINE('',#15698,#3764);
#2276=LINE('',#15699,#3765);
#2277=LINE('',#15702,#3766);
#2278=LINE('',#15704,#3767);
#2279=LINE('',#15705,#3768);
#2280=LINE('',#15707,#3769);
#2281=LINE('',#15708,#3770);
#2282=LINE('',#15711,#3771);
#2283=LINE('',#15713,#3772);
#2284=LINE('',#15714,#3773);
#2285=LINE('',#15717,#3774);
#2286=LINE('',#15719,#3775);
#2287=LINE('',#15720,#3776);
#2288=LINE('',#15723,#3777);
#2289=LINE('',#15725,#3778);
#2290=LINE('',#15726,#3779);
#2291=LINE('',#15729,#3780);
#2292=LINE('',#15731,#3781);
#2293=LINE('',#15733,#3782);
#2294=LINE('',#15735,#3783);
#2295=LINE('',#15736,#3784);
#2296=LINE('',#15741,#3785);
#2297=LINE('',#15743,#3786);
#2298=LINE('',#15745,#3787);
#2299=LINE('',#15747,#3788);
#2300=LINE('',#15748,#3789);
#2301=LINE('',#15752,#3790);
#2302=LINE('',#15754,#3791);
#2303=LINE('',#15756,#3792);
#2304=LINE('',#15758,#3793);
#2305=LINE('',#15760,#3794);
#2306=LINE('',#15766,#3795);
#2307=LINE('',#15772,#3796);
#2308=LINE('',#15774,#3797);
#2309=LINE('',#15776,#3798);
#2310=LINE('',#15777,#3799);
#2311=LINE('',#15780,#3800);
#2312=LINE('',#15782,#3801);
#2313=LINE('',#15783,#3802);
#2314=LINE('',#15786,#3803);
#2315=LINE('',#15788,#3804);
#2316=LINE('',#15789,#3805);
#2317=LINE('',#15792,#3806);
#2318=LINE('',#15794,#3807);
#2319=LINE('',#15795,#3808);
#2320=LINE('',#15798,#3809);
#2321=LINE('',#15800,#3810);
#2322=LINE('',#15801,#3811);
#2323=LINE('',#15806,#3812);
#2324=LINE('',#15810,#3813);
#2325=LINE('',#15812,#3814);
#2326=LINE('',#15813,#3815);
#2327=LINE('',#15816,#3816);
#2328=LINE('',#15818,#3817);
#2329=LINE('',#15820,#3818);
#2330=LINE('',#15822,#3819);
#2331=LINE('',#15824,#3820);
#2332=LINE('',#15826,#3821);
#2333=LINE('',#15828,#3822);
#2334=LINE('',#15830,#3823);
#2335=LINE('',#15832,#3824);
#2336=LINE('',#15834,#3825);
#2337=LINE('',#15835,#3826);
#2338=LINE('',#15838,#3827);
#2339=LINE('',#15840,#3828);
#2340=LINE('',#15841,#3829);
#2341=LINE('',#15844,#3830);
#2342=LINE('',#15845,#3831);
#2343=LINE('',#15848,#3832);
#2344=LINE('',#15850,#3833);
#2345=LINE('',#15852,#3834);
#2346=LINE('',#15854,#3835);
#2347=LINE('',#15856,#3836);
#2348=LINE('',#15858,#3837);
#2349=LINE('',#15860,#3838);
#2350=LINE('',#15861,#3839);
#2351=LINE('',#15862,#3840);
#2352=LINE('',#15865,#3841);
#2353=LINE('',#15867,#3842);
#2354=LINE('',#15868,#3843);
#2355=LINE('',#15870,#3844);
#2356=LINE('',#15873,#3845);
#2357=LINE('',#15875,#3846);
#2358=LINE('',#15877,#3847);
#2359=LINE('',#15883,#3848);
#2360=LINE('',#15889,#3849);
#2361=LINE('',#15891,#3850);
#2362=LINE('',#15893,#3851);
#2363=LINE('',#15894,#3852);
#2364=LINE('',#15898,#3853);
#2365=LINE('',#15900,#3854);
#2366=LINE('',#15902,#3855);
#2367=LINE('',#15904,#3856);
#2368=LINE('',#15906,#3857);
#2369=LINE('',#15907,#3858);
#2370=LINE('',#15909,#3859);
#2371=LINE('',#15910,#3860);
#2372=LINE('',#15914,#3861);
#2373=LINE('',#15916,#3862);
#2374=LINE('',#15918,#3863);
#2375=LINE('',#15919,#3864);
#2376=LINE('',#15923,#3865);
#2377=LINE('',#15924,#3866);
#2378=LINE('',#15925,#3867);
#2379=LINE('',#15928,#3868);
#2380=LINE('',#15930,#3869);
#2381=LINE('',#15932,#3870);
#2382=LINE('',#15933,#3871);
#2383=LINE('',#15937,#3872);
#2384=LINE('',#15939,#3873);
#2385=LINE('',#15940,#3874);
#2386=LINE('',#15941,#3875);
#2387=LINE('',#15944,#3876);
#2388=LINE('',#15945,#3877);
#2389=LINE('',#15948,#3878);
#2390=LINE('',#15949,#3879);
#2391=LINE('',#15951,#3880);
#2392=LINE('',#15952,#3881);
#2393=LINE('',#15954,#3882);
#2394=LINE('',#15958,#3883);
#2395=LINE('',#15960,#3884);
#2396=LINE('',#15962,#3885);
#2397=LINE('',#15963,#3886);
#2398=LINE('',#15965,#3887);
#2399=LINE('',#15966,#3888);
#2400=LINE('',#15969,#3889);
#2401=LINE('',#15971,#3890);
#2402=LINE('',#15973,#3891);
#2403=LINE('',#15975,#3892);
#2404=LINE('',#15976,#3893);
#2405=LINE('',#15981,#3894);
#2406=LINE('',#15983,#3895);
#2407=LINE('',#15985,#3896);
#2408=LINE('',#15987,#3897);
#2409=LINE('',#15988,#3898);
#2410=LINE('',#15992,#3899);
#2411=LINE('',#15994,#3900);
#2412=LINE('',#15996,#3901);
#2413=LINE('',#15998,#3902);
#2414=LINE('',#16000,#3903);
#2415=LINE('',#16006,#3904);
#2416=LINE('',#16012,#3905);
#2417=LINE('',#16014,#3906);
#2418=LINE('',#16016,#3907);
#2419=LINE('',#16017,#3908);
#2420=LINE('',#16020,#3909);
#2421=LINE('',#16022,#3910);
#2422=LINE('',#16023,#3911);
#2423=LINE('',#16026,#3912);
#2424=LINE('',#16028,#3913);
#2425=LINE('',#16029,#3914);
#2426=LINE('',#16032,#3915);
#2427=LINE('',#16034,#3916);
#2428=LINE('',#16035,#3917);
#2429=LINE('',#16038,#3918);
#2430=LINE('',#16040,#3919);
#2431=LINE('',#16041,#3920);
#2432=LINE('',#16046,#3921);
#2433=LINE('',#16050,#3922);
#2434=LINE('',#16052,#3923);
#2435=LINE('',#16053,#3924);
#2436=LINE('',#16056,#3925);
#2437=LINE('',#16058,#3926);
#2438=LINE('',#16060,#3927);
#2439=LINE('',#16062,#3928);
#2440=LINE('',#16064,#3929);
#2441=LINE('',#16066,#3930);
#2442=LINE('',#16068,#3931);
#2443=LINE('',#16070,#3932);
#2444=LINE('',#16072,#3933);
#2445=LINE('',#16074,#3934);
#2446=LINE('',#16075,#3935);
#2447=LINE('',#16078,#3936);
#2448=LINE('',#16080,#3937);
#2449=LINE('',#16081,#3938);
#2450=LINE('',#16084,#3939);
#2451=LINE('',#16085,#3940);
#2452=LINE('',#16087,#3941);
#2453=LINE('',#16089,#3942);
#2454=LINE('',#16091,#3943);
#2455=LINE('',#16093,#3944);
#2456=LINE('',#16095,#3945);
#2457=LINE('',#16097,#3946);
#2458=LINE('',#16099,#3947);
#2459=LINE('',#16100,#3948);
#2460=LINE('',#16102,#3949);
#2461=LINE('',#16105,#3950);
#2462=LINE('',#16107,#3951);
#2463=LINE('',#16108,#3952);
#2464=LINE('',#16110,#3953);
#2465=LINE('',#16112,#3954);
#2466=LINE('',#16115,#3955);
#2467=LINE('',#16117,#3956);
#2468=LINE('',#16123,#3957);
#2469=LINE('',#16129,#3958);
#2470=LINE('',#16131,#3959);
#2471=LINE('',#16133,#3960);
#2472=LINE('',#16134,#3961);
#2473=LINE('',#16138,#3962);
#2474=LINE('',#16140,#3963);
#2475=LINE('',#16142,#3964);
#2476=LINE('',#16144,#3965);
#2477=LINE('',#16146,#3966);
#2478=LINE('',#16147,#3967);
#2479=LINE('',#16149,#3968);
#2480=LINE('',#16150,#3969);
#2481=LINE('',#16154,#3970);
#2482=LINE('',#16155,#3971);
#2483=LINE('',#16157,#3972);
#2484=LINE('',#16159,#3973);
#2485=LINE('',#16160,#3974);
#2486=LINE('',#16164,#3975);
#2487=LINE('',#16166,#3976);
#2488=LINE('',#16168,#3977);
#2489=LINE('',#16169,#3978);
#2490=LINE('',#16172,#3979);
#2491=LINE('',#16173,#3980);
#2492=LINE('',#16176,#3981);
#2493=LINE('',#16178,#3982);
#2494=LINE('',#16179,#3983);
#2495=LINE('',#16182,#3984);
#2496=LINE('',#16183,#3985);
#2497=LINE('',#16185,#3986);
#2498=LINE('',#16188,#3987);
#2499=LINE('',#16190,#3988);
#2500=LINE('',#16191,#3989);
#2501=LINE('',#16193,#3990);
#2502=LINE('',#16194,#3991);
#2503=LINE('',#16198,#3992);
#2504=LINE('',#16200,#3993);
#2505=LINE('',#16202,#3994);
#2506=LINE('',#16203,#3995);
#2507=LINE('',#16205,#3996);
#2508=LINE('',#16206,#3997);
#2509=LINE('',#16209,#3998);
#2510=LINE('',#16211,#3999);
#2511=LINE('',#16213,#4000);
#2512=LINE('',#16215,#4001);
#2513=LINE('',#16216,#4002);
#2514=LINE('',#16221,#4003);
#2515=LINE('',#16223,#4004);
#2516=LINE('',#16225,#4005);
#2517=LINE('',#16227,#4006);
#2518=LINE('',#16228,#4007);
#2519=LINE('',#16232,#4008);
#2520=LINE('',#16234,#4009);
#2521=LINE('',#16236,#4010);
#2522=LINE('',#16238,#4011);
#2523=LINE('',#16240,#4012);
#2524=LINE('',#16246,#4013);
#2525=LINE('',#16252,#4014);
#2526=LINE('',#16254,#4015);
#2527=LINE('',#16256,#4016);
#2528=LINE('',#16257,#4017);
#2529=LINE('',#16260,#4018);
#2530=LINE('',#16262,#4019);
#2531=LINE('',#16263,#4020);
#2532=LINE('',#16266,#4021);
#2533=LINE('',#16268,#4022);
#2534=LINE('',#16269,#4023);
#2535=LINE('',#16272,#4024);
#2536=LINE('',#16274,#4025);
#2537=LINE('',#16275,#4026);
#2538=LINE('',#16278,#4027);
#2539=LINE('',#16280,#4028);
#2540=LINE('',#16281,#4029);
#2541=LINE('',#16286,#4030);
#2542=LINE('',#16290,#4031);
#2543=LINE('',#16292,#4032);
#2544=LINE('',#16294,#4033);
#2545=LINE('',#16296,#4034);
#2546=LINE('',#16298,#4035);
#2547=LINE('',#16300,#4036);
#2548=LINE('',#16301,#4037);
#2549=LINE('',#16304,#4038);
#2550=LINE('',#16306,#4039);
#2551=LINE('',#16308,#4040);
#2552=LINE('',#16310,#4041);
#2553=LINE('',#16312,#4042);
#2554=LINE('',#16314,#4043);
#2555=LINE('',#16315,#4044);
#2556=LINE('',#16317,#4045);
#2557=LINE('',#16318,#4046);
#2558=LINE('',#16323,#4047);
#2559=LINE('',#16325,#4048);
#2560=LINE('',#16327,#4049);
#2561=LINE('',#16328,#4050);
#2562=LINE('',#16329,#4051);
#2563=LINE('',#16330,#4052);
#2564=LINE('',#16332,#4053);
#2565=LINE('',#16336,#4054);
#2566=LINE('',#16338,#4055);
#2567=LINE('',#16340,#4056);
#2568=LINE('',#16341,#4057);
#2569=LINE('',#16344,#4058);
#2570=LINE('',#16346,#4059);
#2571=LINE('',#16347,#4060);
#2572=LINE('',#16349,#4061);
#2573=LINE('',#16350,#4062);
#2574=LINE('',#16353,#4063);
#2575=LINE('',#16354,#4064);
#2576=LINE('',#16357,#4065);
#2577=LINE('',#16359,#4066);
#2578=LINE('',#16361,#4067);
#2579=LINE('',#16362,#4068);
#2580=LINE('',#16365,#4069);
#2581=LINE('',#16366,#4070);
#2582=LINE('',#16370,#4071);
#2583=LINE('',#16371,#4072);
#2584=LINE('',#16373,#4073);
#2585=LINE('',#16375,#4074);
#2586=LINE('',#16381,#4075);
#2587=LINE('',#16387,#4076);
#2588=LINE('',#16389,#4077);
#2589=LINE('',#16391,#4078);
#2590=LINE('',#16393,#4079);
#2591=LINE('',#16395,#4080);
#2592=LINE('',#16396,#4081);
#2593=LINE('',#16400,#4082);
#2594=LINE('',#16401,#4083);
#2595=LINE('',#16402,#4084);
#2596=LINE('',#16406,#4085);
#2597=LINE('',#16407,#4086);
#2598=LINE('',#16408,#4087);
#2599=LINE('',#16412,#4088);
#2600=LINE('',#16414,#4089);
#2601=LINE('',#16416,#4090);
#2602=LINE('',#16417,#4091);
#2603=LINE('',#16421,#4092);
#2604=LINE('',#16422,#4093);
#2605=LINE('',#16423,#4094);
#2606=LINE('',#16426,#4095);
#2607=LINE('',#16428,#4096);
#2608=LINE('',#16430,#4097);
#2609=LINE('',#16431,#4098);
#2610=LINE('',#16435,#4099);
#2611=LINE('',#16436,#4100);
#2612=LINE('',#16437,#4101);
#2613=LINE('',#16440,#4102);
#2614=LINE('',#16441,#4103);
#2615=LINE('',#16443,#4104);
#2616=LINE('',#16446,#4105);
#2617=LINE('',#16448,#4106);
#2618=LINE('',#16449,#4107);
#2619=LINE('',#16451,#4108);
#2620=LINE('',#16452,#4109);
#2621=LINE('',#16456,#4110);
#2622=LINE('',#16458,#4111);
#2623=LINE('',#16460,#4112);
#2624=LINE('',#16461,#4113);
#2625=LINE('',#16463,#4114);
#2626=LINE('',#16464,#4115);
#2627=LINE('',#16467,#4116);
#2628=LINE('',#16469,#4117);
#2629=LINE('',#16471,#4118);
#2630=LINE('',#16473,#4119);
#2631=LINE('',#16474,#4120);
#2632=LINE('',#16479,#4121);
#2633=LINE('',#16481,#4122);
#2634=LINE('',#16483,#4123);
#2635=LINE('',#16485,#4124);
#2636=LINE('',#16486,#4125);
#2637=LINE('',#16490,#4126);
#2638=LINE('',#16492,#4127);
#2639=LINE('',#16494,#4128);
#2640=LINE('',#16496,#4129);
#2641=LINE('',#16498,#4130);
#2642=LINE('',#16504,#4131);
#2643=LINE('',#16510,#4132);
#2644=LINE('',#16512,#4133);
#2645=LINE('',#16514,#4134);
#2646=LINE('',#16515,#4135);
#2647=LINE('',#16518,#4136);
#2648=LINE('',#16520,#4137);
#2649=LINE('',#16521,#4138);
#2650=LINE('',#16524,#4139);
#2651=LINE('',#16526,#4140);
#2652=LINE('',#16527,#4141);
#2653=LINE('',#16530,#4142);
#2654=LINE('',#16532,#4143);
#2655=LINE('',#16533,#4144);
#2656=LINE('',#16536,#4145);
#2657=LINE('',#16538,#4146);
#2658=LINE('',#16539,#4147);
#2659=LINE('',#16544,#4148);
#2660=LINE('',#16548,#4149);
#2661=LINE('',#16550,#4150);
#2662=LINE('',#16551,#4151);
#2663=LINE('',#16554,#4152);
#2664=LINE('',#16556,#4153);
#2665=LINE('',#16558,#4154);
#2666=LINE('',#16560,#4155);
#2667=LINE('',#16562,#4156);
#2668=LINE('',#16564,#4157);
#2669=LINE('',#16566,#4158);
#2670=LINE('',#16568,#4159);
#2671=LINE('',#16570,#4160);
#2672=LINE('',#16572,#4161);
#2673=LINE('',#16573,#4162);
#2674=LINE('',#16576,#4163);
#2675=LINE('',#16578,#4164);
#2676=LINE('',#16579,#4165);
#2677=LINE('',#16582,#4166);
#2678=LINE('',#16583,#4167);
#2679=LINE('',#16585,#4168);
#2680=LINE('',#16587,#4169);
#2681=LINE('',#16589,#4170);
#2682=LINE('',#16591,#4171);
#2683=LINE('',#16593,#4172);
#2684=LINE('',#16595,#4173);
#2685=LINE('',#16597,#4174);
#2686=LINE('',#16598,#4175);
#2687=LINE('',#16600,#4176);
#2688=LINE('',#16603,#4177);
#2689=LINE('',#16605,#4178);
#2690=LINE('',#16606,#4179);
#2691=LINE('',#16608,#4180);
#2692=LINE('',#16610,#4181);
#2693=LINE('',#16613,#4182);
#2694=LINE('',#16615,#4183);
#2695=LINE('',#16621,#4184);
#2696=LINE('',#16627,#4185);
#2697=LINE('',#16629,#4186);
#2698=LINE('',#16631,#4187);
#2699=LINE('',#16633,#4188);
#2700=LINE('',#16635,#4189);
#2701=LINE('',#16637,#4190);
#2702=LINE('',#16639,#4191);
#2703=LINE('',#16640,#4192);
#2704=LINE('',#16644,#4193);
#2705=LINE('',#16645,#4194);
#2706=LINE('',#16646,#4195);
#2707=LINE('',#16650,#4196);
#2708=LINE('',#16651,#4197);
#2709=LINE('',#16652,#4198);
#2710=LINE('',#16656,#4199);
#2711=LINE('',#16657,#4200);
#2712=LINE('',#16659,#4201);
#2713=LINE('',#16661,#4202);
#2714=LINE('',#16663,#4203);
#2715=LINE('',#16664,#4204);
#2716=LINE('',#16668,#4205);
#2717=LINE('',#16670,#4206);
#2718=LINE('',#16672,#4207);
#2719=LINE('',#16673,#4208);
#2720=LINE('',#16676,#4209);
#2721=LINE('',#16677,#4210);
#2722=LINE('',#16680,#4211);
#2723=LINE('',#16682,#4212);
#2724=LINE('',#16684,#4213);
#2725=LINE('',#16685,#4214);
#2726=LINE('',#16688,#4215);
#2727=LINE('',#16689,#4216);
#2728=LINE('',#16691,#4217);
#2729=LINE('',#16692,#4218);
#2730=LINE('',#16694,#4219);
#2731=LINE('',#16698,#4220);
#2732=LINE('',#16700,#4221);
#2733=LINE('',#16701,#4222);
#2734=LINE('',#16703,#4223);
#2735=LINE('',#16704,#4224);
#2736=LINE('',#16708,#4225);
#2737=LINE('',#16710,#4226);
#2738=LINE('',#16712,#4227);
#2739=LINE('',#16713,#4228);
#2740=LINE('',#16715,#4229);
#2741=LINE('',#16716,#4230);
#2742=LINE('',#16719,#4231);
#2743=LINE('',#16721,#4232);
#2744=LINE('',#16723,#4233);
#2745=LINE('',#16725,#4234);
#2746=LINE('',#16726,#4235);
#2747=LINE('',#16731,#4236);
#2748=LINE('',#16733,#4237);
#2749=LINE('',#16735,#4238);
#2750=LINE('',#16737,#4239);
#2751=LINE('',#16738,#4240);
#2752=LINE('',#16742,#4241);
#2753=LINE('',#16744,#4242);
#2754=LINE('',#16746,#4243);
#2755=LINE('',#16748,#4244);
#2756=LINE('',#16750,#4245);
#2757=LINE('',#16756,#4246);
#2758=LINE('',#16762,#4247);
#2759=LINE('',#16764,#4248);
#2760=LINE('',#16766,#4249);
#2761=LINE('',#16767,#4250);
#2762=LINE('',#16770,#4251);
#2763=LINE('',#16772,#4252);
#2764=LINE('',#16773,#4253);
#2765=LINE('',#16776,#4254);
#2766=LINE('',#16778,#4255);
#2767=LINE('',#16779,#4256);
#2768=LINE('',#16782,#4257);
#2769=LINE('',#16784,#4258);
#2770=LINE('',#16785,#4259);
#2771=LINE('',#16788,#4260);
#2772=LINE('',#16790,#4261);
#2773=LINE('',#16791,#4262);
#2774=LINE('',#16796,#4263);
#2775=LINE('',#16800,#4264);
#2776=LINE('',#16802,#4265);
#2777=LINE('',#16804,#4266);
#2778=LINE('',#16806,#4267);
#2779=LINE('',#16808,#4268);
#2780=LINE('',#16810,#4269);
#2781=LINE('',#16812,#4270);
#2782=LINE('',#16814,#4271);
#2783=LINE('',#16816,#4272);
#2784=LINE('',#16818,#4273);
#2785=LINE('',#16820,#4274);
#2786=LINE('',#16821,#4275);
#2787=LINE('',#16824,#4276);
#2788=LINE('',#16826,#4277);
#2789=LINE('',#16828,#4278);
#2790=LINE('',#16830,#4279);
#2791=LINE('',#16832,#4280);
#2792=LINE('',#16834,#4281);
#2793=LINE('',#16836,#4282);
#2794=LINE('',#16838,#4283);
#2795=LINE('',#16840,#4284);
#2796=LINE('',#16842,#4285);
#2797=LINE('',#16844,#4286);
#2798=LINE('',#16845,#4287);
#2799=LINE('',#16847,#4288);
#2800=LINE('',#16849,#4289);
#2801=LINE('',#16851,#4290);
#2802=LINE('',#16853,#4291);
#2803=LINE('',#16854,#4292);
#2804=LINE('',#16856,#4293);
#2805=LINE('',#16858,#4294);
#2806=LINE('',#16861,#4295);
#2807=LINE('',#16863,#4296);
#2808=LINE('',#16864,#4297);
#2809=LINE('',#16866,#4298);
#2810=LINE('',#16873,#4299);
#2811=LINE('',#16881,#4300);
#2812=LINE('',#16884,#4301);
#2813=LINE('',#16888,#4302);
#2814=LINE('',#16890,#4303);
#2815=LINE('',#16892,#4304);
#2816=LINE('',#16893,#4305);
#2817=LINE('',#16896,#4306);
#2818=LINE('',#16898,#4307);
#2819=LINE('',#16899,#4308);
#2820=LINE('',#16902,#4309);
#2821=LINE('',#16904,#4310);
#2822=LINE('',#16905,#4311);
#2823=LINE('',#16909,#4312);
#2824=LINE('',#16911,#4313);
#2825=LINE('',#16913,#4314);
#2826=LINE('',#16914,#4315);
#2827=LINE('',#16916,#4316);
#2828=LINE('',#16917,#4317);
#2829=LINE('',#16919,#4318);
#2830=LINE('',#16920,#4319);
#2831=LINE('',#16922,#4320);
#2832=LINE('',#16923,#4321);
#2833=LINE('',#16929,#4322);
#2834=LINE('',#16933,#4323);
#2835=LINE('',#16937,#4324);
#2836=LINE('',#16939,#4325);
#2837=LINE('',#16941,#4326);
#2838=LINE('',#16943,#4327);
#2839=LINE('',#16945,#4328);
#2840=LINE('',#16947,#4329);
#2841=LINE('',#16949,#4330);
#2842=LINE('',#16951,#4331);
#2843=LINE('',#16953,#4332);
#2844=LINE('',#16955,#4333);
#2845=LINE('',#16957,#4334);
#2846=LINE('',#16959,#4335);
#2847=LINE('',#16961,#4336);
#2848=LINE('',#16962,#4337);
#2849=LINE('',#16965,#4338);
#2850=LINE('',#16966,#4339);
#2851=LINE('',#16970,#4340);
#2852=LINE('',#16971,#4341);
#2853=LINE('',#16972,#4342);
#2854=LINE('',#16975,#4343);
#2855=LINE('',#16976,#4344);
#2856=LINE('',#16979,#4345);
#2857=LINE('',#16980,#4346);
#2858=LINE('',#16983,#4347);
#2859=LINE('',#16985,#4348);
#2860=LINE('',#16987,#4349);
#2861=LINE('',#16989,#4350);
#2862=LINE('',#16990,#4351);
#2863=LINE('',#16992,#4352);
#2864=LINE('',#16995,#4353);
#2865=LINE('',#16997,#4354);
#2866=LINE('',#16998,#4355);
#2867=LINE('',#17001,#4356);
#2868=LINE('',#17002,#4357);
#2869=LINE('',#17004,#4358);
#2870=LINE('',#17007,#4359);
#2871=LINE('',#17009,#4360);
#2872=LINE('',#17011,#4361);
#2873=LINE('',#17012,#4362);
#2874=LINE('',#17014,#4363);
#2875=LINE('',#17017,#4364);
#2876=LINE('',#17018,#4365);
#2877=LINE('',#17020,#4366);
#2878=LINE('',#17022,#4367);
#2879=LINE('',#17023,#4368);
#2880=LINE('',#17026,#4369);
#2881=LINE('',#17028,#4370);
#2882=LINE('',#17034,#4371);
#2883=LINE('',#17040,#4372);
#2884=LINE('',#17042,#4373);
#2885=LINE('',#17044,#4374);
#2886=LINE('',#17045,#4375);
#2887=LINE('',#17048,#4376);
#2888=LINE('',#17050,#4377);
#2889=LINE('',#17051,#4378);
#2890=LINE('',#17054,#4379);
#2891=LINE('',#17056,#4380);
#2892=LINE('',#17057,#4381);
#2893=LINE('',#17060,#4382);
#2894=LINE('',#17062,#4383);
#2895=LINE('',#17063,#4384);
#2896=LINE('',#17066,#4385);
#2897=LINE('',#17068,#4386);
#2898=LINE('',#17069,#4387);
#2899=LINE('',#17074,#4388);
#2900=LINE('',#17078,#4389);
#2901=LINE('',#17080,#4390);
#2902=LINE('',#17081,#4391);
#2903=LINE('',#17084,#4392);
#2904=LINE('',#17086,#4393);
#2905=LINE('',#17088,#4394);
#2906=LINE('',#17090,#4395);
#2907=LINE('',#17092,#4396);
#2908=LINE('',#17094,#4397);
#2909=LINE('',#17096,#4398);
#2910=LINE('',#17098,#4399);
#2911=LINE('',#17100,#4400);
#2912=LINE('',#17102,#4401);
#2913=LINE('',#17103,#4402);
#2914=LINE('',#17106,#4403);
#2915=LINE('',#17108,#4404);
#2916=LINE('',#17109,#4405);
#2917=LINE('',#17112,#4406);
#2918=LINE('',#17113,#4407);
#2919=LINE('',#17115,#4408);
#2920=LINE('',#17117,#4409);
#2921=LINE('',#17119,#4410);
#2922=LINE('',#17121,#4411);
#2923=LINE('',#17123,#4412);
#2924=LINE('',#17125,#4413);
#2925=LINE('',#17127,#4414);
#2926=LINE('',#17128,#4415);
#2927=LINE('',#17130,#4416);
#2928=LINE('',#17133,#4417);
#2929=LINE('',#17135,#4418);
#2930=LINE('',#17136,#4419);
#2931=LINE('',#17138,#4420);
#2932=LINE('',#17140,#4421);
#2933=LINE('',#17143,#4422);
#2934=LINE('',#17145,#4423);
#2935=LINE('',#17151,#4424);
#2936=LINE('',#17157,#4425);
#2937=LINE('',#17159,#4426);
#2938=LINE('',#17161,#4427);
#2939=LINE('',#17162,#4428);
#2940=LINE('',#17165,#4429);
#2941=LINE('',#17167,#4430);
#2942=LINE('',#17168,#4431);
#2943=LINE('',#17172,#4432);
#2944=LINE('',#17174,#4433);
#2945=LINE('',#17176,#4434);
#2946=LINE('',#17177,#4435);
#2947=LINE('',#17181,#4436);
#2948=LINE('',#17183,#4437);
#2949=LINE('',#17185,#4438);
#2950=LINE('',#17186,#4439);
#2951=LINE('',#17189,#4440);
#2952=LINE('',#17191,#4441);
#2953=LINE('',#17192,#4442);
#2954=LINE('',#17195,#4443);
#2955=LINE('',#17197,#4444);
#2956=LINE('',#17198,#4445);
#2957=LINE('',#17200,#4446);
#2958=LINE('',#17202,#4447);
#2959=LINE('',#17204,#4448);
#2960=LINE('',#17205,#4449);
#2961=LINE('',#17208,#4450);
#2962=LINE('',#17210,#4451);
#2963=LINE('',#17212,#4452);
#2964=LINE('',#17213,#4453);
#2965=LINE('',#17216,#4454);
#2966=LINE('',#17217,#4455);
#2967=LINE('',#17219,#4456);
#2968=LINE('',#17220,#4457);
#2969=LINE('',#17223,#4458);
#2970=LINE('',#17225,#4459);
#2971=LINE('',#17226,#4460);
#2972=LINE('',#17229,#4461);
#2973=LINE('',#17231,#4462);
#2974=LINE('',#17232,#4463);
#2975=LINE('',#17234,#4464);
#2976=LINE('',#17237,#4465);
#2977=LINE('',#17239,#4466);
#2978=LINE('',#17241,#4467);
#2979=LINE('',#17243,#4468);
#2980=LINE('',#17244,#4469);
#2981=LINE('',#17249,#4470);
#2982=LINE('',#17251,#4471);
#2983=LINE('',#17253,#4472);
#2984=LINE('',#17255,#4473);
#2985=LINE('',#17256,#4474);
#2986=LINE('',#17260,#4475);
#2987=LINE('',#17262,#4476);
#2988=LINE('',#17264,#4477);
#2989=LINE('',#17266,#4478);
#2990=LINE('',#17268,#4479);
#2991=LINE('',#17274,#4480);
#2992=LINE('',#17280,#4481);
#2993=LINE('',#17282,#4482);
#2994=LINE('',#17284,#4483);
#2995=LINE('',#17285,#4484);
#2996=LINE('',#17288,#4485);
#2997=LINE('',#17290,#4486);
#2998=LINE('',#17291,#4487);
#2999=LINE('',#17294,#4488);
#3000=LINE('',#17296,#4489);
#3001=LINE('',#17297,#4490);
#3002=LINE('',#17300,#4491);
#3003=LINE('',#17302,#4492);
#3004=LINE('',#17303,#4493);
#3005=LINE('',#17306,#4494);
#3006=LINE('',#17308,#4495);
#3007=LINE('',#17309,#4496);
#3008=LINE('',#17314,#4497);
#3009=LINE('',#17318,#4498);
#3010=LINE('',#17320,#4499);
#3011=LINE('',#17322,#4500);
#3012=LINE('',#17324,#4501);
#3013=LINE('',#17326,#4502);
#3014=LINE('',#17328,#4503);
#3015=LINE('',#17329,#4504);
#3016=LINE('',#17332,#4505);
#3017=LINE('',#17334,#4506);
#3018=LINE('',#17336,#4507);
#3019=LINE('',#17338,#4508);
#3020=LINE('',#17340,#4509);
#3021=LINE('',#17342,#4510);
#3022=LINE('',#17343,#4511);
#3023=LINE('',#17345,#4512);
#3024=LINE('',#17346,#4513);
#3025=LINE('',#17351,#4514);
#3026=LINE('',#17353,#4515);
#3027=LINE('',#17355,#4516);
#3028=LINE('',#17356,#4517);
#3029=LINE('',#17357,#4518);
#3030=LINE('',#17358,#4519);
#3031=LINE('',#17360,#4520);
#3032=LINE('',#17364,#4521);
#3033=LINE('',#17366,#4522);
#3034=LINE('',#17368,#4523);
#3035=LINE('',#17369,#4524);
#3036=LINE('',#17372,#4525);
#3037=LINE('',#17374,#4526);
#3038=LINE('',#17375,#4527);
#3039=LINE('',#17377,#4528);
#3040=LINE('',#17378,#4529);
#3041=LINE('',#17381,#4530);
#3042=LINE('',#17382,#4531);
#3043=LINE('',#17385,#4532);
#3044=LINE('',#17387,#4533);
#3045=LINE('',#17389,#4534);
#3046=LINE('',#17390,#4535);
#3047=LINE('',#17393,#4536);
#3048=LINE('',#17394,#4537);
#3049=LINE('',#17398,#4538);
#3050=LINE('',#17399,#4539);
#3051=LINE('',#17401,#4540);
#3052=LINE('',#17403,#4541);
#3053=LINE('',#17409,#4542);
#3054=LINE('',#17415,#4543);
#3055=LINE('',#17417,#4544);
#3056=LINE('',#17419,#4545);
#3057=LINE('',#17421,#4546);
#3058=LINE('',#17422,#4547);
#3059=LINE('',#17425,#4548);
#3060=LINE('',#17427,#4549);
#3061=LINE('',#17429,#4550);
#3062=LINE('',#17430,#4551);
#3063=LINE('',#17432,#4552);
#3064=LINE('',#17433,#4553);
#3065=LINE('',#17438,#4554);
#3066=LINE('',#17440,#4555);
#3067=LINE('',#17442,#4556);
#3068=LINE('',#17443,#4557);
#3069=LINE('',#17446,#4558);
#3070=LINE('',#17448,#4559);
#3071=LINE('',#17449,#4560);
#3072=LINE('',#17453,#4561);
#3073=LINE('',#17455,#4562);
#3074=LINE('',#17457,#4563);
#3075=LINE('',#17458,#4564);
#3076=LINE('',#17461,#4565);
#3077=LINE('',#17463,#4566);
#3078=LINE('',#17464,#4567);
#3079=LINE('',#17466,#4568);
#3080=LINE('',#17467,#4569);
#3081=LINE('',#17469,#4570);
#3082=LINE('',#17470,#4571);
#3083=LINE('',#17473,#4572);
#3084=LINE('',#17475,#4573);
#3085=LINE('',#17476,#4574);
#3086=LINE('',#17479,#4575);
#3087=LINE('',#17481,#4576);
#3088=LINE('',#17482,#4577);
#3089=LINE('',#17485,#4578);
#3090=LINE('',#17487,#4579);
#3091=LINE('',#17488,#4580);
#3092=LINE('',#17495,#4581);
#3093=LINE('',#17497,#4582);
#3094=LINE('',#17498,#4583);
#3095=LINE('',#17501,#4584);
#3096=LINE('',#17503,#4585);
#3097=LINE('',#17505,#4586);
#3098=LINE('',#17507,#4587);
#3099=LINE('',#17508,#4588);
#3100=LINE('',#17514,#4589);
#3101=LINE('',#17516,#4590);
#3102=LINE('',#17518,#4591);
#3103=LINE('',#17520,#4592);
#3104=LINE('',#17522,#4593);
#3105=LINE('',#17526,#4594);
#3106=LINE('',#17527,#4595);
#3107=LINE('',#17529,#4596);
#3108=LINE('',#17530,#4597);
#3109=LINE('',#17532,#4598);
#3110=LINE('',#17533,#4599);
#3111=LINE('',#17535,#4600);
#3112=LINE('',#17537,#4601);
#3113=LINE('',#17539,#4602);
#3114=LINE('',#17541,#4603);
#3115=LINE('',#17543,#4604);
#3116=LINE('',#17549,#4605);
#3117=LINE('',#17555,#4606);
#3118=LINE('',#17557,#4607);
#3119=LINE('',#17559,#4608);
#3120=LINE('',#17560,#4609);
#3121=LINE('',#17563,#4610);
#3122=LINE('',#17565,#4611);
#3123=LINE('',#17566,#4612);
#3124=LINE('',#17569,#4613);
#3125=LINE('',#17571,#4614);
#3126=LINE('',#17572,#4615);
#3127=LINE('',#17575,#4616);
#3128=LINE('',#17577,#4617);
#3129=LINE('',#17578,#4618);
#3130=LINE('',#17581,#4619);
#3131=LINE('',#17583,#4620);
#3132=LINE('',#17584,#4621);
#3133=LINE('',#17589,#4622);
#3134=LINE('',#17593,#4623);
#3135=LINE('',#17595,#4624);
#3136=LINE('',#17597,#4625);
#3137=LINE('',#17599,#4626);
#3138=LINE('',#17601,#4627);
#3139=LINE('',#17603,#4628);
#3140=LINE('',#17605,#4629);
#3141=LINE('',#17607,#4630);
#3142=LINE('',#17609,#4631);
#3143=LINE('',#17611,#4632);
#3144=LINE('',#17613,#4633);
#3145=LINE('',#17614,#4634);
#3146=LINE('',#17617,#4635);
#3147=LINE('',#17619,#4636);
#3148=LINE('',#17621,#4637);
#3149=LINE('',#17623,#4638);
#3150=LINE('',#17625,#4639);
#3151=LINE('',#17627,#4640);
#3152=LINE('',#17629,#4641);
#3153=LINE('',#17631,#4642);
#3154=LINE('',#17633,#4643);
#3155=LINE('',#17635,#4644);
#3156=LINE('',#17637,#4645);
#3157=LINE('',#17638,#4646);
#3158=LINE('',#17640,#4647);
#3159=LINE('',#17642,#4648);
#3160=LINE('',#17644,#4649);
#3161=LINE('',#17646,#4650);
#3162=LINE('',#17647,#4651);
#3163=LINE('',#17649,#4652);
#3164=LINE('',#17651,#4653);
#3165=LINE('',#17654,#4654);
#3166=LINE('',#17656,#4655);
#3167=LINE('',#17657,#4656);
#3168=LINE('',#17659,#4657);
#3169=LINE('',#17666,#4658);
#3170=LINE('',#17672,#4659);
#3171=LINE('',#17674,#4660);
#3172=LINE('',#17676,#4661);
#3173=LINE('',#17677,#4662);
#3174=LINE('',#17680,#4663);
#3175=LINE('',#17682,#4664);
#3176=LINE('',#17683,#4665);
#3177=LINE('',#17686,#4666);
#3178=LINE('',#17688,#4667);
#3179=LINE('',#17689,#4668);
#3180=LINE('',#17693,#4669);
#3181=LINE('',#17695,#4670);
#3182=LINE('',#17697,#4671);
#3183=LINE('',#17699,#4672);
#3184=LINE('',#17701,#4673);
#3185=LINE('',#17702,#4674);
#3186=LINE('',#17704,#4675);
#3187=LINE('',#17705,#4676);
#3188=LINE('',#17709,#4677);
#3189=LINE('',#17711,#4678);
#3190=LINE('',#17713,#4679);
#3191=LINE('',#17714,#4680);
#3192=LINE('',#17717,#4681);
#3193=LINE('',#17719,#4682);
#3194=LINE('',#17720,#4683);
#3195=LINE('',#17722,#4684);
#3196=LINE('',#17723,#4685);
#3197=LINE('',#17726,#4686);
#3198=LINE('',#17728,#4687);
#3199=LINE('',#17730,#4688);
#3200=LINE('',#17731,#4689);
#3201=LINE('',#17734,#4690);
#3202=LINE('',#17735,#4691);
#3203=LINE('',#17738,#4692);
#3204=LINE('',#17739,#4693);
#3205=LINE('',#17743,#4694);
#3206=LINE('',#17744,#4695);
#3207=LINE('',#17746,#4696);
#3208=LINE('',#17748,#4697);
#3209=LINE('',#17750,#4698);
#3210=LINE('',#17752,#4699);
#3211=LINE('',#17753,#4700);
#3212=LINE('',#17757,#4701);
#3213=LINE('',#17760,#4702);
#3214=LINE('',#17761,#4703);
#3215=LINE('',#17764,#4704);
#3216=LINE('',#17766,#4705);
#3217=LINE('',#17768,#4706);
#3218=LINE('',#17770,#4707);
#3219=LINE('',#17771,#4708);
#3220=LINE('',#17775,#4709);
#3221=LINE('',#17777,#4710);
#3222=LINE('',#17779,#4711);
#3223=LINE('',#17781,#4712);
#3224=LINE('',#17783,#4713);
#3225=LINE('',#17789,#4714);
#3226=LINE('',#17795,#4715);
#3227=LINE('',#17797,#4716);
#3228=LINE('',#17799,#4717);
#3229=LINE('',#17800,#4718);
#3230=LINE('',#17803,#4719);
#3231=LINE('',#17805,#4720);
#3232=LINE('',#17806,#4721);
#3233=LINE('',#17809,#4722);
#3234=LINE('',#17811,#4723);
#3235=LINE('',#17812,#4724);
#3236=LINE('',#17815,#4725);
#3237=LINE('',#17817,#4726);
#3238=LINE('',#17818,#4727);
#3239=LINE('',#17821,#4728);
#3240=LINE('',#17823,#4729);
#3241=LINE('',#17824,#4730);
#3242=LINE('',#17829,#4731);
#3243=LINE('',#17833,#4732);
#3244=LINE('',#17835,#4733);
#3245=LINE('',#17837,#4734);
#3246=LINE('',#17839,#4735);
#3247=LINE('',#17841,#4736);
#3248=LINE('',#17843,#4737);
#3249=LINE('',#17844,#4738);
#3250=LINE('',#17847,#4739);
#3251=LINE('',#17849,#4740);
#3252=LINE('',#17851,#4741);
#3253=LINE('',#17853,#4742);
#3254=LINE('',#17855,#4743);
#3255=LINE('',#17857,#4744);
#3256=LINE('',#17858,#4745);
#3257=LINE('',#17860,#4746);
#3258=LINE('',#17864,#4747);
#3259=LINE('',#17866,#4748);
#3260=LINE('',#17868,#4749);
#3261=LINE('',#17869,#4750);
#3262=LINE('',#17870,#4751);
#3263=LINE('',#17871,#4752);
#3264=LINE('',#17873,#4753);
#3265=LINE('',#17877,#4754);
#3266=LINE('',#17879,#4755);
#3267=LINE('',#17881,#4756);
#3268=LINE('',#17882,#4757);
#3269=LINE('',#17885,#4758);
#3270=LINE('',#17887,#4759);
#3271=LINE('',#17888,#4760);
#3272=LINE('',#17890,#4761);
#3273=LINE('',#17891,#4762);
#3274=LINE('',#17894,#4763);
#3275=LINE('',#17895,#4764);
#3276=LINE('',#17898,#4765);
#3277=LINE('',#17900,#4766);
#3278=LINE('',#17902,#4767);
#3279=LINE('',#17903,#4768);
#3280=LINE('',#17906,#4769);
#3281=LINE('',#17907,#4770);
#3282=LINE('',#17909,#4771);
#3283=LINE('',#17912,#4772);
#3284=LINE('',#17913,#4773);
#3285=LINE('',#17915,#4774);
#3286=LINE('',#17917,#4775);
#3287=LINE('',#17924,#4776);
#3288=LINE('',#17930,#4777);
#3289=LINE('',#17932,#4778);
#3290=LINE('',#17934,#4779);
#3291=LINE('',#17935,#4780);
#3292=LINE('',#17938,#4781);
#3293=LINE('',#17940,#4782);
#3294=LINE('',#17941,#4783);
#3295=LINE('',#17945,#4784);
#3296=LINE('',#17947,#4785);
#3297=LINE('',#17949,#4786);
#3298=LINE('',#17951,#4787);
#3299=LINE('',#17953,#4788);
#3300=LINE('',#17955,#4789);
#3301=LINE('',#17957,#4790);
#3302=LINE('',#17958,#4791);
#3303=LINE('',#17961,#4792);
#3304=LINE('',#17963,#4793);
#3305=LINE('',#17964,#4794);
#3306=LINE('',#17968,#4795);
#3307=LINE('',#17970,#4796);
#3308=LINE('',#17972,#4797);
#3309=LINE('',#17973,#4798);
#3310=LINE('',#17976,#4799);
#3311=LINE('',#17978,#4800);
#3312=LINE('',#17979,#4801);
#3313=LINE('',#17981,#4802);
#3314=LINE('',#17982,#4803);
#3315=LINE('',#17985,#4804);
#3316=LINE('',#17987,#4805);
#3317=LINE('',#17988,#4806);
#3318=LINE('',#17991,#4807);
#3319=LINE('',#17993,#4808);
#3320=LINE('',#17995,#4809);
#3321=LINE('',#17996,#4810);
#3322=LINE('',#17999,#4811);
#3323=LINE('',#18000,#4812);
#3324=LINE('',#18002,#4813);
#3325=LINE('',#18003,#4814);
#3326=LINE('',#18006,#4815);
#3327=LINE('',#18007,#4816);
#3328=LINE('',#18010,#4817);
#3329=LINE('',#18011,#4818);
#3330=LINE('',#18013,#4819);
#3331=LINE('',#18016,#4820);
#3332=LINE('',#18018,#4821);
#3333=LINE('',#18019,#4822);
#3334=LINE('',#18022,#4823);
#3335=LINE('',#18024,#4824);
#3336=LINE('',#18026,#4825);
#3337=LINE('',#18028,#4826);
#3338=LINE('',#18029,#4827);
#3339=LINE('',#18034,#4828);
#3340=LINE('',#18036,#4829);
#3341=LINE('',#18038,#4830);
#3342=LINE('',#18040,#4831);
#3343=LINE('',#18041,#4832);
#3344=LINE('',#18045,#4833);
#3345=LINE('',#18047,#4834);
#3346=LINE('',#18049,#4835);
#3347=LINE('',#18051,#4836);
#3348=LINE('',#18053,#4837);
#3349=LINE('',#18059,#4838);
#3350=LINE('',#18065,#4839);
#3351=LINE('',#18067,#4840);
#3352=LINE('',#18069,#4841);
#3353=LINE('',#18070,#4842);
#3354=LINE('',#18073,#4843);
#3355=LINE('',#18075,#4844);
#3356=LINE('',#18076,#4845);
#3357=LINE('',#18079,#4846);
#3358=LINE('',#18081,#4847);
#3359=LINE('',#18082,#4848);
#3360=LINE('',#18085,#4849);
#3361=LINE('',#18087,#4850);
#3362=LINE('',#18088,#4851);
#3363=LINE('',#18091,#4852);
#3364=LINE('',#18093,#4853);
#3365=LINE('',#18094,#4854);
#3366=LINE('',#18099,#4855);
#3367=LINE('',#18103,#4856);
#3368=LINE('',#18105,#4857);
#3369=LINE('',#18106,#4858);
#3370=LINE('',#18109,#4859);
#3371=LINE('',#18111,#4860);
#3372=LINE('',#18113,#4861);
#3373=LINE('',#18115,#4862);
#3374=LINE('',#18117,#4863);
#3375=LINE('',#18119,#4864);
#3376=LINE('',#18121,#4865);
#3377=LINE('',#18123,#4866);
#3378=LINE('',#18125,#4867);
#3379=LINE('',#18127,#4868);
#3380=LINE('',#18128,#4869);
#3381=LINE('',#18131,#4870);
#3382=LINE('',#18133,#4871);
#3383=LINE('',#18134,#4872);
#3384=LINE('',#18137,#4873);
#3385=LINE('',#18138,#4874);
#3386=LINE('',#18140,#4875);
#3387=LINE('',#18142,#4876);
#3388=LINE('',#18144,#4877);
#3389=LINE('',#18146,#4878);
#3390=LINE('',#18148,#4879);
#3391=LINE('',#18150,#4880);
#3392=LINE('',#18152,#4881);
#3393=LINE('',#18153,#4882);
#3394=LINE('',#18155,#4883);
#3395=LINE('',#18158,#4884);
#3396=LINE('',#18160,#4885);
#3397=LINE('',#18161,#4886);
#3398=LINE('',#18163,#4887);
#3399=LINE('',#18165,#4888);
#3400=LINE('',#18168,#4889);
#3401=LINE('',#18170,#4890);
#3402=LINE('',#18176,#4891);
#3403=LINE('',#18182,#4892);
#3404=LINE('',#18184,#4893);
#3405=LINE('',#18186,#4894);
#3406=LINE('',#18187,#4895);
#3407=LINE('',#18190,#4896);
#3408=LINE('',#18192,#4897);
#3409=LINE('',#18193,#4898);
#3410=LINE('',#18196,#4899);
#3411=LINE('',#18198,#4900);
#3412=LINE('',#18199,#4901);
#3413=LINE('',#18203,#4902);
#3414=LINE('',#18205,#4903);
#3415=LINE('',#18207,#4904);
#3416=LINE('',#18209,#4905);
#3417=LINE('',#18211,#4906);
#3418=LINE('',#18212,#4907);
#3419=LINE('',#18214,#4908);
#3420=LINE('',#18215,#4909);
#3421=LINE('',#18219,#4910);
#3422=LINE('',#18221,#4911);
#3423=LINE('',#18223,#4912);
#3424=LINE('',#18224,#4913);
#3425=LINE('',#18227,#4914);
#3426=LINE('',#18229,#4915);
#3427=LINE('',#18230,#4916);
#3428=LINE('',#18232,#4917);
#3429=LINE('',#18233,#4918);
#3430=LINE('',#18236,#4919);
#3431=LINE('',#18238,#4920);
#3432=LINE('',#18240,#4921);
#3433=LINE('',#18241,#4922);
#3434=LINE('',#18244,#4923);
#3435=LINE('',#18245,#4924);
#3436=LINE('',#18248,#4925);
#3437=LINE('',#18249,#4926);
#3438=LINE('',#18252,#4927);
#3439=LINE('',#18253,#4928);
#3440=LINE('',#18256,#4929);
#3441=LINE('',#18258,#4930);
#3442=LINE('',#18260,#4931);
#3443=LINE('',#18262,#4932);
#3444=LINE('',#18264,#4933);
#3445=LINE('',#18265,#4934);
#3446=LINE('',#18270,#4935);
#3447=LINE('',#18271,#4936);
#3448=LINE('',#18274,#4937);
#3449=LINE('',#18276,#4938);
#3450=LINE('',#18278,#4939);
#3451=LINE('',#18280,#4940);
#3452=LINE('',#18281,#4941);
#3453=LINE('',#18285,#4942);
#3454=LINE('',#18287,#4943);
#3455=LINE('',#18289,#4944);
#3456=LINE('',#18291,#4945);
#3457=LINE('',#18293,#4946);
#3458=LINE('',#18299,#4947);
#3459=LINE('',#18305,#4948);
#3460=LINE('',#18307,#4949);
#3461=LINE('',#18311,#4950);
#3462=LINE('',#18313,#4951);
#3463=LINE('',#18315,#4952);
#3464=LINE('',#18317,#4953);
#3465=LINE('',#18318,#4954);
#3466=LINE('',#18322,#4955);
#3467=LINE('',#18324,#4956);
#3468=LINE('',#18326,#4957);
#3469=LINE('',#18328,#4958);
#3470=LINE('',#18330,#4959);
#3471=LINE('',#18332,#4960);
#3472=LINE('',#18335,#4961);
#3473=LINE('',#18337,#4962);
#3474=LINE('',#18338,#4963);
#3475=LINE('',#18340,#4964);
#3476=LINE('',#18342,#4965);
#3477=LINE('',#18344,#4966);
#3478=LINE('',#18345,#4967);
#3479=LINE('',#18347,#4968);
#3480=LINE('',#18349,#4969);
#3481=LINE('',#18355,#4970);
#3482=LINE('',#18357,#4971);
#3483=LINE('',#18359,#4972);
#3484=LINE('',#18360,#4973);
#3485=LINE('',#18363,#4974);
#3486=LINE('',#18365,#4975);
#3487=LINE('',#18366,#4976);
#3488=LINE('',#18369,#4977);
#3489=LINE('',#18371,#4978);
#3490=LINE('',#18372,#4979);
#3491=LINE('',#18376,#4980);
#3492=LINE('',#18378,#4981);
#3493=LINE('',#18380,#4982);
#3494=LINE('',#18382,#4983);
#3495=LINE('',#18384,#4984);
#3496=LINE('',#18386,#4985);
#3497=LINE('',#18388,#4986);
#3498=LINE('',#18389,#4987);
#3499=LINE('',#18392,#4988);
#3500=LINE('',#18394,#4989);
#3501=LINE('',#18395,#4990);
#3502=LINE('',#18399,#4991);
#3503=LINE('',#18401,#4992);
#3504=LINE('',#18403,#4993);
#3505=LINE('',#18404,#4994);
#3506=LINE('',#18407,#4995);
#3507=LINE('',#18409,#4996);
#3508=LINE('',#18410,#4997);
#3509=LINE('',#18412,#4998);
#3510=LINE('',#18413,#4999);
#3511=LINE('',#18416,#5000);
#3512=LINE('',#18418,#5001);
#3513=LINE('',#18419,#5002);
#3514=LINE('',#18425,#5003);
#3515=LINE('',#18426,#5004);
#3516=LINE('',#18427,#5005);
#3517=LINE('',#18428,#5006);
#3518=LINE('',#18431,#5007);
#3519=LINE('',#18433,#5008);
#3520=LINE('',#18435,#5009);
#3521=LINE('',#18436,#5010);
#3522=LINE('',#18439,#5011);
#3523=LINE('',#18441,#5012);
#3524=LINE('',#18443,#5013);
#3525=LINE('',#18444,#5014);
#3526=LINE('',#18446,#5015);
#3527=LINE('',#18451,#5016);
#3528=LINE('',#18453,#5017);
#3529=LINE('',#18455,#5018);
#3530=LINE('',#18456,#5019);
#3531=LINE('',#18459,#5020);
#3532=LINE('',#18460,#5021);
#3533=LINE('',#18463,#5022);
#3534=LINE('',#18464,#5023);
#3535=LINE('',#18467,#5024);
#3536=LINE('',#18468,#5025);
#3537=LINE('',#18470,#5026);
#3538=LINE('',#18472,#5027);
#3539=LINE('',#18474,#5028);
#3540=LINE('',#18476,#5029);
#3541=LINE('',#18478,#5030);
#3542=LINE('',#18484,#5031);
#3543=LINE('',#18490,#5032);
#3544=LINE('',#18492,#5033);
#3545=LINE('',#18494,#5034);
#3546=LINE('',#18495,#5035);
#3547=LINE('',#18498,#5036);
#3548=LINE('',#18500,#5037);
#3549=LINE('',#18501,#5038);
#3550=LINE('',#18505,#5039);
#3551=LINE('',#18507,#5040);
#3552=LINE('',#18509,#5041);
#3553=LINE('',#18511,#5042);
#3554=LINE('',#18513,#5043);
#3555=LINE('',#18514,#5044);
#3556=LINE('',#18517,#5045);
#3557=LINE('',#18519,#5046);
#3558=LINE('',#18520,#5047);
#3559=LINE('',#18524,#5048);
#3560=LINE('',#18526,#5049);
#3561=LINE('',#18528,#5050);
#3562=LINE('',#18529,#5051);
#3563=LINE('',#18532,#5052);
#3564=LINE('',#18534,#5053);
#3565=LINE('',#18535,#5054);
#3566=LINE('',#18538,#5055);
#3567=LINE('',#18540,#5056);
#3568=LINE('',#18541,#5057);
#3569=LINE('',#18544,#5058);
#3570=LINE('',#18545,#5059);
#3571=LINE('',#18547,#5060);
#3572=LINE('',#18549,#5061);
#3573=LINE('',#18551,#5062);
#3574=LINE('',#18553,#5063);
#3575=LINE('',#18554,#5064);
#3576=LINE('',#18558,#5065);
#3577=LINE('',#18561,#5066);
#3578=LINE('',#18563,#5067);
#3579=LINE('',#18564,#5068);
#3580=LINE('',#18566,#5069);
#3581=LINE('',#18567,#5070);
#3582=LINE('',#18570,#5071);
#3583=LINE('',#18572,#5072);
#3584=LINE('',#18573,#5073);
#3585=LINE('',#18575,#5074);
#3586=LINE('',#18578,#5075);
#3587=LINE('',#18579,#5076);
#3588=LINE('',#18582,#5077);
#3589=LINE('',#18584,#5078);
#3590=LINE('',#18586,#5079);
#3591=LINE('',#18588,#5080);
#3592=LINE('',#18589,#5081);
#3593=LINE('',#18593,#5082);
#3594=LINE('',#18595,#5083);
#3595=LINE('',#18597,#5084);
#3596=LINE('',#18599,#5085);
#3597=LINE('',#18601,#5086);
#3598=VECTOR('',#12382,10.);
#3599=VECTOR('',#12385,10.);
#3600=VECTOR('',#12388,10.);
#3601=VECTOR('',#12389,10.);
#3602=VECTOR('',#12394,10.);
#3603=VECTOR('',#12397,10.);
#3604=VECTOR('',#12400,10.);
#3605=VECTOR('',#12401,10.);
#3606=VECTOR('',#12404,10.);
#3607=VECTOR('',#12405,10.);
#3608=VECTOR('',#12406,10.);
#3609=VECTOR('',#12409,10.);
#3610=VECTOR('',#12414,3.99999999999999);
#3611=VECTOR('',#12421,10.);
#3612=VECTOR('',#12422,10.);
#3613=VECTOR('',#12423,10.);
#3614=VECTOR('',#12424,10.);
#3615=VECTOR('',#12425,10.);
#3616=VECTOR('',#12428,10.);
#3617=VECTOR('',#12429,10.);
#3618=VECTOR('',#12432,10.);
#3619=VECTOR('',#12433,10.);
#3620=VECTOR('',#12434,10.);
#3621=VECTOR('',#12437,10.);
#3622=VECTOR('',#12438,10.);
#3623=VECTOR('',#12439,10.);
#3624=VECTOR('',#12442,10.);
#3625=VECTOR('',#12443,10.);
#3626=VECTOR('',#12444,10.);
#3627=VECTOR('',#12447,10.);
#3628=VECTOR('',#12448,10.);
#3629=VECTOR('',#12449,10.);
#3630=VECTOR('',#12450,10.);
#3631=VECTOR('',#12451,10.);
#3632=VECTOR('',#12454,10.);
#3633=VECTOR('',#12455,10.);
#3634=VECTOR('',#12458,10.);
#3635=VECTOR('',#12459,10.);
#3636=VECTOR('',#12462,10.);
#3637=VECTOR('',#12463,10.);
#3638=VECTOR('',#12464,10.);
#3639=VECTOR('',#12465,10.);
#3640=VECTOR('',#12470,5.);
#3641=VECTOR('',#12473,10.);
#3642=VECTOR('',#12474,10.);
#3643=VECTOR('',#12477,10.);
#3644=VECTOR('',#12482,10.);
#3645=VECTOR('',#12483,10.);
#3646=VECTOR('',#12484,10.);
#3647=VECTOR('',#12487,10.);
#3648=VECTOR('',#12488,10.);
#3649=VECTOR('',#12491,10.);
#3650=VECTOR('',#12492,10.);
#3651=VECTOR('',#12495,10.);
#3652=VECTOR('',#12498,10.);
#3653=VECTOR('',#12499,10.);
#3654=VECTOR('',#12500,10.);
#3655=VECTOR('',#12501,10.);
#3656=VECTOR('',#12502,10.);
#3657=VECTOR('',#12503,10.);
#3658=VECTOR('',#12504,10.);
#3659=VECTOR('',#12505,10.);
#3660=VECTOR('',#12506,10.);
#3661=VECTOR('',#12507,10.);
#3662=VECTOR('',#12508,10.);
#3663=VECTOR('',#12509,10.);
#3664=VECTOR('',#12512,10.);
#3665=VECTOR('',#12515,10.);
#3666=VECTOR('',#12516,10.);
#3667=VECTOR('',#12519,10.);
#3668=VECTOR('',#12520,10.);
#3669=VECTOR('',#12523,10.);
#3670=VECTOR('',#12524,10.);
#3671=VECTOR('',#12527,10.);
#3672=VECTOR('',#12528,10.);
#3673=VECTOR('',#12531,10.);
#3674=VECTOR('',#12532,10.);
#3675=VECTOR('',#12535,10.);
#3676=VECTOR('',#12536,10.);
#3677=VECTOR('',#12537,10.);
#3678=VECTOR('',#12540,10.);
#3679=VECTOR('',#12543,10.);
#3680=VECTOR('',#12544,10.);
#3681=VECTOR('',#12547,10.);
#3682=VECTOR('',#12548,10.);
#3683=VECTOR('',#12549,10.);
#3684=VECTOR('',#12552,10.);
#3685=VECTOR('',#12553,10.);
#3686=VECTOR('',#12554,10.);
#3687=VECTOR('',#12559,10.);
#3688=VECTOR('',#12560,10.);
#3689=VECTOR('',#12571,3.99999999999999);
#3690=VECTOR('',#12578,10.);
#3691=VECTOR('',#12579,10.);
#3692=VECTOR('',#12580,10.);
#3693=VECTOR('',#12581,10.);
#3694=VECTOR('',#12584,10.);
#3695=VECTOR('',#12585,10.);
#3696=VECTOR('',#12586,10.);
#3697=VECTOR('',#12589,10.);
#3698=VECTOR('',#12590,10.);
#3699=VECTOR('',#12591,10.);
#3700=VECTOR('',#12594,10.);
#3701=VECTOR('',#12595,10.);
#3702=VECTOR('',#12596,10.);
#3703=VECTOR('',#12599,10.);
#3704=VECTOR('',#12600,10.);
#3705=VECTOR('',#12601,10.);
#3706=VECTOR('',#12606,5.);
#3707=VECTOR('',#12611,10.);
#3708=VECTOR('',#12612,10.);
#3709=VECTOR('',#12613,10.);
#3710=VECTOR('',#12614,10.);
#3711=VECTOR('',#12615,10.);
#3712=VECTOR('',#12616,10.);
#3713=VECTOR('',#12617,10.);
#3714=VECTOR('',#12618,10.);
#3715=VECTOR('',#12619,10.);
#3716=VECTOR('',#12620,10.);
#3717=VECTOR('',#12621,10.);
#3718=VECTOR('',#12622,10.);
#3719=VECTOR('',#12625,10.);
#3720=VECTOR('',#12626,10.);
#3721=VECTOR('',#12627,10.);
#3722=VECTOR('',#12628,10.);
#3723=VECTOR('',#12629,10.);
#3724=VECTOR('',#12630,10.);
#3725=VECTOR('',#12631,10.);
#3726=VECTOR('',#12632,10.);
#3727=VECTOR('',#12633,10.);
#3728=VECTOR('',#12634,10.);
#3729=VECTOR('',#12635,10.);
#3730=VECTOR('',#12636,10.);
#3731=VECTOR('',#12639,10.);
#3732=VECTOR('',#12642,10.);
#3733=VECTOR('',#12643,10.);
#3734=VECTOR('',#12646,10.);
#3735=VECTOR('',#12649,10.);
#3736=VECTOR('',#12652,10.);
#3737=VECTOR('',#12655,10.);
#3738=VECTOR('',#12658,10.);
#3739=VECTOR('',#12659,10.);
#3740=VECTOR('',#12662,10.);
#3741=VECTOR('',#12669,10.);
#3742=VECTOR('',#12676,3.99999999999999);
#3743=VECTOR('',#12683,10.);
#3744=VECTOR('',#12684,10.);
#3745=VECTOR('',#12685,10.);
#3746=VECTOR('',#12686,10.);
#3747=VECTOR('',#12689,10.);
#3748=VECTOR('',#12690,10.);
#3749=VECTOR('',#12691,10.);
#3750=VECTOR('',#12692,10.);
#3751=VECTOR('',#12695,10.);
#3752=VECTOR('',#12696,10.);
#3753=VECTOR('',#12697,10.);
#3754=VECTOR('',#12700,10.);
#3755=VECTOR('',#12701,10.);
#3756=VECTOR('',#12704,10.);
#3757=VECTOR('',#12705,10.);
#3758=VECTOR('',#12706,10.);
#3759=VECTOR('',#12709,10.);
#3760=VECTOR('',#12710,10.);
#3761=VECTOR('',#12711,10.);
#3762=VECTOR('',#12712,10.);
#3763=VECTOR('',#12715,10.);
#3764=VECTOR('',#12716,10.);
#3765=VECTOR('',#12717,10.);
#3766=VECTOR('',#12720,10.);
#3767=VECTOR('',#12721,10.);
#3768=VECTOR('',#12722,10.);
#3769=VECTOR('',#12725,10.);
#3770=VECTOR('',#12726,10.);
#3771=VECTOR('',#12729,10.);
#3772=VECTOR('',#12730,10.);
#3773=VECTOR('',#12731,10.);
#3774=VECTOR('',#12734,10.);
#3775=VECTOR('',#12735,10.);
#3776=VECTOR('',#12736,10.);
#3777=VECTOR('',#12739,10.);
#3778=VECTOR('',#12740,10.);
#3779=VECTOR('',#12741,10.);
#3780=VECTOR('',#12744,10.);
#3781=VECTOR('',#12745,10.);
#3782=VECTOR('',#12746,10.);
#3783=VECTOR('',#12747,10.);
#3784=VECTOR('',#12748,10.);
#3785=VECTOR('',#12753,10.);
#3786=VECTOR('',#12754,10.);
#3787=VECTOR('',#12755,10.);
#3788=VECTOR('',#12756,10.);
#3789=VECTOR('',#12757,10.);
#3790=VECTOR('',#12762,5.);
#3791=VECTOR('',#12765,10.);
#3792=VECTOR('',#12768,10.);
#3793=VECTOR('',#12771,10.);
#3794=VECTOR('',#12774,10.);
#3795=VECTOR('',#12781,3.99999999999999);
#3796=VECTOR('',#12788,10.);
#3797=VECTOR('',#12789,10.);
#3798=VECTOR('',#12790,10.);
#3799=VECTOR('',#12791,10.);
#3800=VECTOR('',#12794,10.);
#3801=VECTOR('',#12795,10.);
#3802=VECTOR('',#12796,10.);
#3803=VECTOR('',#12799,10.);
#3804=VECTOR('',#12800,10.);
#3805=VECTOR('',#12801,10.);
#3806=VECTOR('',#12804,10.);
#3807=VECTOR('',#12805,10.);
#3808=VECTOR('',#12806,10.);
#3809=VECTOR('',#12809,10.);
#3810=VECTOR('',#12810,10.);
#3811=VECTOR('',#12811,10.);
#3812=VECTOR('',#12816,5.);
#3813=VECTOR('',#12821,10.);
#3814=VECTOR('',#12822,10.);
#3815=VECTOR('',#12823,10.);
#3816=VECTOR('',#12826,10.);
#3817=VECTOR('',#12827,10.);
#3818=VECTOR('',#12828,10.);
#3819=VECTOR('',#12829,10.);
#3820=VECTOR('',#12830,10.);
#3821=VECTOR('',#12831,10.);
#3822=VECTOR('',#12832,10.);
#3823=VECTOR('',#12833,10.);
#3824=VECTOR('',#12834,10.);
#3825=VECTOR('',#12835,10.);
#3826=VECTOR('',#12836,10.);
#3827=VECTOR('',#12839,10.);
#3828=VECTOR('',#12840,10.);
#3829=VECTOR('',#12841,10.);
#3830=VECTOR('',#12844,10.);
#3831=VECTOR('',#12845,10.);
#3832=VECTOR('',#12848,10.);
#3833=VECTOR('',#12849,10.);
#3834=VECTOR('',#12850,10.);
#3835=VECTOR('',#12851,10.);
#3836=VECTOR('',#12852,10.);
#3837=VECTOR('',#12853,10.);
#3838=VECTOR('',#12854,10.);
#3839=VECTOR('',#12855,10.);
#3840=VECTOR('',#12856,10.);
#3841=VECTOR('',#12861,10.);
#3842=VECTOR('',#12864,10.);
#3843=VECTOR('',#12865,10.);
#3844=VECTOR('',#12868,10.);
#3845=VECTOR('',#12873,10.);
#3846=VECTOR('',#12876,10.);
#3847=VECTOR('',#12879,10.);
#3848=VECTOR('',#12886,4.);
#3849=VECTOR('',#12893,10.);
#3850=VECTOR('',#12894,10.);
#3851=VECTOR('',#12895,10.);
#3852=VECTOR('',#12896,10.);
#3853=VECTOR('',#12899,10.);
#3854=VECTOR('',#12900,10.);
#3855=VECTOR('',#12901,10.);
#3856=VECTOR('',#12902,10.);
#3857=VECTOR('',#12903,10.);
#3858=VECTOR('',#12904,10.);
#3859=VECTOR('',#12907,10.);
#3860=VECTOR('',#12908,10.);
#3861=VECTOR('',#12911,10.);
#3862=VECTOR('',#12912,10.);
#3863=VECTOR('',#12913,10.);
#3864=VECTOR('',#12914,10.);
#3865=VECTOR('',#12917,10.);
#3866=VECTOR('',#12918,10.);
#3867=VECTOR('',#12919,10.);
#3868=VECTOR('',#12922,10.);
#3869=VECTOR('',#12923,10.);
#3870=VECTOR('',#12924,10.);
#3871=VECTOR('',#12925,10.);
#3872=VECTOR('',#12928,10.);
#3873=VECTOR('',#12929,10.);
#3874=VECTOR('',#12930,10.);
#3875=VECTOR('',#12931,10.);
#3876=VECTOR('',#12934,10.);
#3877=VECTOR('',#12935,10.);
#3878=VECTOR('',#12938,10.);
#3879=VECTOR('',#12939,10.);
#3880=VECTOR('',#12942,10.);
#3881=VECTOR('',#12943,10.);
#3882=VECTOR('',#12946,10.);
#3883=VECTOR('',#12949,10.);
#3884=VECTOR('',#12950,10.);
#3885=VECTOR('',#12951,10.);
#3886=VECTOR('',#12952,10.);
#3887=VECTOR('',#12955,10.);
#3888=VECTOR('',#12956,10.);
#3889=VECTOR('',#12959,10.);
#3890=VECTOR('',#12960,10.);
#3891=VECTOR('',#12961,10.);
#3892=VECTOR('',#12962,10.);
#3893=VECTOR('',#12963,10.);
#3894=VECTOR('',#12968,10.);
#3895=VECTOR('',#12969,10.);
#3896=VECTOR('',#12970,10.);
#3897=VECTOR('',#12971,10.);
#3898=VECTOR('',#12972,10.);
#3899=VECTOR('',#12977,5.);
#3900=VECTOR('',#12980,10.);
#3901=VECTOR('',#12983,10.);
#3902=VECTOR('',#12986,10.);
#3903=VECTOR('',#12989,10.);
#3904=VECTOR('',#12996,3.99999999999999);
#3905=VECTOR('',#13003,10.);
#3906=VECTOR('',#13004,10.);
#3907=VECTOR('',#13005,10.);
#3908=VECTOR('',#13006,10.);
#3909=VECTOR('',#13009,10.);
#3910=VECTOR('',#13010,10.);
#3911=VECTOR('',#13011,10.);
#3912=VECTOR('',#13014,10.);
#3913=VECTOR('',#13015,10.);
#3914=VECTOR('',#13016,10.);
#3915=VECTOR('',#13019,10.);
#3916=VECTOR('',#13020,10.);
#3917=VECTOR('',#13021,10.);
#3918=VECTOR('',#13024,10.);
#3919=VECTOR('',#13025,10.);
#3920=VECTOR('',#13026,10.);
#3921=VECTOR('',#13031,5.);
#3922=VECTOR('',#13036,10.);
#3923=VECTOR('',#13037,10.);
#3924=VECTOR('',#13038,10.);
#3925=VECTOR('',#13041,10.);
#3926=VECTOR('',#13042,10.);
#3927=VECTOR('',#13043,10.);
#3928=VECTOR('',#13044,10.);
#3929=VECTOR('',#13045,10.);
#3930=VECTOR('',#13046,10.);
#3931=VECTOR('',#13047,10.);
#3932=VECTOR('',#13048,10.);
#3933=VECTOR('',#13049,10.);
#3934=VECTOR('',#13050,10.);
#3935=VECTOR('',#13051,10.);
#3936=VECTOR('',#13054,10.);
#3937=VECTOR('',#13055,10.);
#3938=VECTOR('',#13056,10.);
#3939=VECTOR('',#13059,10.);
#3940=VECTOR('',#13060,10.);
#3941=VECTOR('',#13061,10.);
#3942=VECTOR('',#13062,10.);
#3943=VECTOR('',#13063,10.);
#3944=VECTOR('',#13064,10.);
#3945=VECTOR('',#13065,10.);
#3946=VECTOR('',#13066,10.);
#3947=VECTOR('',#13067,10.);
#3948=VECTOR('',#13068,10.);
#3949=VECTOR('',#13071,10.);
#3950=VECTOR('',#13076,10.);
#3951=VECTOR('',#13079,10.);
#3952=VECTOR('',#13080,10.);
#3953=VECTOR('',#13083,10.);
#3954=VECTOR('',#13086,10.);
#3955=VECTOR('',#13091,10.);
#3956=VECTOR('',#13094,10.);
#3957=VECTOR('',#13101,4.00000000000002);
#3958=VECTOR('',#13108,10.);
#3959=VECTOR('',#13109,10.);
#3960=VECTOR('',#13110,10.);
#3961=VECTOR('',#13111,10.);
#3962=VECTOR('',#13114,10.);
#3963=VECTOR('',#13115,10.);
#3964=VECTOR('',#13116,10.);
#3965=VECTOR('',#13117,10.);
#3966=VECTOR('',#13118,10.);
#3967=VECTOR('',#13119,10.);
#3968=VECTOR('',#13122,10.);
#3969=VECTOR('',#13123,10.);
#3970=VECTOR('',#13126,10.);
#3971=VECTOR('',#13127,10.);
#3972=VECTOR('',#13128,10.);
#3973=VECTOR('',#13129,10.);
#3974=VECTOR('',#13130,10.);
#3975=VECTOR('',#13133,10.);
#3976=VECTOR('',#13134,10.);
#3977=VECTOR('',#13135,10.);
#3978=VECTOR('',#13136,10.);
#3979=VECTOR('',#13139,10.);
#3980=VECTOR('',#13140,10.);
#3981=VECTOR('',#13143,10.);
#3982=VECTOR('',#13144,10.);
#3983=VECTOR('',#13145,10.);
#3984=VECTOR('',#13148,10.);
#3985=VECTOR('',#13149,10.);
#3986=VECTOR('',#13152,10.);
#3987=VECTOR('',#13155,10.);
#3988=VECTOR('',#13156,10.);
#3989=VECTOR('',#13157,10.);
#3990=VECTOR('',#13160,10.);
#3991=VECTOR('',#13161,10.);
#3992=VECTOR('',#13164,10.);
#3993=VECTOR('',#13165,10.);
#3994=VECTOR('',#13166,10.);
#3995=VECTOR('',#13167,10.);
#3996=VECTOR('',#13170,10.);
#3997=VECTOR('',#13171,10.);
#3998=VECTOR('',#13174,10.);
#3999=VECTOR('',#13175,10.);
#4000=VECTOR('',#13176,10.);
#4001=VECTOR('',#13177,10.);
#4002=VECTOR('',#13178,10.);
#4003=VECTOR('',#13183,10.);
#4004=VECTOR('',#13184,10.);
#4005=VECTOR('',#13185,10.);
#4006=VECTOR('',#13186,10.);
#4007=VECTOR('',#13187,10.);
#4008=VECTOR('',#13192,5.);
#4009=VECTOR('',#13195,10.);
#4010=VECTOR('',#13198,10.);
#4011=VECTOR('',#13201,10.);
#4012=VECTOR('',#13204,10.);
#4013=VECTOR('',#13211,3.99999999999999);
#4014=VECTOR('',#13218,10.);
#4015=VECTOR('',#13219,10.);
#4016=VECTOR('',#13220,10.);
#4017=VECTOR('',#13221,10.);
#4018=VECTOR('',#13224,10.);
#4019=VECTOR('',#13225,10.);
#4020=VECTOR('',#13226,10.);
#4021=VECTOR('',#13229,10.);
#4022=VECTOR('',#13230,10.);
#4023=VECTOR('',#13231,10.);
#4024=VECTOR('',#13234,10.);
#4025=VECTOR('',#13235,10.);
#4026=VECTOR('',#13236,10.);
#4027=VECTOR('',#13239,10.);
#4028=VECTOR('',#13240,10.);
#4029=VECTOR('',#13241,10.);
#4030=VECTOR('',#13246,5.);
#4031=VECTOR('',#13251,10.);
#4032=VECTOR('',#13252,10.);
#4033=VECTOR('',#13253,10.);
#4034=VECTOR('',#13254,10.);
#4035=VECTOR('',#13255,10.);
#4036=VECTOR('',#13256,10.);
#4037=VECTOR('',#13257,10.);
#4038=VECTOR('',#13260,10.);
#4039=VECTOR('',#13261,10.);
#4040=VECTOR('',#13262,10.);
#4041=VECTOR('',#13263,10.);
#4042=VECTOR('',#13264,10.);
#4043=VECTOR('',#13265,10.);
#4044=VECTOR('',#13266,10.);
#4045=VECTOR('',#13269,10.);
#4046=VECTOR('',#13270,10.);
#4047=VECTOR('',#13275,10.);
#4048=VECTOR('',#13276,10.);
#4049=VECTOR('',#13277,10.);
#4050=VECTOR('',#13278,10.);
#4051=VECTOR('',#13279,10.);
#4052=VECTOR('',#13280,10.);
#4053=VECTOR('',#13283,10.);
#4054=VECTOR('',#13286,10.);
#4055=VECTOR('',#13287,10.);
#4056=VECTOR('',#13288,10.);
#4057=VECTOR('',#13289,10.);
#4058=VECTOR('',#13292,10.);
#4059=VECTOR('',#13293,10.);
#4060=VECTOR('',#13294,10.);
#4061=VECTOR('',#13297,10.);
#4062=VECTOR('',#13298,10.);
#4063=VECTOR('',#13301,10.);
#4064=VECTOR('',#13302,10.);
#4065=VECTOR('',#13305,10.);
#4066=VECTOR('',#13306,10.);
#4067=VECTOR('',#13307,10.);
#4068=VECTOR('',#13308,10.);
#4069=VECTOR('',#13311,10.);
#4070=VECTOR('',#13312,10.);
#4071=VECTOR('',#13317,10.);
#4072=VECTOR('',#13318,10.);
#4073=VECTOR('',#13321,10.);
#4074=VECTOR('',#13324,10.);
#4075=VECTOR('',#13331,3.99999999999999);
#4076=VECTOR('',#13338,10.);
#4077=VECTOR('',#13339,10.);
#4078=VECTOR('',#13340,10.);
#4079=VECTOR('',#13341,10.);
#4080=VECTOR('',#13342,10.);
#4081=VECTOR('',#13343,10.);
#4082=VECTOR('',#13346,10.);
#4083=VECTOR('',#13347,10.);
#4084=VECTOR('',#13348,10.);
#4085=VECTOR('',#13351,10.);
#4086=VECTOR('',#13352,10.);
#4087=VECTOR('',#13353,10.);
#4088=VECTOR('',#13356,10.);
#4089=VECTOR('',#13357,10.);
#4090=VECTOR('',#13358,10.);
#4091=VECTOR('',#13359,10.);
#4092=VECTOR('',#13362,10.);
#4093=VECTOR('',#13363,10.);
#4094=VECTOR('',#13364,10.);
#4095=VECTOR('',#13367,10.);
#4096=VECTOR('',#13368,10.);
#4097=VECTOR('',#13369,10.);
#4098=VECTOR('',#13370,10.);
#4099=VECTOR('',#13373,10.);
#4100=VECTOR('',#13374,10.);
#4101=VECTOR('',#13375,10.);
#4102=VECTOR('',#13378,10.);
#4103=VECTOR('',#13379,10.);
#4104=VECTOR('',#13382,10.);
#4105=VECTOR('',#13385,10.);
#4106=VECTOR('',#13386,10.);
#4107=VECTOR('',#13387,10.);
#4108=VECTOR('',#13390,10.);
#4109=VECTOR('',#13391,10.);
#4110=VECTOR('',#13394,10.);
#4111=VECTOR('',#13395,10.);
#4112=VECTOR('',#13396,10.);
#4113=VECTOR('',#13397,10.);
#4114=VECTOR('',#13400,10.);
#4115=VECTOR('',#13401,10.);
#4116=VECTOR('',#13404,10.);
#4117=VECTOR('',#13405,10.);
#4118=VECTOR('',#13406,10.);
#4119=VECTOR('',#13407,10.);
#4120=VECTOR('',#13408,10.);
#4121=VECTOR('',#13413,10.);
#4122=VECTOR('',#13414,10.);
#4123=VECTOR('',#13415,10.);
#4124=VECTOR('',#13416,10.);
#4125=VECTOR('',#13417,10.);
#4126=VECTOR('',#13422,5.);
#4127=VECTOR('',#13425,10.);
#4128=VECTOR('',#13428,10.);
#4129=VECTOR('',#13431,10.);
#4130=VECTOR('',#13434,10.);
#4131=VECTOR('',#13441,3.99999999999999);
#4132=VECTOR('',#13448,10.);
#4133=VECTOR('',#13449,10.);
#4134=VECTOR('',#13450,10.);
#4135=VECTOR('',#13451,10.);
#4136=VECTOR('',#13454,10.);
#4137=VECTOR('',#13455,10.);
#4138=VECTOR('',#13456,10.);
#4139=VECTOR('',#13459,10.);
#4140=VECTOR('',#13460,10.);
#4141=VECTOR('',#13461,10.);
#4142=VECTOR('',#13464,10.);
#4143=VECTOR('',#13465,10.);
#4144=VECTOR('',#13466,10.);
#4145=VECTOR('',#13469,10.);
#4146=VECTOR('',#13470,10.);
#4147=VECTOR('',#13471,10.);
#4148=VECTOR('',#13476,5.);
#4149=VECTOR('',#13481,10.);
#4150=VECTOR('',#13482,10.);
#4151=VECTOR('',#13483,10.);
#4152=VECTOR('',#13486,10.);
#4153=VECTOR('',#13487,10.);
#4154=VECTOR('',#13488,10.);
#4155=VECTOR('',#13489,10.);
#4156=VECTOR('',#13490,10.);
#4157=VECTOR('',#13491,10.);
#4158=VECTOR('',#13492,10.);
#4159=VECTOR('',#13493,10.);
#4160=VECTOR('',#13494,10.);
#4161=VECTOR('',#13495,10.);
#4162=VECTOR('',#13496,10.);
#4163=VECTOR('',#13499,10.);
#4164=VECTOR('',#13500,10.);
#4165=VECTOR('',#13501,10.);
#4166=VECTOR('',#13504,10.);
#4167=VECTOR('',#13505,10.);
#4168=VECTOR('',#13506,10.);
#4169=VECTOR('',#13507,10.);
#4170=VECTOR('',#13508,10.);
#4171=VECTOR('',#13509,10.);
#4172=VECTOR('',#13510,10.);
#4173=VECTOR('',#13511,10.);
#4174=VECTOR('',#13512,10.);
#4175=VECTOR('',#13513,10.);
#4176=VECTOR('',#13516,10.);
#4177=VECTOR('',#13521,10.);
#4178=VECTOR('',#13524,10.);
#4179=VECTOR('',#13525,10.);
#4180=VECTOR('',#13528,10.);
#4181=VECTOR('',#13531,10.);
#4182=VECTOR('',#13536,10.);
#4183=VECTOR('',#13539,10.);
#4184=VECTOR('',#13546,3.99999999999999);
#4185=VECTOR('',#13553,10.);
#4186=VECTOR('',#13554,10.);
#4187=VECTOR('',#13555,10.);
#4188=VECTOR('',#13556,10.);
#4189=VECTOR('',#13557,10.);
#4190=VECTOR('',#13558,10.);
#4191=VECTOR('',#13559,10.);
#4192=VECTOR('',#13560,10.);
#4193=VECTOR('',#13563,10.);
#4194=VECTOR('',#13564,10.);
#4195=VECTOR('',#13565,10.);
#4196=VECTOR('',#13568,10.);
#4197=VECTOR('',#13569,10.);
#4198=VECTOR('',#13570,10.);
#4199=VECTOR('',#13573,10.);
#4200=VECTOR('',#13574,10.);
#4201=VECTOR('',#13575,10.);
#4202=VECTOR('',#13576,10.);
#4203=VECTOR('',#13577,10.);
#4204=VECTOR('',#13578,10.);
#4205=VECTOR('',#13581,10.);
#4206=VECTOR('',#13582,10.);
#4207=VECTOR('',#13583,10.);
#4208=VECTOR('',#13584,10.);
#4209=VECTOR('',#13587,10.);
#4210=VECTOR('',#13588,10.);
#4211=VECTOR('',#13591,10.);
#4212=VECTOR('',#13592,10.);
#4213=VECTOR('',#13593,10.);
#4214=VECTOR('',#13594,10.);
#4215=VECTOR('',#13597,10.);
#4216=VECTOR('',#13598,10.);
#4217=VECTOR('',#13601,10.);
#4218=VECTOR('',#13602,10.);
#4219=VECTOR('',#13605,10.);
#4220=VECTOR('',#13610,10.);
#4221=VECTOR('',#13611,10.);
#4222=VECTOR('',#13612,10.);
#4223=VECTOR('',#13615,10.);
#4224=VECTOR('',#13616,10.);
#4225=VECTOR('',#13619,10.);
#4226=VECTOR('',#13620,10.);
#4227=VECTOR('',#13621,10.);
#4228=VECTOR('',#13622,10.);
#4229=VECTOR('',#13625,10.);
#4230=VECTOR('',#13626,10.);
#4231=VECTOR('',#13629,10.);
#4232=VECTOR('',#13630,10.);
#4233=VECTOR('',#13631,10.);
#4234=VECTOR('',#13632,10.);
#4235=VECTOR('',#13633,10.);
#4236=VECTOR('',#13638,10.);
#4237=VECTOR('',#13639,10.);
#4238=VECTOR('',#13640,10.);
#4239=VECTOR('',#13641,10.);
#4240=VECTOR('',#13642,10.);
#4241=VECTOR('',#13647,5.);
#4242=VECTOR('',#13650,10.);
#4243=VECTOR('',#13653,10.);
#4244=VECTOR('',#13656,10.);
#4245=VECTOR('',#13659,10.);
#4246=VECTOR('',#13666,3.99999999999999);
#4247=VECTOR('',#13673,10.);
#4248=VECTOR('',#13674,10.);
#4249=VECTOR('',#13675,10.);
#4250=VECTOR('',#13676,10.);
#4251=VECTOR('',#13679,10.);
#4252=VECTOR('',#13680,10.);
#4253=VECTOR('',#13681,10.);
#4254=VECTOR('',#13684,10.);
#4255=VECTOR('',#13685,10.);
#4256=VECTOR('',#13686,10.);
#4257=VECTOR('',#13689,10.);
#4258=VECTOR('',#13690,10.);
#4259=VECTOR('',#13691,10.);
#4260=VECTOR('',#13694,10.);
#4261=VECTOR('',#13695,10.);
#4262=VECTOR('',#13696,10.);
#4263=VECTOR('',#13701,5.);
#4264=VECTOR('',#13706,10.);
#4265=VECTOR('',#13707,10.);
#4266=VECTOR('',#13708,10.);
#4267=VECTOR('',#13709,10.);
#4268=VECTOR('',#13710,10.);
#4269=VECTOR('',#13711,10.);
#4270=VECTOR('',#13712,10.);
#4271=VECTOR('',#13713,10.);
#4272=VECTOR('',#13714,10.);
#4273=VECTOR('',#13715,10.);
#4274=VECTOR('',#13716,10.);
#4275=VECTOR('',#13717,10.);
#4276=VECTOR('',#13720,10.);
#4277=VECTOR('',#13721,10.);
#4278=VECTOR('',#13722,10.);
#4279=VECTOR('',#13723,10.);
#4280=VECTOR('',#13724,10.);
#4281=VECTOR('',#13725,10.);
#4282=VECTOR('',#13726,10.);
#4283=VECTOR('',#13727,10.);
#4284=VECTOR('',#13728,10.);
#4285=VECTOR('',#13729,10.);
#4286=VECTOR('',#13730,10.);
#4287=VECTOR('',#13731,10.);
#4288=VECTOR('',#13734,10.);
#4289=VECTOR('',#13737,10.);
#4290=VECTOR('',#13740,10.);
#4291=VECTOR('',#13743,10.);
#4292=VECTOR('',#13744,10.);
#4293=VECTOR('',#13747,10.);
#4294=VECTOR('',#13750,10.);
#4295=VECTOR('',#13755,10.);
#4296=VECTOR('',#13758,10.);
#4297=VECTOR('',#13759,10.);
#4298=VECTOR('',#13762,10.);
#4299=VECTOR('',#13771,4.);
#4300=VECTOR('',#13780,10.);
#4301=VECTOR('',#13783,10.);
#4302=VECTOR('',#13786,10.);
#4303=VECTOR('',#13787,10.);
#4304=VECTOR('',#13788,10.);
#4305=VECTOR('',#13789,10.);
#4306=VECTOR('',#13792,10.);
#4307=VECTOR('',#13793,10.);
#4308=VECTOR('',#13794,10.);
#4309=VECTOR('',#13797,10.);
#4310=VECTOR('',#13798,10.);
#4311=VECTOR('',#13799,10.);
#4312=VECTOR('',#13802,10.);
#4313=VECTOR('',#13803,10.);
#4314=VECTOR('',#13804,10.);
#4315=VECTOR('',#13805,10.);
#4316=VECTOR('',#13808,10.);
#4317=VECTOR('',#13809,10.);
#4318=VECTOR('',#13812,10.);
#4319=VECTOR('',#13813,10.);
#4320=VECTOR('',#13816,10.);
#4321=VECTOR('',#13817,10.);
#4322=VECTOR('',#13824,10.);
#4323=VECTOR('',#13827,10.);
#4324=VECTOR('',#13832,10.);
#4325=VECTOR('',#13833,10.);
#4326=VECTOR('',#13834,10.);
#4327=VECTOR('',#13835,10.);
#4328=VECTOR('',#13836,10.);
#4329=VECTOR('',#13837,10.);
#4330=VECTOR('',#13838,10.);
#4331=VECTOR('',#13839,10.);
#4332=VECTOR('',#13840,10.);
#4333=VECTOR('',#13841,10.);
#4334=VECTOR('',#13842,10.);
#4335=VECTOR('',#13843,10.);
#4336=VECTOR('',#13844,10.);
#4337=VECTOR('',#13845,10.);
#4338=VECTOR('',#13848,10.);
#4339=VECTOR('',#13849,10.);
#4340=VECTOR('',#13852,10.);
#4341=VECTOR('',#13853,10.);
#4342=VECTOR('',#13854,10.);
#4343=VECTOR('',#13857,10.);
#4344=VECTOR('',#13858,10.);
#4345=VECTOR('',#13861,10.);
#4346=VECTOR('',#13862,10.);
#4347=VECTOR('',#13865,10.);
#4348=VECTOR('',#13866,10.);
#4349=VECTOR('',#13867,10.);
#4350=VECTOR('',#13868,10.);
#4351=VECTOR('',#13869,10.);
#4352=VECTOR('',#13872,10.);
#4353=VECTOR('',#13875,10.);
#4354=VECTOR('',#13876,10.);
#4355=VECTOR('',#13877,10.);
#4356=VECTOR('',#13880,10.);
#4357=VECTOR('',#13881,10.);
#4358=VECTOR('',#13884,10.);
#4359=VECTOR('',#13887,10.);
#4360=VECTOR('',#13888,10.);
#4361=VECTOR('',#13889,10.);
#4362=VECTOR('',#13890,10.);
#4363=VECTOR('',#13893,10.);
#4364=VECTOR('',#13896,10.);
#4365=VECTOR('',#13897,10.);
#4366=VECTOR('',#13900,10.);
#4367=VECTOR('',#13901,10.);
#4368=VECTOR('',#13902,10.);
#4369=VECTOR('',#13907,10.);
#4370=VECTOR('',#13910,10.);
#4371=VECTOR('',#13917,3.99999999999999);
#4372=VECTOR('',#13924,10.);
#4373=VECTOR('',#13925,10.);
#4374=VECTOR('',#13926,10.);
#4375=VECTOR('',#13927,10.);
#4376=VECTOR('',#13930,10.);
#4377=VECTOR('',#13931,10.);
#4378=VECTOR('',#13932,10.);
#4379=VECTOR('',#13935,10.);
#4380=VECTOR('',#13936,10.);
#4381=VECTOR('',#13937,10.);
#4382=VECTOR('',#13940,10.);
#4383=VECTOR('',#13941,10.);
#4384=VECTOR('',#13942,10.);
#4385=VECTOR('',#13945,10.);
#4386=VECTOR('',#13946,10.);
#4387=VECTOR('',#13947,10.);
#4388=VECTOR('',#13952,5.);
#4389=VECTOR('',#13957,10.);
#4390=VECTOR('',#13958,10.);
#4391=VECTOR('',#13959,10.);
#4392=VECTOR('',#13962,10.);
#4393=VECTOR('',#13963,10.);
#4394=VECTOR('',#13964,10.);
#4395=VECTOR('',#13965,10.);
#4396=VECTOR('',#13966,10.);
#4397=VECTOR('',#13967,10.);
#4398=VECTOR('',#13968,10.);
#4399=VECTOR('',#13969,10.);
#4400=VECTOR('',#13970,10.);
#4401=VECTOR('',#13971,10.);
#4402=VECTOR('',#13972,10.);
#4403=VECTOR('',#13975,10.);
#4404=VECTOR('',#13976,10.);
#4405=VECTOR('',#13977,10.);
#4406=VECTOR('',#13980,10.);
#4407=VECTOR('',#13981,10.);
#4408=VECTOR('',#13982,10.);
#4409=VECTOR('',#13983,10.);
#4410=VECTOR('',#13984,10.);
#4411=VECTOR('',#13985,10.);
#4412=VECTOR('',#13986,10.);
#4413=VECTOR('',#13987,10.);
#4414=VECTOR('',#13988,10.);
#4415=VECTOR('',#13989,10.);
#4416=VECTOR('',#13992,10.);
#4417=VECTOR('',#13997,10.);
#4418=VECTOR('',#14000,10.);
#4419=VECTOR('',#14001,10.);
#4420=VECTOR('',#14004,10.);
#4421=VECTOR('',#14007,10.);
#4422=VECTOR('',#14012,10.);
#4423=VECTOR('',#14015,10.);
#4424=VECTOR('',#14022,4.00000000000002);
#4425=VECTOR('',#14029,10.);
#4426=VECTOR('',#14030,10.);
#4427=VECTOR('',#14031,10.);
#4428=VECTOR('',#14032,10.);
#4429=VECTOR('',#14035,10.);
#4430=VECTOR('',#14036,10.);
#4431=VECTOR('',#14037,10.);
#4432=VECTOR('',#14040,10.);
#4433=VECTOR('',#14041,10.);
#4434=VECTOR('',#14042,10.);
#4435=VECTOR('',#14043,10.);
#4436=VECTOR('',#14046,10.);
#4437=VECTOR('',#14047,10.);
#4438=VECTOR('',#14048,10.);
#4439=VECTOR('',#14049,10.);
#4440=VECTOR('',#14052,10.);
#4441=VECTOR('',#14053,10.);
#4442=VECTOR('',#14054,10.);
#4443=VECTOR('',#14057,10.);
#4444=VECTOR('',#14058,10.);
#4445=VECTOR('',#14059,10.);
#4446=VECTOR('',#14062,10.);
#4447=VECTOR('',#14063,10.);
#4448=VECTOR('',#14064,10.);
#4449=VECTOR('',#14065,10.);
#4450=VECTOR('',#14068,10.);
#4451=VECTOR('',#14069,10.);
#4452=VECTOR('',#14070,10.);
#4453=VECTOR('',#14071,10.);
#4454=VECTOR('',#14074,10.);
#4455=VECTOR('',#14075,10.);
#4456=VECTOR('',#14078,10.);
#4457=VECTOR('',#14079,10.);
#4458=VECTOR('',#14082,10.);
#4459=VECTOR('',#14083,10.);
#4460=VECTOR('',#14084,10.);
#4461=VECTOR('',#14087,10.);
#4462=VECTOR('',#14088,10.);
#4463=VECTOR('',#14089,10.);
#4464=VECTOR('',#14092,10.);
#4465=VECTOR('',#14095,10.);
#4466=VECTOR('',#14096,10.);
#4467=VECTOR('',#14097,10.);
#4468=VECTOR('',#14098,10.);
#4469=VECTOR('',#14099,10.);
#4470=VECTOR('',#14104,10.);
#4471=VECTOR('',#14105,10.);
#4472=VECTOR('',#14106,10.);
#4473=VECTOR('',#14107,10.);
#4474=VECTOR('',#14108,10.);
#4475=VECTOR('',#14113,5.);
#4476=VECTOR('',#14116,10.);
#4477=VECTOR('',#14119,10.);
#4478=VECTOR('',#14122,10.);
#4479=VECTOR('',#14125,10.);
#4480=VECTOR('',#14132,3.99999999999999);
#4481=VECTOR('',#14139,10.);
#4482=VECTOR('',#14140,10.);
#4483=VECTOR('',#14141,10.);
#4484=VECTOR('',#14142,10.);
#4485=VECTOR('',#14145,10.);
#4486=VECTOR('',#14146,10.);
#4487=VECTOR('',#14147,10.);
#4488=VECTOR('',#14150,10.);
#4489=VECTOR('',#14151,10.);
#4490=VECTOR('',#14152,10.);
#4491=VECTOR('',#14155,10.);
#4492=VECTOR('',#14156,10.);
#4493=VECTOR('',#14157,10.);
#4494=VECTOR('',#14160,10.);
#4495=VECTOR('',#14161,10.);
#4496=VECTOR('',#14162,10.);
#4497=VECTOR('',#14167,5.);
#4498=VECTOR('',#14172,10.);
#4499=VECTOR('',#14173,10.);
#4500=VECTOR('',#14174,10.);
#4501=VECTOR('',#14175,10.);
#4502=VECTOR('',#14176,10.);
#4503=VECTOR('',#14177,10.);
#4504=VECTOR('',#14178,10.);
#4505=VECTOR('',#14181,10.);
#4506=VECTOR('',#14182,10.);
#4507=VECTOR('',#14183,10.);
#4508=VECTOR('',#14184,10.);
#4509=VECTOR('',#14185,10.);
#4510=VECTOR('',#14186,10.);
#4511=VECTOR('',#14187,10.);
#4512=VECTOR('',#14190,10.);
#4513=VECTOR('',#14191,10.);
#4514=VECTOR('',#14196,10.);
#4515=VECTOR('',#14197,10.);
#4516=VECTOR('',#14198,10.);
#4517=VECTOR('',#14199,10.);
#4518=VECTOR('',#14200,10.);
#4519=VECTOR('',#14201,10.);
#4520=VECTOR('',#14204,10.);
#4521=VECTOR('',#14207,10.);
#4522=VECTOR('',#14208,10.);
#4523=VECTOR('',#14209,10.);
#4524=VECTOR('',#14210,10.);
#4525=VECTOR('',#14213,10.);
#4526=VECTOR('',#14214,10.);
#4527=VECTOR('',#14215,10.);
#4528=VECTOR('',#14218,10.);
#4529=VECTOR('',#14219,10.);
#4530=VECTOR('',#14222,10.);
#4531=VECTOR('',#14223,10.);
#4532=VECTOR('',#14226,10.);
#4533=VECTOR('',#14227,10.);
#4534=VECTOR('',#14228,10.);
#4535=VECTOR('',#14229,10.);
#4536=VECTOR('',#14232,10.);
#4537=VECTOR('',#14233,10.);
#4538=VECTOR('',#14238,10.);
#4539=VECTOR('',#14239,10.);
#4540=VECTOR('',#14242,10.);
#4541=VECTOR('',#14245,10.);
#4542=VECTOR('',#14252,3.99999999999999);
#4543=VECTOR('',#14259,10.);
#4544=VECTOR('',#14260,10.);
#4545=VECTOR('',#14261,10.);
#4546=VECTOR('',#14262,10.);
#4547=VECTOR('',#14263,10.);
#4548=VECTOR('',#14266,10.);
#4549=VECTOR('',#14267,10.);
#4550=VECTOR('',#14268,10.);
#4551=VECTOR('',#14269,10.);
#4552=VECTOR('',#14272,10.);
#4553=VECTOR('',#14273,10.);
#4554=VECTOR('',#14278,10.);
#4555=VECTOR('',#14279,10.);
#4556=VECTOR('',#14280,10.);
#4557=VECTOR('',#14281,10.);
#4558=VECTOR('',#14284,10.);
#4559=VECTOR('',#14285,10.);
#4560=VECTOR('',#14286,10.);
#4561=VECTOR('',#14289,10.);
#4562=VECTOR('',#14290,10.);
#4563=VECTOR('',#14291,10.);
#4564=VECTOR('',#14292,10.);
#4565=VECTOR('',#14295,10.);
#4566=VECTOR('',#14296,10.);
#4567=VECTOR('',#14297,10.);
#4568=VECTOR('',#14300,10.);
#4569=VECTOR('',#14301,10.);
#4570=VECTOR('',#14304,10.);
#4571=VECTOR('',#14305,10.);
#4572=VECTOR('',#14308,10.);
#4573=VECTOR('',#14309,10.);
#4574=VECTOR('',#14310,10.);
#4575=VECTOR('',#14313,10.);
#4576=VECTOR('',#14314,10.);
#4577=VECTOR('',#14315,10.);
#4578=VECTOR('',#14318,10.);
#4579=VECTOR('',#14319,10.);
#4580=VECTOR('',#14320,10.);
#4581=VECTOR('',#14327,10.);
#4582=VECTOR('',#14328,10.);
#4583=VECTOR('',#14329,10.);
#4584=VECTOR('',#14332,10.);
#4585=VECTOR('',#14333,10.);
#4586=VECTOR('',#14334,10.);
#4587=VECTOR('',#14335,10.);
#4588=VECTOR('',#14336,10.);
#4589=VECTOR('',#14341,10.);
#4590=VECTOR('',#14342,10.);
#4591=VECTOR('',#14343,10.);
#4592=VECTOR('',#14344,10.);
#4593=VECTOR('',#14345,10.);
#4594=VECTOR('',#14348,10.);
#4595=VECTOR('',#14349,10.);
#4596=VECTOR('',#14352,10.);
#4597=VECTOR('',#14353,10.);
#4598=VECTOR('',#14356,10.);
#4599=VECTOR('',#14357,10.);
#4600=VECTOR('',#14360,5.);
#4601=VECTOR('',#14363,10.);
#4602=VECTOR('',#14366,10.);
#4603=VECTOR('',#14369,10.);
#4604=VECTOR('',#14372,10.);
#4605=VECTOR('',#14379,3.99999999999999);
#4606=VECTOR('',#14386,10.);
#4607=VECTOR('',#14387,10.);
#4608=VECTOR('',#14388,10.);
#4609=VECTOR('',#14389,10.);
#4610=VECTOR('',#14392,10.);
#4611=VECTOR('',#14393,10.);
#4612=VECTOR('',#14394,10.);
#4613=VECTOR('',#14397,10.);
#4614=VECTOR('',#14398,10.);
#4615=VECTOR('',#14399,10.);
#4616=VECTOR('',#14402,10.);
#4617=VECTOR('',#14403,10.);
#4618=VECTOR('',#14404,10.);
#4619=VECTOR('',#14407,10.);
#4620=VECTOR('',#14408,10.);
#4621=VECTOR('',#14409,10.);
#4622=VECTOR('',#14414,5.);
#4623=VECTOR('',#14419,10.);
#4624=VECTOR('',#14420,10.);
#4625=VECTOR('',#14421,10.);
#4626=VECTOR('',#14422,10.);
#4627=VECTOR('',#14423,10.);
#4628=VECTOR('',#14424,10.);
#4629=VECTOR('',#14425,10.);
#4630=VECTOR('',#14426,10.);
#4631=VECTOR('',#14427,10.);
#4632=VECTOR('',#14428,10.);
#4633=VECTOR('',#14429,10.);
#4634=VECTOR('',#14430,10.);
#4635=VECTOR('',#14433,10.);
#4636=VECTOR('',#14434,10.);
#4637=VECTOR('',#14435,10.);
#4638=VECTOR('',#14436,10.);
#4639=VECTOR('',#14437,10.);
#4640=VECTOR('',#14438,10.);
#4641=VECTOR('',#14439,10.);
#4642=VECTOR('',#14440,10.);
#4643=VECTOR('',#14441,10.);
#4644=VECTOR('',#14442,10.);
#4645=VECTOR('',#14443,10.);
#4646=VECTOR('',#14444,10.);
#4647=VECTOR('',#14447,10.);
#4648=VECTOR('',#14450,10.);
#4649=VECTOR('',#14453,10.);
#4650=VECTOR('',#14456,10.);
#4651=VECTOR('',#14457,10.);
#4652=VECTOR('',#14460,10.);
#4653=VECTOR('',#14463,10.);
#4654=VECTOR('',#14468,10.);
#4655=VECTOR('',#14471,10.);
#4656=VECTOR('',#14472,10.);
#4657=VECTOR('',#14475,10.);
#4658=VECTOR('',#14484,4.00000000000002);
#4659=VECTOR('',#14491,10.);
#4660=VECTOR('',#14492,10.);
#4661=VECTOR('',#14493,10.);
#4662=VECTOR('',#14494,10.);
#4663=VECTOR('',#14497,10.);
#4664=VECTOR('',#14498,10.);
#4665=VECTOR('',#14499,10.);
#4666=VECTOR('',#14502,10.);
#4667=VECTOR('',#14503,10.);
#4668=VECTOR('',#14504,10.);
#4669=VECTOR('',#14507,10.);
#4670=VECTOR('',#14508,10.);
#4671=VECTOR('',#14509,10.);
#4672=VECTOR('',#14510,10.);
#4673=VECTOR('',#14511,10.);
#4674=VECTOR('',#14512,10.);
#4675=VECTOR('',#14515,10.);
#4676=VECTOR('',#14516,10.);
#4677=VECTOR('',#14519,10.);
#4678=VECTOR('',#14520,10.);
#4679=VECTOR('',#14521,10.);
#4680=VECTOR('',#14522,10.);
#4681=VECTOR('',#14525,10.);
#4682=VECTOR('',#14526,10.);
#4683=VECTOR('',#14527,10.);
#4684=VECTOR('',#14530,10.);
#4685=VECTOR('',#14531,10.);
#4686=VECTOR('',#14534,10.);
#4687=VECTOR('',#14535,10.);
#4688=VECTOR('',#14536,10.);
#4689=VECTOR('',#14537,10.);
#4690=VECTOR('',#14540,10.);
#4691=VECTOR('',#14541,10.);
#4692=VECTOR('',#14544,10.);
#4693=VECTOR('',#14545,10.);
#4694=VECTOR('',#14548,10.);
#4695=VECTOR('',#14549,10.);
#4696=VECTOR('',#14550,10.);
#4697=VECTOR('',#14551,10.);
#4698=VECTOR('',#14552,10.);
#4699=VECTOR('',#14553,10.);
#4700=VECTOR('',#14554,10.);
#4701=VECTOR('',#14559,10.);
#4702=VECTOR('',#14562,10.);
#4703=VECTOR('',#14563,10.);
#4704=VECTOR('',#14566,10.);
#4705=VECTOR('',#14567,10.);
#4706=VECTOR('',#14568,10.);
#4707=VECTOR('',#14569,10.);
#4708=VECTOR('',#14570,10.);
#4709=VECTOR('',#14575,5.);
#4710=VECTOR('',#14578,10.);
#4711=VECTOR('',#14581,10.);
#4712=VECTOR('',#14584,10.);
#4713=VECTOR('',#14587,10.);
#4714=VECTOR('',#14594,3.99999999999999);
#4715=VECTOR('',#14601,10.);
#4716=VECTOR('',#14602,10.);
#4717=VECTOR('',#14603,10.);
#4718=VECTOR('',#14604,10.);
#4719=VECTOR('',#14607,10.);
#4720=VECTOR('',#14608,10.);
#4721=VECTOR('',#14609,10.);
#4722=VECTOR('',#14612,10.);
#4723=VECTOR('',#14613,10.);
#4724=VECTOR('',#14614,10.);
#4725=VECTOR('',#14617,10.);
#4726=VECTOR('',#14618,10.);
#4727=VECTOR('',#14619,10.);
#4728=VECTOR('',#14622,10.);
#4729=VECTOR('',#14623,10.);
#4730=VECTOR('',#14624,10.);
#4731=VECTOR('',#14629,5.);
#4732=VECTOR('',#14634,10.);
#4733=VECTOR('',#14635,10.);
#4734=VECTOR('',#14636,10.);
#4735=VECTOR('',#14637,10.);
#4736=VECTOR('',#14638,10.);
#4737=VECTOR('',#14639,10.);
#4738=VECTOR('',#14640,10.);
#4739=VECTOR('',#14643,10.);
#4740=VECTOR('',#14644,10.);
#4741=VECTOR('',#14645,10.);
#4742=VECTOR('',#14646,10.);
#4743=VECTOR('',#14647,10.);
#4744=VECTOR('',#14648,10.);
#4745=VECTOR('',#14649,10.);
#4746=VECTOR('',#14652,10.);
#4747=VECTOR('',#14655,10.);
#4748=VECTOR('',#14656,10.);
#4749=VECTOR('',#14657,10.);
#4750=VECTOR('',#14658,10.);
#4751=VECTOR('',#14659,10.);
#4752=VECTOR('',#14660,10.);
#4753=VECTOR('',#14663,10.);
#4754=VECTOR('',#14666,10.);
#4755=VECTOR('',#14667,10.);
#4756=VECTOR('',#14668,10.);
#4757=VECTOR('',#14669,10.);
#4758=VECTOR('',#14672,10.);
#4759=VECTOR('',#14673,10.);
#4760=VECTOR('',#14674,10.);
#4761=VECTOR('',#14677,10.);
#4762=VECTOR('',#14678,10.);
#4763=VECTOR('',#14681,10.);
#4764=VECTOR('',#14682,10.);
#4765=VECTOR('',#14685,10.);
#4766=VECTOR('',#14686,10.);
#4767=VECTOR('',#14687,10.);
#4768=VECTOR('',#14688,10.);
#4769=VECTOR('',#14691,10.);
#4770=VECTOR('',#14692,10.);
#4771=VECTOR('',#14695,10.);
#4772=VECTOR('',#14698,10.);
#4773=VECTOR('',#14699,10.);
#4774=VECTOR('',#14702,10.);
#4775=VECTOR('',#14705,10.);
#4776=VECTOR('',#14714,3.99999999999999);
#4777=VECTOR('',#14721,10.);
#4778=VECTOR('',#14722,10.);
#4779=VECTOR('',#14723,10.);
#4780=VECTOR('',#14724,10.);
#4781=VECTOR('',#14727,10.);
#4782=VECTOR('',#14728,10.);
#4783=VECTOR('',#14729,10.);
#4784=VECTOR('',#14732,10.);
#4785=VECTOR('',#14733,10.);
#4786=VECTOR('',#14734,10.);
#4787=VECTOR('',#14735,10.);
#4788=VECTOR('',#14736,10.);
#4789=VECTOR('',#14737,10.);
#4790=VECTOR('',#14738,10.);
#4791=VECTOR('',#14739,10.);
#4792=VECTOR('',#14742,10.);
#4793=VECTOR('',#14743,10.);
#4794=VECTOR('',#14744,10.);
#4795=VECTOR('',#14747,10.);
#4796=VECTOR('',#14748,10.);
#4797=VECTOR('',#14749,10.);
#4798=VECTOR('',#14750,10.);
#4799=VECTOR('',#14753,10.);
#4800=VECTOR('',#14754,10.);
#4801=VECTOR('',#14755,10.);
#4802=VECTOR('',#14758,10.);
#4803=VECTOR('',#14759,10.);
#4804=VECTOR('',#14762,10.);
#4805=VECTOR('',#14763,10.);
#4806=VECTOR('',#14764,10.);
#4807=VECTOR('',#14767,10.);
#4808=VECTOR('',#14768,10.);
#4809=VECTOR('',#14769,10.);
#4810=VECTOR('',#14770,10.);
#4811=VECTOR('',#14773,10.);
#4812=VECTOR('',#14774,10.);
#4813=VECTOR('',#14777,10.);
#4814=VECTOR('',#14778,10.);
#4815=VECTOR('',#14781,10.);
#4816=VECTOR('',#14782,10.);
#4817=VECTOR('',#14785,10.);
#4818=VECTOR('',#14786,10.);
#4819=VECTOR('',#14789,10.);
#4820=VECTOR('',#14792,10.);
#4821=VECTOR('',#14793,10.);
#4822=VECTOR('',#14794,10.);
#4823=VECTOR('',#14797,10.);
#4824=VECTOR('',#14798,10.);
#4825=VECTOR('',#14799,10.);
#4826=VECTOR('',#14800,10.);
#4827=VECTOR('',#14801,10.);
#4828=VECTOR('',#14806,10.);
#4829=VECTOR('',#14807,10.);
#4830=VECTOR('',#14808,10.);
#4831=VECTOR('',#14809,10.);
#4832=VECTOR('',#14810,10.);
#4833=VECTOR('',#14815,5.);
#4834=VECTOR('',#14818,10.);
#4835=VECTOR('',#14821,10.);
#4836=VECTOR('',#14824,10.);
#4837=VECTOR('',#14827,10.);
#4838=VECTOR('',#14834,3.99999999999999);
#4839=VECTOR('',#14841,10.);
#4840=VECTOR('',#14842,10.);
#4841=VECTOR('',#14843,10.);
#4842=VECTOR('',#14844,10.);
#4843=VECTOR('',#14847,10.);
#4844=VECTOR('',#14848,10.);
#4845=VECTOR('',#14849,10.);
#4846=VECTOR('',#14852,10.);
#4847=VECTOR('',#14853,10.);
#4848=VECTOR('',#14854,10.);
#4849=VECTOR('',#14857,10.);
#4850=VECTOR('',#14858,10.);
#4851=VECTOR('',#14859,10.);
#4852=VECTOR('',#14862,10.);
#4853=VECTOR('',#14863,10.);
#4854=VECTOR('',#14864,10.);
#4855=VECTOR('',#14869,5.);
#4856=VECTOR('',#14874,10.);
#4857=VECTOR('',#14875,10.);
#4858=VECTOR('',#14876,10.);
#4859=VECTOR('',#14879,10.);
#4860=VECTOR('',#14880,10.);
#4861=VECTOR('',#14881,10.);
#4862=VECTOR('',#14882,10.);
#4863=VECTOR('',#14883,10.);
#4864=VECTOR('',#14884,10.);
#4865=VECTOR('',#14885,10.);
#4866=VECTOR('',#14886,10.);
#4867=VECTOR('',#14887,10.);
#4868=VECTOR('',#14888,10.);
#4869=VECTOR('',#14889,10.);
#4870=VECTOR('',#14892,10.);
#4871=VECTOR('',#14893,10.);
#4872=VECTOR('',#14894,10.);
#4873=VECTOR('',#14897,10.);
#4874=VECTOR('',#14898,10.);
#4875=VECTOR('',#14899,10.);
#4876=VECTOR('',#14900,10.);
#4877=VECTOR('',#14901,10.);
#4878=VECTOR('',#14902,10.);
#4879=VECTOR('',#14903,10.);
#4880=VECTOR('',#14904,10.);
#4881=VECTOR('',#14905,10.);
#4882=VECTOR('',#14906,10.);
#4883=VECTOR('',#14909,10.);
#4884=VECTOR('',#14914,10.);
#4885=VECTOR('',#14917,10.);
#4886=VECTOR('',#14918,10.);
#4887=VECTOR('',#14921,10.);
#4888=VECTOR('',#14924,10.);
#4889=VECTOR('',#14929,10.);
#4890=VECTOR('',#14932,10.);
#4891=VECTOR('',#14939,4.00000000000002);
#4892=VECTOR('',#14946,10.);
#4893=VECTOR('',#14947,10.);
#4894=VECTOR('',#14948,10.);
#4895=VECTOR('',#14949,10.);
#4896=VECTOR('',#14952,10.);
#4897=VECTOR('',#14953,10.);
#4898=VECTOR('',#14954,10.);
#4899=VECTOR('',#14957,10.);
#4900=VECTOR('',#14958,10.);
#4901=VECTOR('',#14959,10.);
#4902=VECTOR('',#14962,10.);
#4903=VECTOR('',#14963,10.);
#4904=VECTOR('',#14964,10.);
#4905=VECTOR('',#14965,10.);
#4906=VECTOR('',#14966,10.);
#4907=VECTOR('',#14967,10.);
#4908=VECTOR('',#14970,10.);
#4909=VECTOR('',#14971,10.);
#4910=VECTOR('',#14974,10.);
#4911=VECTOR('',#14975,10.);
#4912=VECTOR('',#14976,10.);
#4913=VECTOR('',#14977,10.);
#4914=VECTOR('',#14980,10.);
#4915=VECTOR('',#14981,10.);
#4916=VECTOR('',#14982,10.);
#4917=VECTOR('',#14985,10.);
#4918=VECTOR('',#14986,10.);
#4919=VECTOR('',#14989,10.);
#4920=VECTOR('',#14990,10.);
#4921=VECTOR('',#14991,10.);
#4922=VECTOR('',#14992,10.);
#4923=VECTOR('',#14995,10.);
#4924=VECTOR('',#14996,10.);
#4925=VECTOR('',#14999,10.);
#4926=VECTOR('',#15000,10.);
#4927=VECTOR('',#15003,10.);
#4928=VECTOR('',#15004,10.);
#4929=VECTOR('',#15007,10.);
#4930=VECTOR('',#15008,10.);
#4931=VECTOR('',#15009,10.);
#4932=VECTOR('',#15010,10.);
#4933=VECTOR('',#15011,10.);
#4934=VECTOR('',#15012,10.);
#4935=VECTOR('',#15017,10.);
#4936=VECTOR('',#15018,10.);
#4937=VECTOR('',#15021,10.);
#4938=VECTOR('',#15022,10.);
#4939=VECTOR('',#15023,10.);
#4940=VECTOR('',#15024,10.);
#4941=VECTOR('',#15025,10.);
#4942=VECTOR('',#15030,5.);
#4943=VECTOR('',#15033,10.);
#4944=VECTOR('',#15036,10.);
#4945=VECTOR('',#15039,10.);
#4946=VECTOR('',#15042,10.);
#4947=VECTOR('',#15049,3.99999999999999);
#4948=VECTOR('',#15056,10.);
#4949=VECTOR('',#15057,10.);
#4950=VECTOR('',#15060,10.);
#4951=VECTOR('',#15061,10.);
#4952=VECTOR('',#15062,10.);
#4953=VECTOR('',#15063,10.);
#4954=VECTOR('',#15064,10.);
#4955=VECTOR('',#15067,10.);
#4956=VECTOR('',#15068,10.);
#4957=VECTOR('',#15069,10.);
#4958=VECTOR('',#15070,10.);
#4959=VECTOR('',#15071,10.);
#4960=VECTOR('',#15072,10.);
#4961=VECTOR('',#15075,10.);
#4962=VECTOR('',#15078,10.);
#4963=VECTOR('',#15079,10.);
#4964=VECTOR('',#15082,10.);
#4965=VECTOR('',#15085,10.);
#4966=VECTOR('',#15088,10.);
#4967=VECTOR('',#15089,10.);
#4968=VECTOR('',#15092,10.);
#4969=VECTOR('',#15095,10.);
#4970=VECTOR('',#15102,10.);
#4971=VECTOR('',#15103,10.);
#4972=VECTOR('',#15104,10.);
#4973=VECTOR('',#15105,10.);
#4974=VECTOR('',#15108,10.);
#4975=VECTOR('',#15109,10.);
#4976=VECTOR('',#15110,10.);
#4977=VECTOR('',#15113,10.);
#4978=VECTOR('',#15114,10.);
#4979=VECTOR('',#15115,10.);
#4980=VECTOR('',#15118,10.);
#4981=VECTOR('',#15119,10.);
#4982=VECTOR('',#15120,10.);
#4983=VECTOR('',#15121,10.);
#4984=VECTOR('',#15122,10.);
#4985=VECTOR('',#15123,10.);
#4986=VECTOR('',#15124,10.);
#4987=VECTOR('',#15125,10.);
#4988=VECTOR('',#15128,10.);
#4989=VECTOR('',#15129,10.);
#4990=VECTOR('',#15130,10.);
#4991=VECTOR('',#15133,10.);
#4992=VECTOR('',#15134,10.);
#4993=VECTOR('',#15135,10.);
#4994=VECTOR('',#15136,10.);
#4995=VECTOR('',#15139,10.);
#4996=VECTOR('',#15140,10.);
#4997=VECTOR('',#15141,10.);
#4998=VECTOR('',#15144,10.);
#4999=VECTOR('',#15145,10.);
#5000=VECTOR('',#15148,10.);
#5001=VECTOR('',#15149,10.);
#5002=VECTOR('',#15150,10.);
#5003=VECTOR('',#15155,10.);
#5004=VECTOR('',#15156,10.);
#5005=VECTOR('',#15157,10.);
#5006=VECTOR('',#15158,10.);
#5007=VECTOR('',#15161,10.);
#5008=VECTOR('',#15162,10.);
#5009=VECTOR('',#15163,10.);
#5010=VECTOR('',#15164,10.);
#5011=VECTOR('',#15167,10.);
#5012=VECTOR('',#15168,10.);
#5013=VECTOR('',#15169,10.);
#5014=VECTOR('',#15170,10.);
#5015=VECTOR('',#15173,10.);
#5016=VECTOR('',#15178,10.);
#5017=VECTOR('',#15179,10.);
#5018=VECTOR('',#15180,10.);
#5019=VECTOR('',#15181,10.);
#5020=VECTOR('',#15184,10.);
#5021=VECTOR('',#15185,10.);
#5022=VECTOR('',#15188,10.);
#5023=VECTOR('',#15189,10.);
#5024=VECTOR('',#15192,10.);
#5025=VECTOR('',#15193,10.);
#5026=VECTOR('',#15196,10.);
#5027=VECTOR('',#15199,10.);
#5028=VECTOR('',#15202,10.);
#5029=VECTOR('',#15205,10.);
#5030=VECTOR('',#15208,10.);
#5031=VECTOR('',#15215,4.00000000000001);
#5032=VECTOR('',#15222,10.);
#5033=VECTOR('',#15223,10.);
#5034=VECTOR('',#15224,10.);
#5035=VECTOR('',#15225,10.);
#5036=VECTOR('',#15228,10.);
#5037=VECTOR('',#15229,10.);
#5038=VECTOR('',#15230,10.);
#5039=VECTOR('',#15233,10.);
#5040=VECTOR('',#15234,10.);
#5041=VECTOR('',#15235,10.);
#5042=VECTOR('',#15236,10.);
#5043=VECTOR('',#15237,10.);
#5044=VECTOR('',#15238,10.);
#5045=VECTOR('',#15241,10.);
#5046=VECTOR('',#15242,10.);
#5047=VECTOR('',#15243,10.);
#5048=VECTOR('',#15246,10.);
#5049=VECTOR('',#15247,10.);
#5050=VECTOR('',#15248,10.);
#5051=VECTOR('',#15249,10.);
#5052=VECTOR('',#15252,10.);
#5053=VECTOR('',#15253,10.);
#5054=VECTOR('',#15254,10.);
#5055=VECTOR('',#15257,10.);
#5056=VECTOR('',#15258,10.);
#5057=VECTOR('',#15259,10.);
#5058=VECTOR('',#15262,10.);
#5059=VECTOR('',#15263,10.);
#5060=VECTOR('',#15264,10.);
#5061=VECTOR('',#15265,10.);
#5062=VECTOR('',#15266,10.);
#5063=VECTOR('',#15267,10.);
#5064=VECTOR('',#15268,10.);
#5065=VECTOR('',#15273,10.);
#5066=VECTOR('',#15276,10.);
#5067=VECTOR('',#15277,10.);
#5068=VECTOR('',#15278,10.);
#5069=VECTOR('',#15281,10.);
#5070=VECTOR('',#15282,10.);
#5071=VECTOR('',#15285,10.);
#5072=VECTOR('',#15286,10.);
#5073=VECTOR('',#15287,10.);
#5074=VECTOR('',#15290,10.);
#5075=VECTOR('',#15293,10.);
#5076=VECTOR('',#15294,10.);
#5077=VECTOR('',#15297,10.);
#5078=VECTOR('',#15298,10.);
#5079=VECTOR('',#15299,10.);
#5080=VECTOR('',#15300,10.);
#5081=VECTOR('',#15301,10.);
#5082=VECTOR('',#15306,5.);
#5083=VECTOR('',#15309,10.);
#5084=VECTOR('',#15312,10.);
#5085=VECTOR('',#15315,10.);
#5086=VECTOR('',#15318,10.);
#5087=VERTEX_POINT('',#15323);
#5088=VERTEX_POINT('',#15324);
#5089=VERTEX_POINT('',#15326);
#5090=VERTEX_POINT('',#15330);
#5091=VERTEX_POINT('',#15331);
#5092=VERTEX_POINT('',#15333);
#5093=VERTEX_POINT('',#15337);
#5094=VERTEX_POINT('',#15339);
#5095=VERTEX_POINT('',#15343);
#5096=VERTEX_POINT('',#15347);
#5097=VERTEX_POINT('',#15349);
#5098=VERTEX_POINT('',#15355);
#5099=VERTEX_POINT('',#15357);
#5100=VERTEX_POINT('',#15362);
#5101=VERTEX_POINT('',#15363);
#5102=VERTEX_POINT('',#15365);
#5103=VERTEX_POINT('',#15367);
#5104=VERTEX_POINT('',#15369);
#5105=VERTEX_POINT('',#15371);
#5106=VERTEX_POINT('',#15373);
#5107=VERTEX_POINT('',#15375);
#5108=VERTEX_POINT('',#15379);
#5109=VERTEX_POINT('',#15381);
#5110=VERTEX_POINT('',#15385);
#5111=VERTEX_POINT('',#15387);
#5112=VERTEX_POINT('',#15391);
#5113=VERTEX_POINT('',#15392);
#5114=VERTEX_POINT('',#15397);
#5115=VERTEX_POINT('',#15399);
#5116=VERTEX_POINT('',#15401);
#5117=VERTEX_POINT('',#15403);
#5118=VERTEX_POINT('',#15407);
#5119=VERTEX_POINT('',#15411);
#5120=VERTEX_POINT('',#15415);
#5121=VERTEX_POINT('',#15417);
#5122=VERTEX_POINT('',#15419);
#5123=VERTEX_POINT('',#15423);
#5124=VERTEX_POINT('',#15425);
#5125=VERTEX_POINT('',#15427);
#5126=VERTEX_POINT('',#15430);
#5127=VERTEX_POINT('',#15433);
#5128=VERTEX_POINT('',#15437);
#5129=VERTEX_POINT('',#15439);
#5130=VERTEX_POINT('',#15443);
#5131=VERTEX_POINT('',#15447);
#5132=VERTEX_POINT('',#15453);
#5133=VERTEX_POINT('',#15455);
#5134=VERTEX_POINT('',#15457);
#5135=VERTEX_POINT('',#15459);
#5136=VERTEX_POINT('',#15461);
#5137=VERTEX_POINT('',#15463);
#5138=VERTEX_POINT('',#15465);
#5139=VERTEX_POINT('',#15467);
#5140=VERTEX_POINT('',#15469);
#5141=VERTEX_POINT('',#15471);
#5142=VERTEX_POINT('',#15473);
#5143=VERTEX_POINT('',#15479);
#5144=VERTEX_POINT('',#15483);
#5145=VERTEX_POINT('',#15487);
#5146=VERTEX_POINT('',#15491);
#5147=VERTEX_POINT('',#15495);
#5148=VERTEX_POINT('',#15499);
#5149=VERTEX_POINT('',#15500);
#5150=VERTEX_POINT('',#15507);
#5151=VERTEX_POINT('',#15511);
#5152=VERTEX_POINT('',#15512);
#5153=VERTEX_POINT('',#15517);
#5154=VERTEX_POINT('',#15529);
#5155=VERTEX_POINT('',#15531);
#5156=VERTEX_POINT('',#15536);
#5157=VERTEX_POINT('',#15537);
#5158=VERTEX_POINT('',#15539);
#5159=VERTEX_POINT('',#15541);
#5160=VERTEX_POINT('',#15545);
#5161=VERTEX_POINT('',#15547);
#5162=VERTEX_POINT('',#15551);
#5163=VERTEX_POINT('',#15553);
#5164=VERTEX_POINT('',#15557);
#5165=VERTEX_POINT('',#15559);
#5166=VERTEX_POINT('',#15563);
#5167=VERTEX_POINT('',#15565);
#5168=VERTEX_POINT('',#15569);
#5169=VERTEX_POINT('',#15571);
#5170=VERTEX_POINT('',#15575);
#5171=VERTEX_POINT('',#15577);
#5172=VERTEX_POINT('',#15579);
#5173=VERTEX_POINT('',#15581);
#5174=VERTEX_POINT('',#15583);
#5175=VERTEX_POINT('',#15585);
#5176=VERTEX_POINT('',#15587);
#5177=VERTEX_POINT('',#15589);
#5178=VERTEX_POINT('',#15591);
#5179=VERTEX_POINT('',#15593);
#5180=VERTEX_POINT('',#15595);
#5181=VERTEX_POINT('',#15599);
#5182=VERTEX_POINT('',#15601);
#5183=VERTEX_POINT('',#15603);
#5184=VERTEX_POINT('',#15605);
#5185=VERTEX_POINT('',#15607);
#5186=VERTEX_POINT('',#15609);
#5187=VERTEX_POINT('',#15611);
#5188=VERTEX_POINT('',#15613);
#5189=VERTEX_POINT('',#15615);
#5190=VERTEX_POINT('',#15617);
#5191=VERTEX_POINT('',#15619);
#5192=VERTEX_POINT('',#15646);
#5193=VERTEX_POINT('',#15648);
#5194=VERTEX_POINT('',#15653);
#5195=VERTEX_POINT('',#15654);
#5196=VERTEX_POINT('',#15656);
#5197=VERTEX_POINT('',#15658);
#5198=VERTEX_POINT('',#15662);
#5199=VERTEX_POINT('',#15663);
#5200=VERTEX_POINT('',#15665);
#5201=VERTEX_POINT('',#15667);
#5202=VERTEX_POINT('',#15671);
#5203=VERTEX_POINT('',#15672);
#5204=VERTEX_POINT('',#15680);
#5205=VERTEX_POINT('',#15681);
#5206=VERTEX_POINT('',#15686);
#5207=VERTEX_POINT('',#15687);
#5208=VERTEX_POINT('',#15689);
#5209=VERTEX_POINT('',#15691);
#5210=VERTEX_POINT('',#15695);
#5211=VERTEX_POINT('',#15697);
#5212=VERTEX_POINT('',#15701);
#5213=VERTEX_POINT('',#15703);
#5214=VERTEX_POINT('',#15710);
#5215=VERTEX_POINT('',#15712);
#5216=VERTEX_POINT('',#15716);
#5217=VERTEX_POINT('',#15718);
#5218=VERTEX_POINT('',#15722);
#5219=VERTEX_POINT('',#15724);
#5220=VERTEX_POINT('',#15728);
#5221=VERTEX_POINT('',#15730);
#5222=VERTEX_POINT('',#15732);
#5223=VERTEX_POINT('',#15734);
#5224=VERTEX_POINT('',#15737);
#5225=VERTEX_POINT('',#15740);
#5226=VERTEX_POINT('',#15742);
#5227=VERTEX_POINT('',#15744);
#5228=VERTEX_POINT('',#15746);
#5229=VERTEX_POINT('',#15749);
#5230=VERTEX_POINT('',#15763);
#5231=VERTEX_POINT('',#15765);
#5232=VERTEX_POINT('',#15770);
#5233=VERTEX_POINT('',#15771);
#5234=VERTEX_POINT('',#15773);
#5235=VERTEX_POINT('',#15775);
#5236=VERTEX_POINT('',#15779);
#5237=VERTEX_POINT('',#15781);
#5238=VERTEX_POINT('',#15785);
#5239=VERTEX_POINT('',#15787);
#5240=VERTEX_POINT('',#15791);
#5241=VERTEX_POINT('',#15793);
#5242=VERTEX_POINT('',#15797);
#5243=VERTEX_POINT('',#15799);
#5244=VERTEX_POINT('',#15803);
#5245=VERTEX_POINT('',#15805);
#5246=VERTEX_POINT('',#15809);
#5247=VERTEX_POINT('',#15811);
#5248=VERTEX_POINT('',#15815);
#5249=VERTEX_POINT('',#15817);
#5250=VERTEX_POINT('',#15819);
#5251=VERTEX_POINT('',#15821);
#5252=VERTEX_POINT('',#15823);
#5253=VERTEX_POINT('',#15825);
#5254=VERTEX_POINT('',#15827);
#5255=VERTEX_POINT('',#15829);
#5256=VERTEX_POINT('',#15831);
#5257=VERTEX_POINT('',#15833);
#5258=VERTEX_POINT('',#15837);
#5259=VERTEX_POINT('',#15839);
#5260=VERTEX_POINT('',#15843);
#5261=VERTEX_POINT('',#15847);
#5262=VERTEX_POINT('',#15849);
#5263=VERTEX_POINT('',#15851);
#5264=VERTEX_POINT('',#15853);
#5265=VERTEX_POINT('',#15855);
#5266=VERTEX_POINT('',#15857);
#5267=VERTEX_POINT('',#15859);
#5268=VERTEX_POINT('',#15880);
#5269=VERTEX_POINT('',#15882);
#5270=VERTEX_POINT('',#15887);
#5271=VERTEX_POINT('',#15888);
#5272=VERTEX_POINT('',#15890);
#5273=VERTEX_POINT('',#15892);
#5274=VERTEX_POINT('',#15896);
#5275=VERTEX_POINT('',#15897);
#5276=VERTEX_POINT('',#15899);
#5277=VERTEX_POINT('',#15901);
#5278=VERTEX_POINT('',#15903);
#5279=VERTEX_POINT('',#15905);
#5280=VERTEX_POINT('',#15912);
#5281=VERTEX_POINT('',#15913);
#5282=VERTEX_POINT('',#15915);
#5283=VERTEX_POINT('',#15917);
#5284=VERTEX_POINT('',#15921);
#5285=VERTEX_POINT('',#15922);
#5286=VERTEX_POINT('',#15927);
#5287=VERTEX_POINT('',#15929);
#5288=VERTEX_POINT('',#15931);
#5289=VERTEX_POINT('',#15935);
#5290=VERTEX_POINT('',#15936);
#5291=VERTEX_POINT('',#15938);
#5292=VERTEX_POINT('',#15943);
#5293=VERTEX_POINT('',#15947);
#5294=VERTEX_POINT('',#15956);
#5295=VERTEX_POINT('',#15957);
#5296=VERTEX_POINT('',#15959);
#5297=VERTEX_POINT('',#15961);
#5298=VERTEX_POINT('',#15968);
#5299=VERTEX_POINT('',#15970);
#5300=VERTEX_POINT('',#15972);
#5301=VERTEX_POINT('',#15974);
#5302=VERTEX_POINT('',#15977);
#5303=VERTEX_POINT('',#15980);
#5304=VERTEX_POINT('',#15982);
#5305=VERTEX_POINT('',#15984);
#5306=VERTEX_POINT('',#15986);
#5307=VERTEX_POINT('',#15989);
#5308=VERTEX_POINT('',#16003);
#5309=VERTEX_POINT('',#16005);
#5310=VERTEX_POINT('',#16010);
#5311=VERTEX_POINT('',#16011);
#5312=VERTEX_POINT('',#16013);
#5313=VERTEX_POINT('',#16015);
#5314=VERTEX_POINT('',#16019);
#5315=VERTEX_POINT('',#16021);
#5316=VERTEX_POINT('',#16025);
#5317=VERTEX_POINT('',#16027);
#5318=VERTEX_POINT('',#16031);
#5319=VERTEX_POINT('',#16033);
#5320=VERTEX_POINT('',#16037);
#5321=VERTEX_POINT('',#16039);
#5322=VERTEX_POINT('',#16043);
#5323=VERTEX_POINT('',#16045);
#5324=VERTEX_POINT('',#16049);
#5325=VERTEX_POINT('',#16051);
#5326=VERTEX_POINT('',#16055);
#5327=VERTEX_POINT('',#16057);
#5328=VERTEX_POINT('',#16059);
#5329=VERTEX_POINT('',#16061);
#5330=VERTEX_POINT('',#16063);
#5331=VERTEX_POINT('',#16065);
#5332=VERTEX_POINT('',#16067);
#5333=VERTEX_POINT('',#16069);
#5334=VERTEX_POINT('',#16071);
#5335=VERTEX_POINT('',#16073);
#5336=VERTEX_POINT('',#16077);
#5337=VERTEX_POINT('',#16079);
#5338=VERTEX_POINT('',#16083);
#5339=VERTEX_POINT('',#16086);
#5340=VERTEX_POINT('',#16088);
#5341=VERTEX_POINT('',#16090);
#5342=VERTEX_POINT('',#16092);
#5343=VERTEX_POINT('',#16094);
#5344=VERTEX_POINT('',#16096);
#5345=VERTEX_POINT('',#16098);
#5346=VERTEX_POINT('',#16120);
#5347=VERTEX_POINT('',#16122);
#5348=VERTEX_POINT('',#16127);
#5349=VERTEX_POINT('',#16128);
#5350=VERTEX_POINT('',#16130);
#5351=VERTEX_POINT('',#16132);
#5352=VERTEX_POINT('',#16136);
#5353=VERTEX_POINT('',#16137);
#5354=VERTEX_POINT('',#16139);
#5355=VERTEX_POINT('',#16141);
#5356=VERTEX_POINT('',#16143);
#5357=VERTEX_POINT('',#16145);
#5358=VERTEX_POINT('',#16152);
#5359=VERTEX_POINT('',#16153);
#5360=VERTEX_POINT('',#16156);
#5361=VERTEX_POINT('',#16158);
#5362=VERTEX_POINT('',#16162);
#5363=VERTEX_POINT('',#16163);
#5364=VERTEX_POINT('',#16165);
#5365=VERTEX_POINT('',#16167);
#5366=VERTEX_POINT('',#16171);
#5367=VERTEX_POINT('',#16175);
#5368=VERTEX_POINT('',#16177);
#5369=VERTEX_POINT('',#16181);
#5370=VERTEX_POINT('',#16187);
#5371=VERTEX_POINT('',#16189);
#5372=VERTEX_POINT('',#16196);
#5373=VERTEX_POINT('',#16197);
#5374=VERTEX_POINT('',#16199);
#5375=VERTEX_POINT('',#16201);
#5376=VERTEX_POINT('',#16208);
#5377=VERTEX_POINT('',#16210);
#5378=VERTEX_POINT('',#16212);
#5379=VERTEX_POINT('',#16214);
#5380=VERTEX_POINT('',#16217);
#5381=VERTEX_POINT('',#16220);
#5382=VERTEX_POINT('',#16222);
#5383=VERTEX_POINT('',#16224);
#5384=VERTEX_POINT('',#16226);
#5385=VERTEX_POINT('',#16229);
#5386=VERTEX_POINT('',#16243);
#5387=VERTEX_POINT('',#16245);
#5388=VERTEX_POINT('',#16250);
#5389=VERTEX_POINT('',#16251);
#5390=VERTEX_POINT('',#16253);
#5391=VERTEX_POINT('',#16255);
#5392=VERTEX_POINT('',#16259);
#5393=VERTEX_POINT('',#16261);
#5394=VERTEX_POINT('',#16265);
#5395=VERTEX_POINT('',#16267);
#5396=VERTEX_POINT('',#16271);
#5397=VERTEX_POINT('',#16273);
#5398=VERTEX_POINT('',#16277);
#5399=VERTEX_POINT('',#16279);
#5400=VERTEX_POINT('',#16283);
#5401=VERTEX_POINT('',#16285);
#5402=VERTEX_POINT('',#16289);
#5403=VERTEX_POINT('',#16291);
#5404=VERTEX_POINT('',#16293);
#5405=VERTEX_POINT('',#16295);
#5406=VERTEX_POINT('',#16297);
#5407=VERTEX_POINT('',#16299);
#5408=VERTEX_POINT('',#16303);
#5409=VERTEX_POINT('',#16305);
#5410=VERTEX_POINT('',#16307);
#5411=VERTEX_POINT('',#16309);
#5412=VERTEX_POINT('',#16311);
#5413=VERTEX_POINT('',#16313);
#5414=VERTEX_POINT('',#16321);
#5415=VERTEX_POINT('',#16322);
#5416=VERTEX_POINT('',#16324);
#5417=VERTEX_POINT('',#16326);
#5418=VERTEX_POINT('',#16334);
#5419=VERTEX_POINT('',#16335);
#5420=VERTEX_POINT('',#16337);
#5421=VERTEX_POINT('',#16339);
#5422=VERTEX_POINT('',#16343);
#5423=VERTEX_POINT('',#16345);
#5424=VERTEX_POINT('',#16352);
#5425=VERTEX_POINT('',#16356);
#5426=VERTEX_POINT('',#16358);
#5427=VERTEX_POINT('',#16360);
#5428=VERTEX_POINT('',#16364);
#5429=VERTEX_POINT('',#16369);
#5430=VERTEX_POINT('',#16378);
#5431=VERTEX_POINT('',#16380);
#5432=VERTEX_POINT('',#16385);
#5433=VERTEX_POINT('',#16386);
#5434=VERTEX_POINT('',#16388);
#5435=VERTEX_POINT('',#16390);
#5436=VERTEX_POINT('',#16392);
#5437=VERTEX_POINT('',#16394);
#5438=VERTEX_POINT('',#16398);
#5439=VERTEX_POINT('',#16399);
#5440=VERTEX_POINT('',#16404);
#5441=VERTEX_POINT('',#16405);
#5442=VERTEX_POINT('',#16410);
#5443=VERTEX_POINT('',#16411);
#5444=VERTEX_POINT('',#16413);
#5445=VERTEX_POINT('',#16415);
#5446=VERTEX_POINT('',#16419);
#5447=VERTEX_POINT('',#16420);
#5448=VERTEX_POINT('',#16425);
#5449=VERTEX_POINT('',#16427);
#5450=VERTEX_POINT('',#16429);
#5451=VERTEX_POINT('',#16433);
#5452=VERTEX_POINT('',#16434);
#5453=VERTEX_POINT('',#16439);
#5454=VERTEX_POINT('',#16445);
#5455=VERTEX_POINT('',#16447);
#5456=VERTEX_POINT('',#16454);
#5457=VERTEX_POINT('',#16455);
#5458=VERTEX_POINT('',#16457);
#5459=VERTEX_POINT('',#16459);
#5460=VERTEX_POINT('',#16466);
#5461=VERTEX_POINT('',#16468);
#5462=VERTEX_POINT('',#16470);
#5463=VERTEX_POINT('',#16472);
#5464=VERTEX_POINT('',#16475);
#5465=VERTEX_POINT('',#16478);
#5466=VERTEX_POINT('',#16480);
#5467=VERTEX_POINT('',#16482);
#5468=VERTEX_POINT('',#16484);
#5469=VERTEX_POINT('',#16487);
#5470=VERTEX_POINT('',#16501);
#5471=VERTEX_POINT('',#16503);
#5472=VERTEX_POINT('',#16508);
#5473=VERTEX_POINT('',#16509);
#5474=VERTEX_POINT('',#16511);
#5475=VERTEX_POINT('',#16513);
#5476=VERTEX_POINT('',#16517);
#5477=VERTEX_POINT('',#16519);
#5478=VERTEX_POINT('',#16523);
#5479=VERTEX_POINT('',#16525);
#5480=VERTEX_POINT('',#16529);
#5481=VERTEX_POINT('',#16531);
#5482=VERTEX_POINT('',#16535);
#5483=VERTEX_POINT('',#16537);
#5484=VERTEX_POINT('',#16541);
#5485=VERTEX_POINT('',#16543);
#5486=VERTEX_POINT('',#16547);
#5487=VERTEX_POINT('',#16549);
#5488=VERTEX_POINT('',#16553);
#5489=VERTEX_POINT('',#16555);
#5490=VERTEX_POINT('',#16557);
#5491=VERTEX_POINT('',#16559);
#5492=VERTEX_POINT('',#16561);
#5493=VERTEX_POINT('',#16563);
#5494=VERTEX_POINT('',#16565);
#5495=VERTEX_POINT('',#16567);
#5496=VERTEX_POINT('',#16569);
#5497=VERTEX_POINT('',#16571);
#5498=VERTEX_POINT('',#16575);
#5499=VERTEX_POINT('',#16577);
#5500=VERTEX_POINT('',#16581);
#5501=VERTEX_POINT('',#16584);
#5502=VERTEX_POINT('',#16586);
#5503=VERTEX_POINT('',#16588);
#5504=VERTEX_POINT('',#16590);
#5505=VERTEX_POINT('',#16592);
#5506=VERTEX_POINT('',#16594);
#5507=VERTEX_POINT('',#16596);
#5508=VERTEX_POINT('',#16618);
#5509=VERTEX_POINT('',#16620);
#5510=VERTEX_POINT('',#16625);
#5511=VERTEX_POINT('',#16626);
#5512=VERTEX_POINT('',#16628);
#5513=VERTEX_POINT('',#16630);
#5514=VERTEX_POINT('',#16632);
#5515=VERTEX_POINT('',#16634);
#5516=VERTEX_POINT('',#16636);
#5517=VERTEX_POINT('',#16638);
#5518=VERTEX_POINT('',#16642);
#5519=VERTEX_POINT('',#16643);
#5520=VERTEX_POINT('',#16648);
#5521=VERTEX_POINT('',#16649);
#5522=VERTEX_POINT('',#16654);
#5523=VERTEX_POINT('',#16655);
#5524=VERTEX_POINT('',#16658);
#5525=VERTEX_POINT('',#16660);
#5526=VERTEX_POINT('',#16662);
#5527=VERTEX_POINT('',#16666);
#5528=VERTEX_POINT('',#16667);
#5529=VERTEX_POINT('',#16669);
#5530=VERTEX_POINT('',#16671);
#5531=VERTEX_POINT('',#16675);
#5532=VERTEX_POINT('',#16679);
#5533=VERTEX_POINT('',#16681);
#5534=VERTEX_POINT('',#16683);
#5535=VERTEX_POINT('',#16687);
#5536=VERTEX_POINT('',#16697);
#5537=VERTEX_POINT('',#16699);
#5538=VERTEX_POINT('',#16706);
#5539=VERTEX_POINT('',#16707);
#5540=VERTEX_POINT('',#16709);
#5541=VERTEX_POINT('',#16711);
#5542=VERTEX_POINT('',#16718);
#5543=VERTEX_POINT('',#16720);
#5544=VERTEX_POINT('',#16722);
#5545=VERTEX_POINT('',#16724);
#5546=VERTEX_POINT('',#16727);
#5547=VERTEX_POINT('',#16730);
#5548=VERTEX_POINT('',#16732);
#5549=VERTEX_POINT('',#16734);
#5550=VERTEX_POINT('',#16736);
#5551=VERTEX_POINT('',#16739);
#5552=VERTEX_POINT('',#16753);
#5553=VERTEX_POINT('',#16755);
#5554=VERTEX_POINT('',#16760);
#5555=VERTEX_POINT('',#16761);
#5556=VERTEX_POINT('',#16763);
#5557=VERTEX_POINT('',#16765);
#5558=VERTEX_POINT('',#16769);
#5559=VERTEX_POINT('',#16771);
#5560=VERTEX_POINT('',#16775);
#5561=VERTEX_POINT('',#16777);
#5562=VERTEX_POINT('',#16781);
#5563=VERTEX_POINT('',#16783);
#5564=VERTEX_POINT('',#16787);
#5565=VERTEX_POINT('',#16789);
#5566=VERTEX_POINT('',#16793);
#5567=VERTEX_POINT('',#16795);
#5568=VERTEX_POINT('',#16799);
#5569=VERTEX_POINT('',#16801);
#5570=VERTEX_POINT('',#16803);
#5571=VERTEX_POINT('',#16805);
#5572=VERTEX_POINT('',#16807);
#5573=VERTEX_POINT('',#16809);
#5574=VERTEX_POINT('',#16811);
#5575=VERTEX_POINT('',#16813);
#5576=VERTEX_POINT('',#16815);
#5577=VERTEX_POINT('',#16817);
#5578=VERTEX_POINT('',#16819);
#5579=VERTEX_POINT('',#16823);
#5580=VERTEX_POINT('',#16825);
#5581=VERTEX_POINT('',#16827);
#5582=VERTEX_POINT('',#16829);
#5583=VERTEX_POINT('',#16831);
#5584=VERTEX_POINT('',#16833);
#5585=VERTEX_POINT('',#16835);
#5586=VERTEX_POINT('',#16837);
#5587=VERTEX_POINT('',#16839);
#5588=VERTEX_POINT('',#16841);
#5589=VERTEX_POINT('',#16843);
#5590=VERTEX_POINT('',#16870);
#5591=VERTEX_POINT('',#16872);
#5592=VERTEX_POINT('',#16877);
#5593=VERTEX_POINT('',#16878);
#5594=VERTEX_POINT('',#16880);
#5595=VERTEX_POINT('',#16882);
#5596=VERTEX_POINT('',#16886);
#5597=VERTEX_POINT('',#16887);
#5598=VERTEX_POINT('',#16889);
#5599=VERTEX_POINT('',#16891);
#5600=VERTEX_POINT('',#16895);
#5601=VERTEX_POINT('',#16897);
#5602=VERTEX_POINT('',#16901);
#5603=VERTEX_POINT('',#16903);
#5604=VERTEX_POINT('',#16907);
#5605=VERTEX_POINT('',#16908);
#5606=VERTEX_POINT('',#16910);
#5607=VERTEX_POINT('',#16912);
#5608=VERTEX_POINT('',#16927);
#5609=VERTEX_POINT('',#16928);
#5610=VERTEX_POINT('',#16930);
#5611=VERTEX_POINT('',#16932);
#5612=VERTEX_POINT('',#16936);
#5613=VERTEX_POINT('',#16938);
#5614=VERTEX_POINT('',#16940);
#5615=VERTEX_POINT('',#16942);
#5616=VERTEX_POINT('',#16944);
#5617=VERTEX_POINT('',#16946);
#5618=VERTEX_POINT('',#16948);
#5619=VERTEX_POINT('',#16950);
#5620=VERTEX_POINT('',#16952);
#5621=VERTEX_POINT('',#16954);
#5622=VERTEX_POINT('',#16956);
#5623=VERTEX_POINT('',#16958);
#5624=VERTEX_POINT('',#16960);
#5625=VERTEX_POINT('',#16964);
#5626=VERTEX_POINT('',#16968);
#5627=VERTEX_POINT('',#16969);
#5628=VERTEX_POINT('',#16974);
#5629=VERTEX_POINT('',#16978);
#5630=VERTEX_POINT('',#16982);
#5631=VERTEX_POINT('',#16984);
#5632=VERTEX_POINT('',#16986);
#5633=VERTEX_POINT('',#16988);
#5634=VERTEX_POINT('',#16994);
#5635=VERTEX_POINT('',#16996);
#5636=VERTEX_POINT('',#17000);
#5637=VERTEX_POINT('',#17006);
#5638=VERTEX_POINT('',#17008);
#5639=VERTEX_POINT('',#17010);
#5640=VERTEX_POINT('',#17016);
#5641=VERTEX_POINT('',#17021);
#5642=VERTEX_POINT('',#17031);
#5643=VERTEX_POINT('',#17033);
#5644=VERTEX_POINT('',#17038);
#5645=VERTEX_POINT('',#17039);
#5646=VERTEX_POINT('',#17041);
#5647=VERTEX_POINT('',#17043);
#5648=VERTEX_POINT('',#17047);
#5649=VERTEX_POINT('',#17049);
#5650=VERTEX_POINT('',#17053);
#5651=VERTEX_POINT('',#17055);
#5652=VERTEX_POINT('',#17059);
#5653=VERTEX_POINT('',#17061);
#5654=VERTEX_POINT('',#17065);
#5655=VERTEX_POINT('',#17067);
#5656=VERTEX_POINT('',#17071);
#5657=VERTEX_POINT('',#17073);
#5658=VERTEX_POINT('',#17077);
#5659=VERTEX_POINT('',#17079);
#5660=VERTEX_POINT('',#17083);
#5661=VERTEX_POINT('',#17085);
#5662=VERTEX_POINT('',#17087);
#5663=VERTEX_POINT('',#17089);
#5664=VERTEX_POINT('',#17091);
#5665=VERTEX_POINT('',#17093);
#5666=VERTEX_POINT('',#17095);
#5667=VERTEX_POINT('',#17097);
#5668=VERTEX_POINT('',#17099);
#5669=VERTEX_POINT('',#17101);
#5670=VERTEX_POINT('',#17105);
#5671=VERTEX_POINT('',#17107);
#5672=VERTEX_POINT('',#17111);
#5673=VERTEX_POINT('',#17114);
#5674=VERTEX_POINT('',#17116);
#5675=VERTEX_POINT('',#17118);
#5676=VERTEX_POINT('',#17120);
#5677=VERTEX_POINT('',#17122);
#5678=VERTEX_POINT('',#17124);
#5679=VERTEX_POINT('',#17126);
#5680=VERTEX_POINT('',#17148);
#5681=VERTEX_POINT('',#17150);
#5682=VERTEX_POINT('',#17155);
#5683=VERTEX_POINT('',#17156);
#5684=VERTEX_POINT('',#17158);
#5685=VERTEX_POINT('',#17160);
#5686=VERTEX_POINT('',#17164);
#5687=VERTEX_POINT('',#17166);
#5688=VERTEX_POINT('',#17170);
#5689=VERTEX_POINT('',#17171);
#5690=VERTEX_POINT('',#17173);
#5691=VERTEX_POINT('',#17175);
#5692=VERTEX_POINT('',#17179);
#5693=VERTEX_POINT('',#17180);
#5694=VERTEX_POINT('',#17182);
#5695=VERTEX_POINT('',#17184);
#5696=VERTEX_POINT('',#17188);
#5697=VERTEX_POINT('',#17190);
#5698=VERTEX_POINT('',#17194);
#5699=VERTEX_POINT('',#17196);
#5700=VERTEX_POINT('',#17201);
#5701=VERTEX_POINT('',#17203);
#5702=VERTEX_POINT('',#17207);
#5703=VERTEX_POINT('',#17209);
#5704=VERTEX_POINT('',#17211);
#5705=VERTEX_POINT('',#17215);
#5706=VERTEX_POINT('',#17222);
#5707=VERTEX_POINT('',#17224);
#5708=VERTEX_POINT('',#17228);
#5709=VERTEX_POINT('',#17230);
#5710=VERTEX_POINT('',#17236);
#5711=VERTEX_POINT('',#17238);
#5712=VERTEX_POINT('',#17240);
#5713=VERTEX_POINT('',#17242);
#5714=VERTEX_POINT('',#17245);
#5715=VERTEX_POINT('',#17248);
#5716=VERTEX_POINT('',#17250);
#5717=VERTEX_POINT('',#17252);
#5718=VERTEX_POINT('',#17254);
#5719=VERTEX_POINT('',#17257);
#5720=VERTEX_POINT('',#17271);
#5721=VERTEX_POINT('',#17273);
#5722=VERTEX_POINT('',#17278);
#5723=VERTEX_POINT('',#17279);
#5724=VERTEX_POINT('',#17281);
#5725=VERTEX_POINT('',#17283);
#5726=VERTEX_POINT('',#17287);
#5727=VERTEX_POINT('',#17289);
#5728=VERTEX_POINT('',#17293);
#5729=VERTEX_POINT('',#17295);
#5730=VERTEX_POINT('',#17299);
#5731=VERTEX_POINT('',#17301);
#5732=VERTEX_POINT('',#17305);
#5733=VERTEX_POINT('',#17307);
#5734=VERTEX_POINT('',#17311);
#5735=VERTEX_POINT('',#17313);
#5736=VERTEX_POINT('',#17317);
#5737=VERTEX_POINT('',#17319);
#5738=VERTEX_POINT('',#17321);
#5739=VERTEX_POINT('',#17323);
#5740=VERTEX_POINT('',#17325);
#5741=VERTEX_POINT('',#17327);
#5742=VERTEX_POINT('',#17331);
#5743=VERTEX_POINT('',#17333);
#5744=VERTEX_POINT('',#17335);
#5745=VERTEX_POINT('',#17337);
#5746=VERTEX_POINT('',#17339);
#5747=VERTEX_POINT('',#17341);
#5748=VERTEX_POINT('',#17349);
#5749=VERTEX_POINT('',#17350);
#5750=VERTEX_POINT('',#17352);
#5751=VERTEX_POINT('',#17354);
#5752=VERTEX_POINT('',#17362);
#5753=VERTEX_POINT('',#17363);
#5754=VERTEX_POINT('',#17365);
#5755=VERTEX_POINT('',#17367);
#5756=VERTEX_POINT('',#17371);
#5757=VERTEX_POINT('',#17373);
#5758=VERTEX_POINT('',#17380);
#5759=VERTEX_POINT('',#17384);
#5760=VERTEX_POINT('',#17386);
#5761=VERTEX_POINT('',#17388);
#5762=VERTEX_POINT('',#17392);
#5763=VERTEX_POINT('',#17397);
#5764=VERTEX_POINT('',#17406);
#5765=VERTEX_POINT('',#17408);
#5766=VERTEX_POINT('',#17413);
#5767=VERTEX_POINT('',#17414);
#5768=VERTEX_POINT('',#17416);
#5769=VERTEX_POINT('',#17418);
#5770=VERTEX_POINT('',#17420);
#5771=VERTEX_POINT('',#17424);
#5772=VERTEX_POINT('',#17426);
#5773=VERTEX_POINT('',#17428);
#5774=VERTEX_POINT('',#17436);
#5775=VERTEX_POINT('',#17437);
#5776=VERTEX_POINT('',#17439);
#5777=VERTEX_POINT('',#17441);
#5778=VERTEX_POINT('',#17445);
#5779=VERTEX_POINT('',#17447);
#5780=VERTEX_POINT('',#17451);
#5781=VERTEX_POINT('',#17452);
#5782=VERTEX_POINT('',#17454);
#5783=VERTEX_POINT('',#17456);
#5784=VERTEX_POINT('',#17460);
#5785=VERTEX_POINT('',#17462);
#5786=VERTEX_POINT('',#17472);
#5787=VERTEX_POINT('',#17474);
#5788=VERTEX_POINT('',#17478);
#5789=VERTEX_POINT('',#17480);
#5790=VERTEX_POINT('',#17484);
#5791=VERTEX_POINT('',#17486);
#5792=VERTEX_POINT('',#17490);
#5793=VERTEX_POINT('',#17491);
#5794=VERTEX_POINT('',#17493);
#5795=VERTEX_POINT('',#17496);
#5796=VERTEX_POINT('',#17500);
#5797=VERTEX_POINT('',#17502);
#5798=VERTEX_POINT('',#17504);
#5799=VERTEX_POINT('',#17506);
#5800=VERTEX_POINT('',#17509);
#5801=VERTEX_POINT('',#17512);
#5802=VERTEX_POINT('',#17513);
#5803=VERTEX_POINT('',#17515);
#5804=VERTEX_POINT('',#17517);
#5805=VERTEX_POINT('',#17519);
#5806=VERTEX_POINT('',#17521);
#5807=VERTEX_POINT('',#17523);
#5808=VERTEX_POINT('',#17525);
#5809=VERTEX_POINT('',#17546);
#5810=VERTEX_POINT('',#17548);
#5811=VERTEX_POINT('',#17553);
#5812=VERTEX_POINT('',#17554);
#5813=VERTEX_POINT('',#17556);
#5814=VERTEX_POINT('',#17558);
#5815=VERTEX_POINT('',#17562);
#5816=VERTEX_POINT('',#17564);
#5817=VERTEX_POINT('',#17568);
#5818=VERTEX_POINT('',#17570);
#5819=VERTEX_POINT('',#17574);
#5820=VERTEX_POINT('',#17576);
#5821=VERTEX_POINT('',#17580);
#5822=VERTEX_POINT('',#17582);
#5823=VERTEX_POINT('',#17586);
#5824=VERTEX_POINT('',#17588);
#5825=VERTEX_POINT('',#17592);
#5826=VERTEX_POINT('',#17594);
#5827=VERTEX_POINT('',#17596);
#5828=VERTEX_POINT('',#17598);
#5829=VERTEX_POINT('',#17600);
#5830=VERTEX_POINT('',#17602);
#5831=VERTEX_POINT('',#17604);
#5832=VERTEX_POINT('',#17606);
#5833=VERTEX_POINT('',#17608);
#5834=VERTEX_POINT('',#17610);
#5835=VERTEX_POINT('',#17612);
#5836=VERTEX_POINT('',#17616);
#5837=VERTEX_POINT('',#17618);
#5838=VERTEX_POINT('',#17620);
#5839=VERTEX_POINT('',#17622);
#5840=VERTEX_POINT('',#17624);
#5841=VERTEX_POINT('',#17626);
#5842=VERTEX_POINT('',#17628);
#5843=VERTEX_POINT('',#17630);
#5844=VERTEX_POINT('',#17632);
#5845=VERTEX_POINT('',#17634);
#5846=VERTEX_POINT('',#17636);
#5847=VERTEX_POINT('',#17663);
#5848=VERTEX_POINT('',#17665);
#5849=VERTEX_POINT('',#17670);
#5850=VERTEX_POINT('',#17671);
#5851=VERTEX_POINT('',#17673);
#5852=VERTEX_POINT('',#17675);
#5853=VERTEX_POINT('',#17679);
#5854=VERTEX_POINT('',#17681);
#5855=VERTEX_POINT('',#17685);
#5856=VERTEX_POINT('',#17687);
#5857=VERTEX_POINT('',#17691);
#5858=VERTEX_POINT('',#17692);
#5859=VERTEX_POINT('',#17694);
#5860=VERTEX_POINT('',#17696);
#5861=VERTEX_POINT('',#17698);
#5862=VERTEX_POINT('',#17700);
#5863=VERTEX_POINT('',#17707);
#5864=VERTEX_POINT('',#17708);
#5865=VERTEX_POINT('',#17710);
#5866=VERTEX_POINT('',#17712);
#5867=VERTEX_POINT('',#17716);
#5868=VERTEX_POINT('',#17718);
#5869=VERTEX_POINT('',#17725);
#5870=VERTEX_POINT('',#17727);
#5871=VERTEX_POINT('',#17729);
#5872=VERTEX_POINT('',#17733);
#5873=VERTEX_POINT('',#17737);
#5874=VERTEX_POINT('',#17741);
#5875=VERTEX_POINT('',#17742);
#5876=VERTEX_POINT('',#17745);
#5877=VERTEX_POINT('',#17747);
#5878=VERTEX_POINT('',#17749);
#5879=VERTEX_POINT('',#17751);
#5880=VERTEX_POINT('',#17754);
#5881=VERTEX_POINT('',#17759);
#5882=VERTEX_POINT('',#17763);
#5883=VERTEX_POINT('',#17765);
#5884=VERTEX_POINT('',#17767);
#5885=VERTEX_POINT('',#17769);
#5886=VERTEX_POINT('',#17772);
#5887=VERTEX_POINT('',#17786);
#5888=VERTEX_POINT('',#17788);
#5889=VERTEX_POINT('',#17793);
#5890=VERTEX_POINT('',#17794);
#5891=VERTEX_POINT('',#17796);
#5892=VERTEX_POINT('',#17798);
#5893=VERTEX_POINT('',#17802);
#5894=VERTEX_POINT('',#17804);
#5895=VERTEX_POINT('',#17808);
#5896=VERTEX_POINT('',#17810);
#5897=VERTEX_POINT('',#17814);
#5898=VERTEX_POINT('',#17816);
#5899=VERTEX_POINT('',#17820);
#5900=VERTEX_POINT('',#17822);
#5901=VERTEX_POINT('',#17826);
#5902=VERTEX_POINT('',#17828);
#5903=VERTEX_POINT('',#17832);
#5904=VERTEX_POINT('',#17834);
#5905=VERTEX_POINT('',#17836);
#5906=VERTEX_POINT('',#17838);
#5907=VERTEX_POINT('',#17840);
#5908=VERTEX_POINT('',#17842);
#5909=VERTEX_POINT('',#17846);
#5910=VERTEX_POINT('',#17848);
#5911=VERTEX_POINT('',#17850);
#5912=VERTEX_POINT('',#17852);
#5913=VERTEX_POINT('',#17854);
#5914=VERTEX_POINT('',#17856);
#5915=VERTEX_POINT('',#17862);
#5916=VERTEX_POINT('',#17863);
#5917=VERTEX_POINT('',#17865);
#5918=VERTEX_POINT('',#17867);
#5919=VERTEX_POINT('',#17875);
#5920=VERTEX_POINT('',#17876);
#5921=VERTEX_POINT('',#17878);
#5922=VERTEX_POINT('',#17880);
#5923=VERTEX_POINT('',#17884);
#5924=VERTEX_POINT('',#17886);
#5925=VERTEX_POINT('',#17893);
#5926=VERTEX_POINT('',#17897);
#5927=VERTEX_POINT('',#17899);
#5928=VERTEX_POINT('',#17901);
#5929=VERTEX_POINT('',#17905);
#5930=VERTEX_POINT('',#17911);
#5931=VERTEX_POINT('',#17921);
#5932=VERTEX_POINT('',#17923);
#5933=VERTEX_POINT('',#17928);
#5934=VERTEX_POINT('',#17929);
#5935=VERTEX_POINT('',#17931);
#5936=VERTEX_POINT('',#17933);
#5937=VERTEX_POINT('',#17937);
#5938=VERTEX_POINT('',#17939);
#5939=VERTEX_POINT('',#17943);
#5940=VERTEX_POINT('',#17944);
#5941=VERTEX_POINT('',#17946);
#5942=VERTEX_POINT('',#17948);
#5943=VERTEX_POINT('',#17950);
#5944=VERTEX_POINT('',#17952);
#5945=VERTEX_POINT('',#17954);
#5946=VERTEX_POINT('',#17956);
#5947=VERTEX_POINT('',#17960);
#5948=VERTEX_POINT('',#17962);
#5949=VERTEX_POINT('',#17966);
#5950=VERTEX_POINT('',#17967);
#5951=VERTEX_POINT('',#17969);
#5952=VERTEX_POINT('',#17971);
#5953=VERTEX_POINT('',#17975);
#5954=VERTEX_POINT('',#17977);
#5955=VERTEX_POINT('',#17984);
#5956=VERTEX_POINT('',#17986);
#5957=VERTEX_POINT('',#17990);
#5958=VERTEX_POINT('',#17992);
#5959=VERTEX_POINT('',#17994);
#5960=VERTEX_POINT('',#17998);
#5961=VERTEX_POINT('',#18005);
#5962=VERTEX_POINT('',#18009);
#5963=VERTEX_POINT('',#18015);
#5964=VERTEX_POINT('',#18017);
#5965=VERTEX_POINT('',#18021);
#5966=VERTEX_POINT('',#18023);
#5967=VERTEX_POINT('',#18025);
#5968=VERTEX_POINT('',#18027);
#5969=VERTEX_POINT('',#18030);
#5970=VERTEX_POINT('',#18033);
#5971=VERTEX_POINT('',#18035);
#5972=VERTEX_POINT('',#18037);
#5973=VERTEX_POINT('',#18039);
#5974=VERTEX_POINT('',#18042);
#5975=VERTEX_POINT('',#18056);
#5976=VERTEX_POINT('',#18058);
#5977=VERTEX_POINT('',#18063);
#5978=VERTEX_POINT('',#18064);
#5979=VERTEX_POINT('',#18066);
#5980=VERTEX_POINT('',#18068);
#5981=VERTEX_POINT('',#18072);
#5982=VERTEX_POINT('',#18074);
#5983=VERTEX_POINT('',#18078);
#5984=VERTEX_POINT('',#18080);
#5985=VERTEX_POINT('',#18084);
#5986=VERTEX_POINT('',#18086);
#5987=VERTEX_POINT('',#18090);
#5988=VERTEX_POINT('',#18092);
#5989=VERTEX_POINT('',#18096);
#5990=VERTEX_POINT('',#18098);
#5991=VERTEX_POINT('',#18102);
#5992=VERTEX_POINT('',#18104);
#5993=VERTEX_POINT('',#18108);
#5994=VERTEX_POINT('',#18110);
#5995=VERTEX_POINT('',#18112);
#5996=VERTEX_POINT('',#18114);
#5997=VERTEX_POINT('',#18116);
#5998=VERTEX_POINT('',#18118);
#5999=VERTEX_POINT('',#18120);
#6000=VERTEX_POINT('',#18122);
#6001=VERTEX_POINT('',#18124);
#6002=VERTEX_POINT('',#18126);
#6003=VERTEX_POINT('',#18130);
#6004=VERTEX_POINT('',#18132);
#6005=VERTEX_POINT('',#18136);
#6006=VERTEX_POINT('',#18139);
#6007=VERTEX_POINT('',#18141);
#6008=VERTEX_POINT('',#18143);
#6009=VERTEX_POINT('',#18145);
#6010=VERTEX_POINT('',#18147);
#6011=VERTEX_POINT('',#18149);
#6012=VERTEX_POINT('',#18151);
#6013=VERTEX_POINT('',#18173);
#6014=VERTEX_POINT('',#18175);
#6015=VERTEX_POINT('',#18180);
#6016=VERTEX_POINT('',#18181);
#6017=VERTEX_POINT('',#18183);
#6018=VERTEX_POINT('',#18185);
#6019=VERTEX_POINT('',#18189);
#6020=VERTEX_POINT('',#18191);
#6021=VERTEX_POINT('',#18195);
#6022=VERTEX_POINT('',#18197);
#6023=VERTEX_POINT('',#18201);
#6024=VERTEX_POINT('',#18202);
#6025=VERTEX_POINT('',#18204);
#6026=VERTEX_POINT('',#18206);
#6027=VERTEX_POINT('',#18208);
#6028=VERTEX_POINT('',#18210);
#6029=VERTEX_POINT('',#18217);
#6030=VERTEX_POINT('',#18218);
#6031=VERTEX_POINT('',#18220);
#6032=VERTEX_POINT('',#18222);
#6033=VERTEX_POINT('',#18226);
#6034=VERTEX_POINT('',#18228);
#6035=VERTEX_POINT('',#18235);
#6036=VERTEX_POINT('',#18237);
#6037=VERTEX_POINT('',#18239);
#6038=VERTEX_POINT('',#18243);
#6039=VERTEX_POINT('',#18247);
#6040=VERTEX_POINT('',#18251);
#6041=VERTEX_POINT('',#18255);
#6042=VERTEX_POINT('',#18257);
#6043=VERTEX_POINT('',#18259);
#6044=VERTEX_POINT('',#18261);
#6045=VERTEX_POINT('',#18263);
#6046=VERTEX_POINT('',#18266);
#6047=VERTEX_POINT('',#18269);
#6048=VERTEX_POINT('',#18273);
#6049=VERTEX_POINT('',#18275);
#6050=VERTEX_POINT('',#18277);
#6051=VERTEX_POINT('',#18279);
#6052=VERTEX_POINT('',#18282);
#6053=VERTEX_POINT('',#18296);
#6054=VERTEX_POINT('',#18298);
#6055=VERTEX_POINT('',#18303);
#6056=VERTEX_POINT('',#18304);
#6057=VERTEX_POINT('',#18306);
#6058=VERTEX_POINT('',#18308);
#6059=VERTEX_POINT('',#18310);
#6060=VERTEX_POINT('',#18312);
#6061=VERTEX_POINT('',#18314);
#6062=VERTEX_POINT('',#18316);
#6063=VERTEX_POINT('',#18320);
#6064=VERTEX_POINT('',#18321);
#6065=VERTEX_POINT('',#18323);
#6066=VERTEX_POINT('',#18325);
#6067=VERTEX_POINT('',#18327);
#6068=VERTEX_POINT('',#18329);
#6069=VERTEX_POINT('',#18331);
#6070=VERTEX_POINT('',#18333);
#6071=VERTEX_POINT('',#18353);
#6072=VERTEX_POINT('',#18354);
#6073=VERTEX_POINT('',#18356);
#6074=VERTEX_POINT('',#18358);
#6075=VERTEX_POINT('',#18362);
#6076=VERTEX_POINT('',#18364);
#6077=VERTEX_POINT('',#18368);
#6078=VERTEX_POINT('',#18370);
#6079=VERTEX_POINT('',#18374);
#6080=VERTEX_POINT('',#18375);
#6081=VERTEX_POINT('',#18377);
#6082=VERTEX_POINT('',#18379);
#6083=VERTEX_POINT('',#18381);
#6084=VERTEX_POINT('',#18383);
#6085=VERTEX_POINT('',#18385);
#6086=VERTEX_POINT('',#18387);
#6087=VERTEX_POINT('',#18391);
#6088=VERTEX_POINT('',#18393);
#6089=VERTEX_POINT('',#18397);
#6090=VERTEX_POINT('',#18398);
#6091=VERTEX_POINT('',#18400);
#6092=VERTEX_POINT('',#18402);
#6093=VERTEX_POINT('',#18406);
#6094=VERTEX_POINT('',#18408);
#6095=VERTEX_POINT('',#18415);
#6096=VERTEX_POINT('',#18417);
#6097=VERTEX_POINT('',#18421);
#6098=VERTEX_POINT('',#18422);
#6099=VERTEX_POINT('',#18424);
#6100=VERTEX_POINT('',#18430);
#6101=VERTEX_POINT('',#18432);
#6102=VERTEX_POINT('',#18434);
#6103=VERTEX_POINT('',#18438);
#6104=VERTEX_POINT('',#18440);
#6105=VERTEX_POINT('',#18442);
#6106=VERTEX_POINT('',#18448);
#6107=VERTEX_POINT('',#18449);
#6108=VERTEX_POINT('',#18452);
#6109=VERTEX_POINT('',#18454);
#6110=VERTEX_POINT('',#18458);
#6111=VERTEX_POINT('',#18462);
#6112=VERTEX_POINT('',#18466);
#6113=VERTEX_POINT('',#18481);
#6114=VERTEX_POINT('',#18483);
#6115=VERTEX_POINT('',#18488);
#6116=VERTEX_POINT('',#18489);
#6117=VERTEX_POINT('',#18491);
#6118=VERTEX_POINT('',#18493);
#6119=VERTEX_POINT('',#18497);
#6120=VERTEX_POINT('',#18499);
#6121=VERTEX_POINT('',#18503);
#6122=VERTEX_POINT('',#18504);
#6123=VERTEX_POINT('',#18506);
#6124=VERTEX_POINT('',#18508);
#6125=VERTEX_POINT('',#18510);
#6126=VERTEX_POINT('',#18512);
#6127=VERTEX_POINT('',#18516);
#6128=VERTEX_POINT('',#18518);
#6129=VERTEX_POINT('',#18522);
#6130=VERTEX_POINT('',#18523);
#6131=VERTEX_POINT('',#18525);
#6132=VERTEX_POINT('',#18527);
#6133=VERTEX_POINT('',#18531);
#6134=VERTEX_POINT('',#18533);
#6135=VERTEX_POINT('',#18537);
#6136=VERTEX_POINT('',#18539);
#6137=VERTEX_POINT('',#18543);
#6138=VERTEX_POINT('',#18546);
#6139=VERTEX_POINT('',#18548);
#6140=VERTEX_POINT('',#18550);
#6141=VERTEX_POINT('',#18552);
#6142=VERTEX_POINT('',#18555);
#6143=VERTEX_POINT('',#18560);
#6144=VERTEX_POINT('',#18562);
#6145=VERTEX_POINT('',#18569);
#6146=VERTEX_POINT('',#18571);
#6147=VERTEX_POINT('',#18577);
#6148=VERTEX_POINT('',#18581);
#6149=VERTEX_POINT('',#18583);
#6150=VERTEX_POINT('',#18585);
#6151=VERTEX_POINT('',#18587);
#6152=VERTEX_POINT('',#18590);
#6153=EDGE_CURVE('',#5087,#5088,#2109,.T.);
#6154=EDGE_CURVE('',#5089,#5087,#1997,.T.);
#6155=EDGE_CURVE('',#5088,#5089,#2110,.T.);
#6156=EDGE_CURVE('',#5090,#5091,#2111,.T.);
#6157=EDGE_CURVE('',#5092,#5090,#2112,.T.);
#6158=EDGE_CURVE('',#5091,#5092,#1998,.T.);
#6159=EDGE_CURVE('',#5087,#5093,#2113,.T.);
#6160=EDGE_CURVE('',#5093,#5094,#1999,.T.);
#6161=EDGE_CURVE('',#5089,#5094,#2114,.T.);
#6162=EDGE_CURVE('',#5095,#5094,#2115,.T.);
#6163=EDGE_CURVE('',#5088,#5095,#2116,.T.);
#6164=EDGE_CURVE('',#5096,#5090,#2117,.T.);
#6165=EDGE_CURVE('',#5096,#5097,#2118,.T.);
#6166=EDGE_CURVE('',#5097,#5092,#2119,.T.);
#6167=EDGE_CURVE('',#5095,#5093,#2120,.T.);
#6168=EDGE_CURVE('',#5098,#5098,#2000,.T.);
#6169=EDGE_CURVE('',#5098,#5099,#2121,.T.);
#6170=EDGE_CURVE('',#5099,#5099,#2001,.T.);
#6171=EDGE_CURVE('',#5100,#5101,#2122,.T.);
#6172=EDGE_CURVE('',#5102,#5100,#2123,.T.);
#6173=EDGE_CURVE('',#5103,#5102,#2124,.T.);
#6174=EDGE_CURVE('',#5104,#5103,#2125,.T.);
#6175=EDGE_CURVE('',#5105,#5104,#2126,.T.);
#6176=EDGE_CURVE('',#5106,#5105,#2002,.T.);
#6177=EDGE_CURVE('',#5107,#5106,#2127,.T.);
#6178=EDGE_CURVE('',#5101,#5107,#2128,.T.);
#6179=EDGE_CURVE('',#5108,#5104,#2129,.T.);
#6180=EDGE_CURVE('',#5109,#5108,#2130,.T.);
#6181=EDGE_CURVE('',#5109,#5105,#2131,.T.);
#6182=EDGE_CURVE('',#5110,#5106,#2132,.T.);
#6183=EDGE_CURVE('',#5111,#5110,#2133,.T.);
#6184=EDGE_CURVE('',#5111,#5107,#2134,.T.);
#6185=EDGE_CURVE('',#5112,#5113,#2135,.T.);
#6186=EDGE_CURVE('',#5113,#5103,#2136,.T.);
#6187=EDGE_CURVE('',#5112,#5102,#2137,.T.);
#6188=EDGE_CURVE('',#5113,#5114,#2138,.T.);
#6189=EDGE_CURVE('',#5115,#5114,#2139,.T.);
#6190=EDGE_CURVE('',#5116,#5115,#2140,.T.);
#6191=EDGE_CURVE('',#5117,#5116,#2141,.T.);
#6192=EDGE_CURVE('',#5108,#5117,#2142,.T.);
#6193=EDGE_CURVE('',#5118,#5112,#2143,.T.);
#6194=EDGE_CURVE('',#5118,#5100,#2144,.T.);
#6195=EDGE_CURVE('',#5119,#5118,#2145,.T.);
#6196=EDGE_CURVE('',#5119,#5101,#2146,.T.);
#6197=EDGE_CURVE('',#5120,#5119,#2147,.T.);
#6198=EDGE_CURVE('',#5111,#5121,#2148,.T.);
#6199=EDGE_CURVE('',#5122,#5121,#2149,.T.);
#6200=EDGE_CURVE('',#5122,#5120,#2150,.T.);
#6201=EDGE_CURVE('',#5123,#5123,#2003,.T.);
#6202=EDGE_CURVE('',#5123,#5124,#2151,.T.);
#6203=EDGE_CURVE('',#5125,#5124,#2004,.T.);
#6204=EDGE_CURVE('',#5110,#5125,#2152,.T.);
#6205=EDGE_CURVE('',#5126,#5109,#2153,.T.);
#6206=EDGE_CURVE('',#5124,#5126,#2005,.T.);
#6207=EDGE_CURVE('',#5127,#5096,#2154,.T.);
#6208=EDGE_CURVE('',#5097,#5127,#2006,.T.);
#6209=EDGE_CURVE('',#5117,#5128,#2155,.T.);
#6210=EDGE_CURVE('',#5129,#5128,#2156,.T.);
#6211=EDGE_CURVE('',#5108,#5129,#2157,.T.);
#6212=EDGE_CURVE('',#5116,#5130,#2158,.T.);
#6213=EDGE_CURVE('',#5128,#5130,#2159,.T.);
#6214=EDGE_CURVE('',#5115,#5131,#2160,.T.);
#6215=EDGE_CURVE('',#5130,#5131,#2161,.T.);
#6216=EDGE_CURVE('',#5127,#5091,#2162,.T.);
#6217=EDGE_CURVE('',#5132,#5120,#2163,.T.);
#6218=EDGE_CURVE('',#5133,#5132,#2164,.T.);
#6219=EDGE_CURVE('',#5134,#5133,#2165,.T.);
#6220=EDGE_CURVE('',#5134,#5135,#2166,.T.);
#6221=EDGE_CURVE('',#5135,#5136,#2167,.T.);
#6222=EDGE_CURVE('',#5136,#5137,#2168,.T.);
#6223=EDGE_CURVE('',#5137,#5138,#2169,.T.);
#6224=EDGE_CURVE('',#5139,#5138,#2170,.T.);
#6225=EDGE_CURVE('',#5139,#5140,#2171,.T.);
#6226=EDGE_CURVE('',#5141,#5140,#2172,.T.);
#6227=EDGE_CURVE('',#5142,#5141,#2173,.T.);
#6228=EDGE_CURVE('',#5114,#5142,#2174,.T.);
#6229=EDGE_CURVE('',#5121,#5125,#2175,.T.);
#6230=EDGE_CURVE('',#5122,#5143,#2176,.T.);
#6231=EDGE_CURVE('',#5132,#5143,#2177,.T.);
#6232=EDGE_CURVE('',#5143,#5144,#2178,.T.);
#6233=EDGE_CURVE('',#5133,#5144,#2179,.T.);
#6234=EDGE_CURVE('',#5144,#5145,#2180,.T.);
#6235=EDGE_CURVE('',#5145,#5134,#2181,.T.);
#6236=EDGE_CURVE('',#5146,#5145,#2182,.T.);
#6237=EDGE_CURVE('',#5135,#5146,#2183,.T.);
#6238=EDGE_CURVE('',#5147,#5146,#2184,.T.);
#6239=EDGE_CURVE('',#5136,#5147,#2185,.T.);
#6240=EDGE_CURVE('',#5148,#5149,#2186,.T.);
#6241=EDGE_CURVE('',#5138,#5148,#2187,.T.);
#6242=EDGE_CURVE('',#5137,#5149,#2188,.T.);
#6243=EDGE_CURVE('',#5149,#5147,#2189,.T.);
#6244=EDGE_CURVE('',#5150,#5148,#2190,.T.);
#6245=EDGE_CURVE('',#5150,#5139,#2191,.T.);
#6246=EDGE_CURVE('',#5151,#5152,#2192,.T.);
#6247=EDGE_CURVE('',#5152,#5141,#2193,.T.);
#6248=EDGE_CURVE('',#5140,#5151,#2194,.T.);
#6249=EDGE_CURVE('',#5126,#5153,#2195,.T.);
#6250=EDGE_CURVE('',#5152,#5153,#2196,.T.);
#6251=EDGE_CURVE('',#5150,#5151,#2197,.T.);
#6252=EDGE_CURVE('',#5153,#5129,#2198,.T.);
#6253=EDGE_CURVE('',#5131,#5142,#2199,.T.);
#6254=EDGE_CURVE('',#5154,#5154,#2007,.T.);
#6255=EDGE_CURVE('',#5154,#5155,#2200,.T.);
#6256=EDGE_CURVE('',#5155,#5155,#2008,.T.);
#6257=EDGE_CURVE('',#5156,#5157,#2201,.T.);
#6258=EDGE_CURVE('',#5157,#5158,#2202,.T.);
#6259=EDGE_CURVE('',#5158,#5159,#2203,.T.);
#6260=EDGE_CURVE('',#5156,#5159,#2204,.T.);
#6261=EDGE_CURVE('',#5157,#5160,#2205,.T.);
#6262=EDGE_CURVE('',#5161,#5160,#2206,.T.);
#6263=EDGE_CURVE('',#5161,#5158,#2207,.T.);
#6264=EDGE_CURVE('',#5162,#5156,#2208,.T.);
#6265=EDGE_CURVE('',#5159,#5163,#2209,.T.);
#6266=EDGE_CURVE('',#5162,#5163,#2210,.T.);
#6267=EDGE_CURVE('',#5164,#5162,#2211,.T.);
#6268=EDGE_CURVE('',#5163,#5165,#2212,.T.);
#6269=EDGE_CURVE('',#5164,#5165,#2213,.T.);
#6270=EDGE_CURVE('',#5166,#5164,#2214,.T.);
#6271=EDGE_CURVE('',#5165,#5167,#2215,.T.);
#6272=EDGE_CURVE('',#5167,#5166,#2216,.T.);
#6273=EDGE_CURVE('',#5168,#5168,#2009,.T.);
#6274=EDGE_CURVE('',#5168,#5169,#2217,.T.);
#6275=EDGE_CURVE('',#5169,#5169,#2010,.T.);
#6276=EDGE_CURVE('',#5170,#5166,#2218,.T.);
#6277=EDGE_CURVE('',#5171,#5170,#2219,.T.);
#6278=EDGE_CURVE('',#5172,#5171,#2220,.T.);
#6279=EDGE_CURVE('',#5172,#5173,#2221,.T.);
#6280=EDGE_CURVE('',#5173,#5174,#2222,.T.);
#6281=EDGE_CURVE('',#5174,#5175,#2223,.T.);
#6282=EDGE_CURVE('',#5175,#5176,#2224,.T.);
#6283=EDGE_CURVE('',#5177,#5176,#2225,.T.);
#6284=EDGE_CURVE('',#5177,#5178,#2226,.T.);
#6285=EDGE_CURVE('',#5179,#5178,#2227,.T.);
#6286=EDGE_CURVE('',#5180,#5179,#2228,.T.);
#6287=EDGE_CURVE('',#5160,#5180,#2229,.T.);
#6288=EDGE_CURVE('',#5161,#5181,#2230,.T.);
#6289=EDGE_CURVE('',#5182,#5181,#2231,.T.);
#6290=EDGE_CURVE('',#5183,#5182,#2232,.T.);
#6291=EDGE_CURVE('',#5184,#5183,#2233,.T.);
#6292=EDGE_CURVE('',#5185,#5184,#2234,.T.);
#6293=EDGE_CURVE('',#5185,#5186,#2235,.T.);
#6294=EDGE_CURVE('',#5186,#5187,#2236,.T.);
#6295=EDGE_CURVE('',#5187,#5188,#2237,.T.);
#6296=EDGE_CURVE('',#5188,#5189,#2238,.T.);
#6297=EDGE_CURVE('',#5190,#5189,#2239,.T.);
#6298=EDGE_CURVE('',#5191,#5190,#2240,.T.);
#6299=EDGE_CURVE('',#5167,#5191,#2241,.T.);
#6300=EDGE_CURVE('',#5170,#5191,#2242,.T.);
#6301=EDGE_CURVE('',#5174,#5187,#2243,.T.);
#6302=EDGE_CURVE('',#5175,#5186,#2244,.T.);
#6303=EDGE_CURVE('',#5176,#5185,#2245,.T.);
#6304=EDGE_CURVE('',#5173,#5188,#2246,.T.);
#6305=EDGE_CURVE('',#5189,#5172,#2247,.T.);
#6306=EDGE_CURVE('',#5184,#5177,#2248,.T.);
#6307=EDGE_CURVE('',#5182,#5179,#2249,.T.);
#6308=EDGE_CURVE('',#5178,#5183,#2250,.T.);
#6309=EDGE_CURVE('',#5181,#5180,#2251,.T.);
#6310=EDGE_CURVE('',#5171,#5190,#2252,.T.);
#6311=EDGE_CURVE('',#5192,#5192,#2011,.T.);
#6312=EDGE_CURVE('',#5192,#5193,#2253,.T.);
#6313=EDGE_CURVE('',#5193,#5193,#2012,.T.);
#6314=EDGE_CURVE('',#5194,#5195,#2254,.T.);
#6315=EDGE_CURVE('',#5195,#5196,#2255,.T.);
#6316=EDGE_CURVE('',#5197,#5196,#2256,.T.);
#6317=EDGE_CURVE('',#5194,#5197,#2257,.T.);
#6318=EDGE_CURVE('',#5198,#5199,#2258,.T.);
#6319=EDGE_CURVE('',#5200,#5198,#2259,.T.);
#6320=EDGE_CURVE('',#5201,#5200,#2260,.T.);
#6321=EDGE_CURVE('',#5201,#5199,#2261,.T.);
#6322=EDGE_CURVE('',#5202,#5203,#2262,.T.);
#6323=EDGE_CURVE('',#5202,#5197,#2263,.T.);
#6324=EDGE_CURVE('',#5196,#5203,#2264,.T.);
#6325=EDGE_CURVE('',#5199,#5202,#2265,.T.);
#6326=EDGE_CURVE('',#5203,#5198,#2266,.T.);
#6327=EDGE_CURVE('',#5204,#5205,#2267,.T.);
#6328=EDGE_CURVE('',#5205,#5201,#2268,.T.);
#6329=EDGE_CURVE('',#5200,#5204,#2269,.T.);
#6330=EDGE_CURVE('',#5206,#5207,#2270,.T.);
#6331=EDGE_CURVE('',#5208,#5206,#2271,.T.);
#6332=EDGE_CURVE('',#5209,#5208,#2272,.T.);
#6333=EDGE_CURVE('',#5207,#5209,#2273,.T.);
#6334=EDGE_CURVE('',#5207,#5210,#2274,.T.);
#6335=EDGE_CURVE('',#5211,#5209,#2275,.T.);
#6336=EDGE_CURVE('',#5210,#5211,#2276,.T.);
#6337=EDGE_CURVE('',#5212,#5204,#2277,.T.);
#6338=EDGE_CURVE('',#5212,#5213,#2278,.T.);
#6339=EDGE_CURVE('',#5205,#5213,#2279,.T.);
#6340=EDGE_CURVE('',#5210,#5212,#2280,.T.);
#6341=EDGE_CURVE('',#5213,#5211,#2281,.T.);
#6342=EDGE_CURVE('',#5214,#5208,#2282,.T.);
#6343=EDGE_CURVE('',#5206,#5215,#2283,.T.);
#6344=EDGE_CURVE('',#5215,#5214,#2284,.T.);
#6345=EDGE_CURVE('',#5216,#5214,#2285,.T.);
#6346=EDGE_CURVE('',#5215,#5217,#2286,.T.);
#6347=EDGE_CURVE('',#5217,#5216,#2287,.T.);
#6348=EDGE_CURVE('',#5218,#5216,#2288,.T.);
#6349=EDGE_CURVE('',#5217,#5219,#2289,.T.);
#6350=EDGE_CURVE('',#5218,#5219,#2290,.T.);
#6351=EDGE_CURVE('',#5220,#5218,#2291,.T.);
#6352=EDGE_CURVE('',#5221,#5220,#2292,.T.);
#6353=EDGE_CURVE('',#5222,#5221,#2293,.T.);
#6354=EDGE_CURVE('',#5223,#5222,#2294,.T.);
#6355=EDGE_CURVE('',#5194,#5223,#2295,.T.);
#6356=EDGE_CURVE('',#5224,#5224,#2013,.T.);
#6357=EDGE_CURVE('',#5225,#5195,#2296,.T.);
#6358=EDGE_CURVE('',#5226,#5225,#2297,.T.);
#6359=EDGE_CURVE('',#5227,#5226,#2298,.T.);
#6360=EDGE_CURVE('',#5228,#5227,#2299,.T.);
#6361=EDGE_CURVE('',#5219,#5228,#2300,.T.);
#6362=EDGE_CURVE('',#5229,#5229,#2014,.T.);
#6363=EDGE_CURVE('',#5229,#5224,#2301,.T.);
#6364=EDGE_CURVE('',#5228,#5220,#2302,.T.);
#6365=EDGE_CURVE('',#5227,#5221,#2303,.T.);
#6366=EDGE_CURVE('',#5226,#5222,#2304,.T.);
#6367=EDGE_CURVE('',#5225,#5223,#2305,.T.);
#6368=EDGE_CURVE('',#5230,#5230,#2015,.T.);
#6369=EDGE_CURVE('',#5230,#5231,#2306,.T.);
#6370=EDGE_CURVE('',#5231,#5231,#2016,.T.);
#6371=EDGE_CURVE('',#5232,#5233,#2307,.T.);
#6372=EDGE_CURVE('',#5233,#5234,#2308,.T.);
#6373=EDGE_CURVE('',#5234,#5235,#2309,.T.);
#6374=EDGE_CURVE('',#5232,#5235,#2310,.T.);
#6375=EDGE_CURVE('',#5233,#5236,#2311,.T.);
#6376=EDGE_CURVE('',#5237,#5236,#2312,.T.);
#6377=EDGE_CURVE('',#5237,#5234,#2313,.T.);
#6378=EDGE_CURVE('',#5238,#5232,#2314,.T.);
#6379=EDGE_CURVE('',#5235,#5239,#2315,.T.);
#6380=EDGE_CURVE('',#5238,#5239,#2316,.T.);
#6381=EDGE_CURVE('',#5240,#5238,#2317,.T.);
#6382=EDGE_CURVE('',#5239,#5241,#2318,.T.);
#6383=EDGE_CURVE('',#5240,#5241,#2319,.T.);
#6384=EDGE_CURVE('',#5242,#5240,#2320,.T.);
#6385=EDGE_CURVE('',#5241,#5243,#2321,.T.);
#6386=EDGE_CURVE('',#5243,#5242,#2322,.T.);
#6387=EDGE_CURVE('',#5244,#5244,#2017,.T.);
#6388=EDGE_CURVE('',#5244,#5245,#2323,.T.);
#6389=EDGE_CURVE('',#5245,#5245,#2018,.T.);
#6390=EDGE_CURVE('',#5236,#5246,#2324,.T.);
#6391=EDGE_CURVE('',#5247,#5246,#2325,.T.);
#6392=EDGE_CURVE('',#5237,#5247,#2326,.T.);
#6393=EDGE_CURVE('',#5248,#5247,#2327,.T.);
#6394=EDGE_CURVE('',#5249,#5248,#2328,.T.);
#6395=EDGE_CURVE('',#5250,#5249,#2329,.T.);
#6396=EDGE_CURVE('',#5251,#5250,#2330,.T.);
#6397=EDGE_CURVE('',#5251,#5252,#2331,.T.);
#6398=EDGE_CURVE('',#5252,#5253,#2332,.T.);
#6399=EDGE_CURVE('',#5253,#5254,#2333,.T.);
#6400=EDGE_CURVE('',#5255,#5254,#2334,.T.);
#6401=EDGE_CURVE('',#5256,#5255,#2335,.T.);
#6402=EDGE_CURVE('',#5257,#5256,#2336,.T.);
#6403=EDGE_CURVE('',#5243,#5257,#2337,.T.);
#6404=EDGE_CURVE('',#5258,#5249,#2338,.T.);
#6405=EDGE_CURVE('',#5259,#5258,#2339,.T.);
#6406=EDGE_CURVE('',#5250,#5259,#2340,.T.);
#6407=EDGE_CURVE('',#5248,#5260,#2341,.T.);
#6408=EDGE_CURVE('',#5246,#5260,#2342,.T.);
#6409=EDGE_CURVE('',#5242,#5261,#2343,.T.);
#6410=EDGE_CURVE('',#5261,#5262,#2344,.T.);
#6411=EDGE_CURVE('',#5262,#5263,#2345,.T.);
#6412=EDGE_CURVE('',#5264,#5263,#2346,.T.);
#6413=EDGE_CURVE('',#5264,#5265,#2347,.T.);
#6414=EDGE_CURVE('',#5265,#5266,#2348,.T.);
#6415=EDGE_CURVE('',#5266,#5267,#2349,.T.);
#6416=EDGE_CURVE('',#5259,#5267,#2350,.T.);
#6417=EDGE_CURVE('',#5260,#5258,#2351,.T.);
#6418=EDGE_CURVE('',#5267,#5251,#2352,.T.);
#6419=EDGE_CURVE('',#5254,#5264,#2353,.T.);
#6420=EDGE_CURVE('',#5265,#5253,#2354,.T.);
#6421=EDGE_CURVE('',#5266,#5252,#2355,.T.);
#6422=EDGE_CURVE('',#5263,#5255,#2356,.T.);
#6423=EDGE_CURVE('',#5262,#5256,#2357,.T.);
#6424=EDGE_CURVE('',#5261,#5257,#2358,.T.);
#6425=EDGE_CURVE('',#5268,#5268,#2019,.T.);
#6426=EDGE_CURVE('',#5268,#5269,#2359,.T.);
#6427=EDGE_CURVE('',#5269,#5269,#2020,.T.);
#6428=EDGE_CURVE('',#5270,#5271,#2360,.T.);
#6429=EDGE_CURVE('',#5272,#5271,#2361,.T.);
#6430=EDGE_CURVE('',#5273,#5272,#2362,.T.);
#6431=EDGE_CURVE('',#5273,#5270,#2363,.T.);
#6432=EDGE_CURVE('',#5274,#5275,#2364,.T.);
#6433=EDGE_CURVE('',#5275,#5276,#2365,.T.);
#6434=EDGE_CURVE('',#5276,#5277,#2366,.T.);
#6435=EDGE_CURVE('',#5277,#5278,#2367,.T.);
#6436=EDGE_CURVE('',#5278,#5279,#2368,.T.);
#6437=EDGE_CURVE('',#5279,#5274,#2369,.T.);
#6438=EDGE_CURVE('',#5272,#5275,#2370,.T.);
#6439=EDGE_CURVE('',#5273,#5274,#2371,.T.);
#6440=EDGE_CURVE('',#5280,#5281,#2372,.T.);
#6441=EDGE_CURVE('',#5282,#5281,#2373,.T.);
#6442=EDGE_CURVE('',#5282,#5283,#2374,.T.);
#6443=EDGE_CURVE('',#5283,#5280,#2375,.T.);
#6444=EDGE_CURVE('',#5284,#5285,#2376,.T.);
#6445=EDGE_CURVE('',#5285,#5277,#2377,.T.);
#6446=EDGE_CURVE('',#5284,#5276,#2378,.T.);
#6447=EDGE_CURVE('',#5271,#5286,#2379,.T.);
#6448=EDGE_CURVE('',#5286,#5287,#2380,.T.);
#6449=EDGE_CURVE('',#5287,#5288,#2381,.T.);
#6450=EDGE_CURVE('',#5288,#5284,#2382,.T.);
#6451=EDGE_CURVE('',#5289,#5290,#2383,.T.);
#6452=EDGE_CURVE('',#5289,#5291,#2384,.T.);
#6453=EDGE_CURVE('',#5285,#5291,#2385,.T.);
#6454=EDGE_CURVE('',#5290,#5288,#2386,.T.);
#6455=EDGE_CURVE('',#5290,#5292,#2387,.T.);
#6456=EDGE_CURVE('',#5292,#5287,#2388,.T.);
#6457=EDGE_CURVE('',#5293,#5270,#2389,.T.);
#6458=EDGE_CURVE('',#5293,#5286,#2390,.T.);
#6459=EDGE_CURVE('',#5283,#5289,#2391,.T.);
#6460=EDGE_CURVE('',#5291,#5282,#2392,.T.);
#6461=EDGE_CURVE('',#5292,#5293,#2393,.T.);
#6462=EDGE_CURVE('',#5294,#5295,#2394,.T.);
#6463=EDGE_CURVE('',#5296,#5295,#2395,.T.);
#6464=EDGE_CURVE('',#5296,#5297,#2396,.T.);
#6465=EDGE_CURVE('',#5294,#5297,#2397,.T.);
#6466=EDGE_CURVE('',#5295,#5281,#2398,.T.);
#6467=EDGE_CURVE('',#5280,#5296,#2399,.T.);
#6468=EDGE_CURVE('',#5298,#5279,#2400,.T.);
#6469=EDGE_CURVE('',#5299,#5298,#2401,.T.);
#6470=EDGE_CURVE('',#5300,#5299,#2402,.T.);
#6471=EDGE_CURVE('',#5301,#5300,#2403,.T.);
#6472=EDGE_CURVE('',#5297,#5301,#2404,.T.);
#6473=EDGE_CURVE('',#5302,#5302,#2021,.T.);
#6474=EDGE_CURVE('',#5294,#5303,#2405,.T.);
#6475=EDGE_CURVE('',#5304,#5303,#2406,.T.);
#6476=EDGE_CURVE('',#5305,#5304,#2407,.T.);
#6477=EDGE_CURVE('',#5306,#5305,#2408,.T.);
#6478=EDGE_CURVE('',#5278,#5306,#2409,.T.);
#6479=EDGE_CURVE('',#5307,#5307,#2022,.T.);
#6480=EDGE_CURVE('',#5302,#5307,#2410,.T.);
#6481=EDGE_CURVE('',#5301,#5303,#2411,.T.);
#6482=EDGE_CURVE('',#5300,#5304,#2412,.T.);
#6483=EDGE_CURVE('',#5299,#5305,#2413,.T.);
#6484=EDGE_CURVE('',#5298,#5306,#2414,.T.);
#6485=EDGE_CURVE('',#5308,#5308,#2023,.T.);
#6486=EDGE_CURVE('',#5308,#5309,#2415,.T.);
#6487=EDGE_CURVE('',#5309,#5309,#2024,.T.);
#6488=EDGE_CURVE('',#5310,#5311,#2416,.T.);
#6489=EDGE_CURVE('',#5312,#5311,#2417,.T.);
#6490=EDGE_CURVE('',#5312,#5313,#2418,.T.);
#6491=EDGE_CURVE('',#5313,#5310,#2419,.T.);
#6492=EDGE_CURVE('',#5314,#5310,#2420,.T.);
#6493=EDGE_CURVE('',#5313,#5315,#2421,.T.);
#6494=EDGE_CURVE('',#5314,#5315,#2422,.T.);
#6495=EDGE_CURVE('',#5311,#5316,#2423,.T.);
#6496=EDGE_CURVE('',#5317,#5316,#2424,.T.);
#6497=EDGE_CURVE('',#5317,#5312,#2425,.T.);
#6498=EDGE_CURVE('',#5316,#5318,#2426,.T.);
#6499=EDGE_CURVE('',#5319,#5318,#2427,.T.);
#6500=EDGE_CURVE('',#5319,#5317,#2428,.T.);
#6501=EDGE_CURVE('',#5318,#5320,#2429,.T.);
#6502=EDGE_CURVE('',#5320,#5321,#2430,.T.);
#6503=EDGE_CURVE('',#5321,#5319,#2431,.T.);
#6504=EDGE_CURVE('',#5322,#5322,#2025,.T.);
#6505=EDGE_CURVE('',#5322,#5323,#2432,.T.);
#6506=EDGE_CURVE('',#5323,#5323,#2026,.T.);
#6507=EDGE_CURVE('',#5315,#5324,#2433,.T.);
#6508=EDGE_CURVE('',#5325,#5324,#2434,.T.);
#6509=EDGE_CURVE('',#5314,#5325,#2435,.T.);
#6510=EDGE_CURVE('',#5326,#5321,#2436,.T.);
#6511=EDGE_CURVE('',#5327,#5326,#2437,.T.);
#6512=EDGE_CURVE('',#5328,#5327,#2438,.T.);
#6513=EDGE_CURVE('',#5328,#5329,#2439,.T.);
#6514=EDGE_CURVE('',#5329,#5330,#2440,.T.);
#6515=EDGE_CURVE('',#5330,#5331,#2441,.T.);
#6516=EDGE_CURVE('',#5331,#5332,#2442,.T.);
#6517=EDGE_CURVE('',#5333,#5332,#2443,.T.);
#6518=EDGE_CURVE('',#5333,#5334,#2444,.T.);
#6519=EDGE_CURVE('',#5335,#5334,#2445,.T.);
#6520=EDGE_CURVE('',#5324,#5335,#2446,.T.);
#6521=EDGE_CURVE('',#5334,#5336,#2447,.T.);
#6522=EDGE_CURVE('',#5337,#5333,#2448,.T.);
#6523=EDGE_CURVE('',#5337,#5336,#2449,.T.);
#6524=EDGE_CURVE('',#5338,#5325,#2450,.T.);
#6525=EDGE_CURVE('',#5336,#5338,#2451,.T.);
#6526=EDGE_CURVE('',#5339,#5337,#2452,.T.);
#6527=EDGE_CURVE('',#5339,#5340,#2453,.T.);
#6528=EDGE_CURVE('',#5340,#5341,#2454,.T.);
#6529=EDGE_CURVE('',#5341,#5342,#2455,.T.);
#6530=EDGE_CURVE('',#5342,#5343,#2456,.T.);
#6531=EDGE_CURVE('',#5344,#5343,#2457,.T.);
#6532=EDGE_CURVE('',#5345,#5344,#2458,.T.);
#6533=EDGE_CURVE('',#5320,#5345,#2459,.T.);
#6534=EDGE_CURVE('',#5338,#5335,#2460,.T.);
#6535=EDGE_CURVE('',#5332,#5339,#2461,.T.);
#6536=EDGE_CURVE('',#5343,#5328,#2462,.T.);
#6537=EDGE_CURVE('',#5329,#5342,#2463,.T.);
#6538=EDGE_CURVE('',#5330,#5341,#2464,.T.);
#6539=EDGE_CURVE('',#5331,#5340,#2465,.T.);
#6540=EDGE_CURVE('',#5327,#5344,#2466,.T.);
#6541=EDGE_CURVE('',#5326,#5345,#2467,.T.);
#6542=EDGE_CURVE('',#5346,#5346,#2027,.T.);
#6543=EDGE_CURVE('',#5346,#5347,#2468,.T.);
#6544=EDGE_CURVE('',#5347,#5347,#2028,.T.);
#6545=EDGE_CURVE('',#5348,#5349,#2469,.T.);
#6546=EDGE_CURVE('',#5350,#5349,#2470,.T.);
#6547=EDGE_CURVE('',#5350,#5351,#2471,.T.);
#6548=EDGE_CURVE('',#5348,#5351,#2472,.T.);
#6549=EDGE_CURVE('',#5352,#5353,#2473,.T.);
#6550=EDGE_CURVE('',#5353,#5354,#2474,.T.);
#6551=EDGE_CURVE('',#5354,#5355,#2475,.T.);
#6552=EDGE_CURVE('',#5355,#5356,#2476,.T.);
#6553=EDGE_CURVE('',#5356,#5357,#2477,.T.);
#6554=EDGE_CURVE('',#5357,#5352,#2478,.T.);
#6555=EDGE_CURVE('',#5350,#5354,#2479,.T.);
#6556=EDGE_CURVE('',#5351,#5353,#2480,.T.);
#6557=EDGE_CURVE('',#5358,#5359,#2481,.T.);
#6558=EDGE_CURVE('',#5359,#5355,#2482,.T.);
#6559=EDGE_CURVE('',#5349,#5360,#2483,.T.);
#6560=EDGE_CURVE('',#5360,#5361,#2484,.T.);
#6561=EDGE_CURVE('',#5361,#5358,#2485,.T.);
#6562=EDGE_CURVE('',#5362,#5363,#2486,.T.);
#6563=EDGE_CURVE('',#5364,#5363,#2487,.T.);
#6564=EDGE_CURVE('',#5364,#5365,#2488,.T.);
#6565=EDGE_CURVE('',#5362,#5365,#2489,.T.);
#6566=EDGE_CURVE('',#5359,#5366,#2490,.T.);
#6567=EDGE_CURVE('',#5366,#5356,#2491,.T.);
#6568=EDGE_CURVE('',#5367,#5361,#2492,.T.);
#6569=EDGE_CURVE('',#5368,#5367,#2493,.T.);
#6570=EDGE_CURVE('',#5368,#5358,#2494,.T.);
#6571=EDGE_CURVE('',#5369,#5360,#2495,.T.);
#6572=EDGE_CURVE('',#5367,#5369,#2496,.T.);
#6573=EDGE_CURVE('',#5369,#5348,#2497,.T.);
#6574=EDGE_CURVE('',#5370,#5364,#2498,.T.);
#6575=EDGE_CURVE('',#5371,#5370,#2499,.T.);
#6576=EDGE_CURVE('',#5365,#5371,#2500,.T.);
#6577=EDGE_CURVE('',#5371,#5368,#2501,.T.);
#6578=EDGE_CURVE('',#5366,#5370,#2502,.T.);
#6579=EDGE_CURVE('',#5372,#5373,#2503,.T.);
#6580=EDGE_CURVE('',#5374,#5373,#2504,.T.);
#6581=EDGE_CURVE('',#5374,#5375,#2505,.T.);
#6582=EDGE_CURVE('',#5372,#5375,#2506,.T.);
#6583=EDGE_CURVE('',#5373,#5363,#2507,.T.);
#6584=EDGE_CURVE('',#5362,#5374,#2508,.T.);
#6585=EDGE_CURVE('',#5376,#5352,#2509,.T.);
#6586=EDGE_CURVE('',#5377,#5376,#2510,.T.);
#6587=EDGE_CURVE('',#5378,#5377,#2511,.T.);
#6588=EDGE_CURVE('',#5379,#5378,#2512,.T.);
#6589=EDGE_CURVE('',#5379,#5375,#2513,.T.);
#6590=EDGE_CURVE('',#5380,#5380,#2029,.T.);
#6591=EDGE_CURVE('',#5372,#5381,#2514,.T.);
#6592=EDGE_CURVE('',#5382,#5381,#2515,.T.);
#6593=EDGE_CURVE('',#5383,#5382,#2516,.T.);
#6594=EDGE_CURVE('',#5384,#5383,#2517,.T.);
#6595=EDGE_CURVE('',#5357,#5384,#2518,.T.);
#6596=EDGE_CURVE('',#5385,#5385,#2030,.T.);
#6597=EDGE_CURVE('',#5380,#5385,#2519,.T.);
#6598=EDGE_CURVE('',#5379,#5381,#2520,.T.);
#6599=EDGE_CURVE('',#5378,#5382,#2521,.T.);
#6600=EDGE_CURVE('',#5377,#5383,#2522,.T.);
#6601=EDGE_CURVE('',#5376,#5384,#2523,.T.);
#6602=EDGE_CURVE('',#5386,#5386,#2031,.T.);
#6603=EDGE_CURVE('',#5386,#5387,#2524,.T.);
#6604=EDGE_CURVE('',#5387,#5387,#2032,.T.);
#6605=EDGE_CURVE('',#5388,#5389,#2525,.T.);
#6606=EDGE_CURVE('',#5390,#5389,#2526,.T.);
#6607=EDGE_CURVE('',#5390,#5391,#2527,.T.);
#6608=EDGE_CURVE('',#5391,#5388,#2528,.T.);
#6609=EDGE_CURVE('',#5392,#5388,#2529,.T.);
#6610=EDGE_CURVE('',#5391,#5393,#2530,.T.);
#6611=EDGE_CURVE('',#5392,#5393,#2531,.T.);
#6612=EDGE_CURVE('',#5389,#5394,#2532,.T.);
#6613=EDGE_CURVE('',#5395,#5394,#2533,.T.);
#6614=EDGE_CURVE('',#5395,#5390,#2534,.T.);
#6615=EDGE_CURVE('',#5394,#5396,#2535,.T.);
#6616=EDGE_CURVE('',#5397,#5396,#2536,.T.);
#6617=EDGE_CURVE('',#5397,#5395,#2537,.T.);
#6618=EDGE_CURVE('',#5398,#5396,#2538,.T.);
#6619=EDGE_CURVE('',#5398,#5399,#2539,.T.);
#6620=EDGE_CURVE('',#5399,#5397,#2540,.T.);
#6621=EDGE_CURVE('',#5400,#5400,#2033,.T.);
#6622=EDGE_CURVE('',#5400,#5401,#2541,.T.);
#6623=EDGE_CURVE('',#5401,#5401,#2034,.T.);
#6624=EDGE_CURVE('',#5402,#5392,#2542,.T.);
#6625=EDGE_CURVE('',#5403,#5402,#2543,.T.);
#6626=EDGE_CURVE('',#5403,#5404,#2544,.T.);
#6627=EDGE_CURVE('',#5404,#5405,#2545,.T.);
#6628=EDGE_CURVE('',#5405,#5406,#2546,.T.);
#6629=EDGE_CURVE('',#5407,#5406,#2547,.T.);
#6630=EDGE_CURVE('',#5398,#5407,#2548,.T.);
#6631=EDGE_CURVE('',#5408,#5399,#2549,.T.);
#6632=EDGE_CURVE('',#5409,#5408,#2550,.T.);
#6633=EDGE_CURVE('',#5409,#5410,#2551,.T.);
#6634=EDGE_CURVE('',#5410,#5411,#2552,.T.);
#6635=EDGE_CURVE('',#5411,#5412,#2553,.T.);
#6636=EDGE_CURVE('',#5412,#5413,#2554,.T.);
#6637=EDGE_CURVE('',#5393,#5413,#2555,.T.);
#6638=EDGE_CURVE('',#5408,#5407,#2556,.T.);
#6639=EDGE_CURVE('',#5409,#5406,#2557,.T.);
#6640=EDGE_CURVE('',#5414,#5415,#2558,.T.);
#6641=EDGE_CURVE('',#5416,#5414,#2559,.T.);
#6642=EDGE_CURVE('',#5417,#5416,#2560,.T.);
#6643=EDGE_CURVE('',#5412,#5417,#2561,.T.);
#6644=EDGE_CURVE('',#5411,#5404,#2562,.T.);
#6645=EDGE_CURVE('',#5415,#5403,#2563,.T.);
#6646=EDGE_CURVE('',#5405,#5410,#2564,.T.);
#6647=EDGE_CURVE('',#5418,#5419,#2565,.T.);
#6648=EDGE_CURVE('',#5420,#5418,#2566,.T.);
#6649=EDGE_CURVE('',#5421,#5420,#2567,.T.);
#6650=EDGE_CURVE('',#5421,#5419,#2568,.T.);
#6651=EDGE_CURVE('',#5419,#5422,#2569,.T.);
#6652=EDGE_CURVE('',#5423,#5421,#2570,.T.);
#6653=EDGE_CURVE('',#5423,#5422,#2571,.T.);
#6654=EDGE_CURVE('',#5422,#5414,#2572,.T.);
#6655=EDGE_CURVE('',#5416,#5423,#2573,.T.);
#6656=EDGE_CURVE('',#5424,#5402,#2574,.T.);
#6657=EDGE_CURVE('',#5415,#5424,#2575,.T.);
#6658=EDGE_CURVE('',#5425,#5420,#2576,.T.);
#6659=EDGE_CURVE('',#5425,#5426,#2577,.T.);
#6660=EDGE_CURVE('',#5427,#5426,#2578,.T.);
#6661=EDGE_CURVE('',#5417,#5427,#2579,.T.);
#6662=EDGE_CURVE('',#5418,#5428,#2580,.T.);
#6663=EDGE_CURVE('',#5428,#5425,#2581,.T.);
#6664=EDGE_CURVE('',#5428,#5429,#2582,.T.);
#6665=EDGE_CURVE('',#5426,#5429,#2583,.T.);
#6666=EDGE_CURVE('',#5413,#5427,#2584,.T.);
#6667=EDGE_CURVE('',#5429,#5424,#2585,.T.);
#6668=EDGE_CURVE('',#5430,#5430,#2035,.T.);
#6669=EDGE_CURVE('',#5430,#5431,#2586,.T.);
#6670=EDGE_CURVE('',#5431,#5431,#2036,.T.);
#6671=EDGE_CURVE('',#5432,#5433,#2587,.T.);
#6672=EDGE_CURVE('',#5433,#5434,#2588,.T.);
#6673=EDGE_CURVE('',#5434,#5435,#2589,.T.);
#6674=EDGE_CURVE('',#5435,#5436,#2590,.T.);
#6675=EDGE_CURVE('',#5436,#5437,#2591,.T.);
#6676=EDGE_CURVE('',#5437,#5432,#2592,.T.);
#6677=EDGE_CURVE('',#5438,#5439,#2593,.T.);
#6678=EDGE_CURVE('',#5439,#5434,#2594,.T.);
#6679=EDGE_CURVE('',#5438,#5433,#2595,.T.);
#6680=EDGE_CURVE('',#5440,#5441,#2596,.T.);
#6681=EDGE_CURVE('',#5440,#5436,#2597,.T.);
#6682=EDGE_CURVE('',#5441,#5435,#2598,.T.);
#6683=EDGE_CURVE('',#5442,#5443,#2599,.T.);
#6684=EDGE_CURVE('',#5443,#5444,#2600,.T.);
#6685=EDGE_CURVE('',#5444,#5445,#2601,.T.);
#6686=EDGE_CURVE('',#5442,#5445,#2602,.T.);
#6687=EDGE_CURVE('',#5446,#5447,#2603,.T.);
#6688=EDGE_CURVE('',#5447,#5440,#2604,.T.);
#6689=EDGE_CURVE('',#5441,#5446,#2605,.T.);
#6690=EDGE_CURVE('',#5439,#5448,#2606,.T.);
#6691=EDGE_CURVE('',#5448,#5449,#2607,.T.);
#6692=EDGE_CURVE('',#5449,#5450,#2608,.T.);
#6693=EDGE_CURVE('',#5450,#5446,#2609,.T.);
#6694=EDGE_CURVE('',#5451,#5452,#2610,.T.);
#6695=EDGE_CURVE('',#5449,#5451,#2611,.T.);
#6696=EDGE_CURVE('',#5448,#5452,#2612,.T.);
#6697=EDGE_CURVE('',#5453,#5451,#2613,.T.);
#6698=EDGE_CURVE('',#5450,#5453,#2614,.T.);
#6699=EDGE_CURVE('',#5447,#5453,#2615,.T.);
#6700=EDGE_CURVE('',#5454,#5444,#2616,.T.);
#6701=EDGE_CURVE('',#5455,#5454,#2617,.T.);
#6702=EDGE_CURVE('',#5445,#5455,#2618,.T.);
#6703=EDGE_CURVE('',#5452,#5454,#2619,.T.);
#6704=EDGE_CURVE('',#5455,#5438,#2620,.T.);
#6705=EDGE_CURVE('',#5456,#5457,#2621,.T.);
#6706=EDGE_CURVE('',#5458,#5457,#2622,.T.);
#6707=EDGE_CURVE('',#5458,#5459,#2623,.T.);
#6708=EDGE_CURVE('',#5456,#5459,#2624,.T.);
#6709=EDGE_CURVE('',#5457,#5443,#2625,.T.);
#6710=EDGE_CURVE('',#5442,#5458,#2626,.T.);
#6711=EDGE_CURVE('',#5460,#5432,#2627,.T.);
#6712=EDGE_CURVE('',#5461,#5460,#2628,.T.);
#6713=EDGE_CURVE('',#5462,#5461,#2629,.T.);
#6714=EDGE_CURVE('',#5463,#5462,#2630,.T.);
#6715=EDGE_CURVE('',#5463,#5459,#2631,.T.);
#6716=EDGE_CURVE('',#5464,#5464,#2037,.T.);
#6717=EDGE_CURVE('',#5465,#5456,#2632,.T.);
#6718=EDGE_CURVE('',#5466,#5465,#2633,.T.);
#6719=EDGE_CURVE('',#5467,#5466,#2634,.T.);
#6720=EDGE_CURVE('',#5468,#5467,#2635,.T.);
#6721=EDGE_CURVE('',#5437,#5468,#2636,.T.);
#6722=EDGE_CURVE('',#5469,#5469,#2038,.T.);
#6723=EDGE_CURVE('',#5464,#5469,#2637,.T.);
#6724=EDGE_CURVE('',#5463,#5465,#2638,.T.);
#6725=EDGE_CURVE('',#5462,#5466,#2639,.T.);
#6726=EDGE_CURVE('',#5461,#5467,#2640,.T.);
#6727=EDGE_CURVE('',#5460,#5468,#2641,.T.);
#6728=EDGE_CURVE('',#5470,#5470,#2039,.T.);
#6729=EDGE_CURVE('',#5470,#5471,#2642,.T.);
#6730=EDGE_CURVE('',#5471,#5471,#2040,.T.);
#6731=EDGE_CURVE('',#5472,#5473,#2643,.T.);
#6732=EDGE_CURVE('',#5474,#5473,#2644,.T.);
#6733=EDGE_CURVE('',#5474,#5475,#2645,.T.);
#6734=EDGE_CURVE('',#5475,#5472,#2646,.T.);
#6735=EDGE_CURVE('',#5476,#5472,#2647,.T.);
#6736=EDGE_CURVE('',#5475,#5477,#2648,.T.);
#6737=EDGE_CURVE('',#5476,#5477,#2649,.T.);
#6738=EDGE_CURVE('',#5473,#5478,#2650,.T.);
#6739=EDGE_CURVE('',#5479,#5478,#2651,.T.);
#6740=EDGE_CURVE('',#5479,#5474,#2652,.T.);
#6741=EDGE_CURVE('',#5478,#5480,#2653,.T.);
#6742=EDGE_CURVE('',#5481,#5480,#2654,.T.);
#6743=EDGE_CURVE('',#5481,#5479,#2655,.T.);
#6744=EDGE_CURVE('',#5480,#5482,#2656,.T.);
#6745=EDGE_CURVE('',#5482,#5483,#2657,.T.);
#6746=EDGE_CURVE('',#5483,#5481,#2658,.T.);
#6747=EDGE_CURVE('',#5484,#5484,#2041,.T.);
#6748=EDGE_CURVE('',#5484,#5485,#2659,.T.);
#6749=EDGE_CURVE('',#5485,#5485,#2042,.T.);
#6750=EDGE_CURVE('',#5477,#5486,#2660,.T.);
#6751=EDGE_CURVE('',#5487,#5486,#2661,.T.);
#6752=EDGE_CURVE('',#5476,#5487,#2662,.T.);
#6753=EDGE_CURVE('',#5488,#5483,#2663,.T.);
#6754=EDGE_CURVE('',#5489,#5488,#2664,.T.);
#6755=EDGE_CURVE('',#5490,#5489,#2665,.T.);
#6756=EDGE_CURVE('',#5490,#5491,#2666,.T.);
#6757=EDGE_CURVE('',#5491,#5492,#2667,.T.);
#6758=EDGE_CURVE('',#5492,#5493,#2668,.T.);
#6759=EDGE_CURVE('',#5493,#5494,#2669,.T.);
#6760=EDGE_CURVE('',#5495,#5494,#2670,.T.);
#6761=EDGE_CURVE('',#5495,#5496,#2671,.T.);
#6762=EDGE_CURVE('',#5497,#5496,#2672,.T.);
#6763=EDGE_CURVE('',#5486,#5497,#2673,.T.);
#6764=EDGE_CURVE('',#5496,#5498,#2674,.T.);
#6765=EDGE_CURVE('',#5499,#5495,#2675,.T.);
#6766=EDGE_CURVE('',#5499,#5498,#2676,.T.);
#6767=EDGE_CURVE('',#5500,#5487,#2677,.T.);
#6768=EDGE_CURVE('',#5498,#5500,#2678,.T.);
#6769=EDGE_CURVE('',#5501,#5499,#2679,.T.);
#6770=EDGE_CURVE('',#5501,#5502,#2680,.T.);
#6771=EDGE_CURVE('',#5502,#5503,#2681,.T.);
#6772=EDGE_CURVE('',#5503,#5504,#2682,.T.);
#6773=EDGE_CURVE('',#5504,#5505,#2683,.T.);
#6774=EDGE_CURVE('',#5506,#5505,#2684,.T.);
#6775=EDGE_CURVE('',#5507,#5506,#2685,.T.);
#6776=EDGE_CURVE('',#5482,#5507,#2686,.T.);
#6777=EDGE_CURVE('',#5500,#5497,#2687,.T.);
#6778=EDGE_CURVE('',#5494,#5501,#2688,.T.);
#6779=EDGE_CURVE('',#5505,#5490,#2689,.T.);
#6780=EDGE_CURVE('',#5491,#5504,#2690,.T.);
#6781=EDGE_CURVE('',#5492,#5503,#2691,.T.);
#6782=EDGE_CURVE('',#5493,#5502,#2692,.T.);
#6783=EDGE_CURVE('',#5489,#5506,#2693,.T.);
#6784=EDGE_CURVE('',#5488,#5507,#2694,.T.);
#6785=EDGE_CURVE('',#5508,#5508,#2043,.T.);
#6786=EDGE_CURVE('',#5508,#5509,#2695,.T.);
#6787=EDGE_CURVE('',#5509,#5509,#2044,.T.);
#6788=EDGE_CURVE('',#5510,#5511,#2696,.T.);
#6789=EDGE_CURVE('',#5511,#5512,#2697,.T.);
#6790=EDGE_CURVE('',#5512,#5513,#2698,.T.);
#6791=EDGE_CURVE('',#5513,#5514,#2699,.T.);
#6792=EDGE_CURVE('',#5514,#5515,#2700,.T.);
#6793=EDGE_CURVE('',#5515,#5516,#2701,.T.);
#6794=EDGE_CURVE('',#5516,#5517,#2702,.T.);
#6795=EDGE_CURVE('',#5517,#5510,#2703,.T.);
#6796=EDGE_CURVE('',#5518,#5519,#2704,.T.);
#6797=EDGE_CURVE('',#5519,#5512,#2705,.T.);
#6798=EDGE_CURVE('',#5518,#5511,#2706,.T.);
#6799=EDGE_CURVE('',#5520,#5521,#2707,.T.);
#6800=EDGE_CURVE('',#5520,#5514,#2708,.T.);
#6801=EDGE_CURVE('',#5521,#5513,#2709,.T.);
#6802=EDGE_CURVE('',#5522,#5523,#2710,.T.);
#6803=EDGE_CURVE('',#5523,#5515,#2711,.T.);
#6804=EDGE_CURVE('',#5520,#5524,#2712,.T.);
#6805=EDGE_CURVE('',#5524,#5525,#2713,.T.);
#6806=EDGE_CURVE('',#5525,#5526,#2714,.T.);
#6807=EDGE_CURVE('',#5526,#5522,#2715,.T.);
#6808=EDGE_CURVE('',#5527,#5528,#2716,.T.);
#6809=EDGE_CURVE('',#5529,#5528,#2717,.T.);
#6810=EDGE_CURVE('',#5529,#5530,#2718,.T.);
#6811=EDGE_CURVE('',#5527,#5530,#2719,.T.);
#6812=EDGE_CURVE('',#5531,#5524,#2720,.T.);
#6813=EDGE_CURVE('',#5531,#5521,#2721,.T.);
#6814=EDGE_CURVE('',#5519,#5532,#2722,.T.);
#6815=EDGE_CURVE('',#5532,#5533,#2723,.T.);
#6816=EDGE_CURVE('',#5533,#5534,#2724,.T.);
#6817=EDGE_CURVE('',#5534,#5531,#2725,.T.);
#6818=EDGE_CURVE('',#5523,#5535,#2726,.T.);
#6819=EDGE_CURVE('',#5535,#5516,#2727,.T.);
#6820=EDGE_CURVE('',#5533,#5526,#2728,.T.);
#6821=EDGE_CURVE('',#5532,#5522,#2729,.T.);
#6822=EDGE_CURVE('',#5534,#5525,#2730,.T.);
#6823=EDGE_CURVE('',#5536,#5529,#2731,.T.);
#6824=EDGE_CURVE('',#5537,#5536,#2732,.T.);
#6825=EDGE_CURVE('',#5530,#5537,#2733,.T.);
#6826=EDGE_CURVE('',#5537,#5518,#2734,.T.);
#6827=EDGE_CURVE('',#5535,#5536,#2735,.T.);
#6828=EDGE_CURVE('',#5538,#5539,#2736,.T.);
#6829=EDGE_CURVE('',#5540,#5539,#2737,.T.);
#6830=EDGE_CURVE('',#5540,#5541,#2738,.T.);
#6831=EDGE_CURVE('',#5538,#5541,#2739,.T.);
#6832=EDGE_CURVE('',#5527,#5538,#2740,.T.);
#6833=EDGE_CURVE('',#5541,#5528,#2741,.T.);
#6834=EDGE_CURVE('',#5542,#5510,#2742,.T.);
#6835=EDGE_CURVE('',#5543,#5542,#2743,.T.);
#6836=EDGE_CURVE('',#5544,#5543,#2744,.T.);
#6837=EDGE_CURVE('',#5545,#5544,#2745,.T.);
#6838=EDGE_CURVE('',#5545,#5539,#2746,.T.);
#6839=EDGE_CURVE('',#5546,#5546,#2045,.T.);
#6840=EDGE_CURVE('',#5540,#5547,#2747,.T.);
#6841=EDGE_CURVE('',#5548,#5547,#2748,.T.);
#6842=EDGE_CURVE('',#5549,#5548,#2749,.T.);
#6843=EDGE_CURVE('',#5550,#5549,#2750,.T.);
#6844=EDGE_CURVE('',#5517,#5550,#2751,.T.);
#6845=EDGE_CURVE('',#5551,#5551,#2046,.T.);
#6846=EDGE_CURVE('',#5546,#5551,#2752,.T.);
#6847=EDGE_CURVE('',#5545,#5547,#2753,.T.);
#6848=EDGE_CURVE('',#5544,#5548,#2754,.T.);
#6849=EDGE_CURVE('',#5543,#5549,#2755,.T.);
#6850=EDGE_CURVE('',#5542,#5550,#2756,.T.);
#6851=EDGE_CURVE('',#5552,#5552,#2047,.T.);
#6852=EDGE_CURVE('',#5552,#5553,#2757,.T.);
#6853=EDGE_CURVE('',#5553,#5553,#2048,.T.);
#6854=EDGE_CURVE('',#5554,#5555,#2758,.T.);
#6855=EDGE_CURVE('',#5556,#5555,#2759,.T.);
#6856=EDGE_CURVE('',#5556,#5557,#2760,.T.);
#6857=EDGE_CURVE('',#5557,#5554,#2761,.T.);
#6858=EDGE_CURVE('',#5558,#5554,#2762,.T.);
#6859=EDGE_CURVE('',#5557,#5559,#2763,.T.);
#6860=EDGE_CURVE('',#5558,#5559,#2764,.T.);
#6861=EDGE_CURVE('',#5555,#5560,#2765,.T.);
#6862=EDGE_CURVE('',#5561,#5560,#2766,.T.);
#6863=EDGE_CURVE('',#5561,#5556,#2767,.T.);
#6864=EDGE_CURVE('',#5560,#5562,#2768,.T.);
#6865=EDGE_CURVE('',#5563,#5562,#2769,.T.);
#6866=EDGE_CURVE('',#5563,#5561,#2770,.T.);
#6867=EDGE_CURVE('',#5562,#5564,#2771,.T.);
#6868=EDGE_CURVE('',#5564,#5565,#2772,.T.);
#6869=EDGE_CURVE('',#5565,#5563,#2773,.T.);
#6870=EDGE_CURVE('',#5566,#5566,#2049,.T.);
#6871=EDGE_CURVE('',#5566,#5567,#2774,.T.);
#6872=EDGE_CURVE('',#5567,#5567,#2050,.T.);
#6873=EDGE_CURVE('',#5568,#5565,#2775,.T.);
#6874=EDGE_CURVE('',#5569,#5568,#2776,.T.);
#6875=EDGE_CURVE('',#5570,#5569,#2777,.T.);
#6876=EDGE_CURVE('',#5570,#5571,#2778,.T.);
#6877=EDGE_CURVE('',#5571,#5572,#2779,.T.);
#6878=EDGE_CURVE('',#5572,#5573,#2780,.T.);
#6879=EDGE_CURVE('',#5573,#5574,#2781,.T.);
#6880=EDGE_CURVE('',#5575,#5574,#2782,.T.);
#6881=EDGE_CURVE('',#5575,#5576,#2783,.T.);
#6882=EDGE_CURVE('',#5577,#5576,#2784,.T.);
#6883=EDGE_CURVE('',#5578,#5577,#2785,.T.);
#6884=EDGE_CURVE('',#5559,#5578,#2786,.T.);
#6885=EDGE_CURVE('',#5558,#5579,#2787,.T.);
#6886=EDGE_CURVE('',#5580,#5579,#2788,.T.);
#6887=EDGE_CURVE('',#5581,#5580,#2789,.T.);
#6888=EDGE_CURVE('',#5582,#5581,#2790,.T.);
#6889=EDGE_CURVE('',#5583,#5582,#2791,.T.);
#6890=EDGE_CURVE('',#5583,#5584,#2792,.T.);
#6891=EDGE_CURVE('',#5584,#5585,#2793,.T.);
#6892=EDGE_CURVE('',#5585,#5586,#2794,.T.);
#6893=EDGE_CURVE('',#5586,#5587,#2795,.T.);
#6894=EDGE_CURVE('',#5588,#5587,#2796,.T.);
#6895=EDGE_CURVE('',#5589,#5588,#2797,.T.);
#6896=EDGE_CURVE('',#5564,#5589,#2798,.T.);
#6897=EDGE_CURVE('',#5568,#5589,#2799,.T.);
#6898=EDGE_CURVE('',#5569,#5588,#2800,.T.);
#6899=EDGE_CURVE('',#5587,#5570,#2801,.T.);
#6900=EDGE_CURVE('',#5572,#5585,#2802,.T.);
#6901=EDGE_CURVE('',#5573,#5584,#2803,.T.);
#6902=EDGE_CURVE('',#5574,#5583,#2804,.T.);
#6903=EDGE_CURVE('',#5571,#5586,#2805,.T.);
#6904=EDGE_CURVE('',#5582,#5575,#2806,.T.);
#6905=EDGE_CURVE('',#5580,#5577,#2807,.T.);
#6906=EDGE_CURVE('',#5576,#5581,#2808,.T.);
#6907=EDGE_CURVE('',#5579,#5578,#2809,.T.);
#6908=EDGE_CURVE('',#5590,#5590,#2051,.T.);
#6909=EDGE_CURVE('',#5590,#5591,#2810,.T.);
#6910=EDGE_CURVE('',#5591,#5591,#2052,.T.);
#6911=EDGE_CURVE('',#5592,#5593,#2053,.T.);
#6912=EDGE_CURVE('',#5593,#5594,#2811,.T.);
#6913=EDGE_CURVE('',#5594,#5595,#2054,.T.);
#6914=EDGE_CURVE('',#5592,#5595,#2812,.T.);
#6915=EDGE_CURVE('',#5596,#5597,#2813,.T.);
#6916=EDGE_CURVE('',#5597,#5598,#2814,.T.);
#6917=EDGE_CURVE('',#5598,#5599,#2815,.T.);
#6918=EDGE_CURVE('',#5596,#5599,#2816,.T.);
#6919=EDGE_CURVE('',#5597,#5600,#2817,.T.);
#6920=EDGE_CURVE('',#5600,#5601,#2818,.T.);
#6921=EDGE_CURVE('',#5601,#5598,#2819,.T.);
#6922=EDGE_CURVE('',#5600,#5602,#2820,.T.);
#6923=EDGE_CURVE('',#5602,#5603,#2821,.T.);
#6924=EDGE_CURVE('',#5603,#5601,#2822,.T.);
#6925=EDGE_CURVE('',#5604,#5605,#2823,.T.);
#6926=EDGE_CURVE('',#5605,#5606,#2824,.T.);
#6927=EDGE_CURVE('',#5606,#5607,#2825,.T.);
#6928=EDGE_CURVE('',#5604,#5607,#2826,.T.);
#6929=EDGE_CURVE('',#5602,#5604,#2827,.T.);
#6930=EDGE_CURVE('',#5607,#5603,#2828,.T.);
#6931=EDGE_CURVE('',#5593,#5596,#2829,.T.);
#6932=EDGE_CURVE('',#5599,#5594,#2830,.T.);
#6933=EDGE_CURVE('',#5605,#5592,#2831,.T.);
#6934=EDGE_CURVE('',#5595,#5606,#2832,.T.);
#6935=EDGE_CURVE('',#5608,#5609,#2833,.T.);
#6936=EDGE_CURVE('',#5610,#5608,#2055,.T.);
#6937=EDGE_CURVE('',#5611,#5610,#2834,.T.);
#6938=EDGE_CURVE('',#5609,#5611,#2056,.T.);
#6939=EDGE_CURVE('',#5608,#5612,#2835,.T.);
#6940=EDGE_CURVE('',#5613,#5612,#2836,.T.);
#6941=EDGE_CURVE('',#5614,#5613,#2837,.T.);
#6942=EDGE_CURVE('',#5615,#5614,#2838,.T.);
#6943=EDGE_CURVE('',#5615,#5616,#2839,.T.);
#6944=EDGE_CURVE('',#5616,#5617,#2840,.T.);
#6945=EDGE_CURVE('',#5617,#5618,#2841,.T.);
#6946=EDGE_CURVE('',#5618,#5619,#2842,.T.);
#6947=EDGE_CURVE('',#5619,#5620,#2843,.T.);
#6948=EDGE_CURVE('',#5621,#5620,#2844,.T.);
#6949=EDGE_CURVE('',#5622,#5621,#2845,.T.);
#6950=EDGE_CURVE('',#5623,#5622,#2846,.T.);
#6951=EDGE_CURVE('',#5624,#5623,#2847,.T.);
#6952=EDGE_CURVE('',#5624,#5610,#2848,.T.);
#6953=EDGE_CURVE('',#5609,#5625,#2849,.T.);
#6954=EDGE_CURVE('',#5612,#5625,#2850,.T.);
#6955=EDGE_CURVE('',#5626,#5627,#2851,.T.);
#6956=EDGE_CURVE('',#5627,#5622,#2852,.T.);
#6957=EDGE_CURVE('',#5626,#5621,#2853,.T.);
#6958=EDGE_CURVE('',#5627,#5628,#2854,.T.);
#6959=EDGE_CURVE('',#5623,#5628,#2855,.T.);
#6960=EDGE_CURVE('',#5620,#5629,#2856,.T.);
#6961=EDGE_CURVE('',#5626,#5629,#2857,.T.);
#6962=EDGE_CURVE('',#5630,#5618,#2858,.T.);
#6963=EDGE_CURVE('',#5631,#5630,#2859,.T.);
#6964=EDGE_CURVE('',#5632,#5631,#2860,.T.);
#6965=EDGE_CURVE('',#5633,#5632,#2861,.T.);
#6966=EDGE_CURVE('',#5633,#5619,#2862,.T.);
#6967=EDGE_CURVE('',#5629,#5633,#2863,.T.);
#6968=EDGE_CURVE('',#5634,#5615,#2864,.T.);
#6969=EDGE_CURVE('',#5635,#5634,#2865,.T.);
#6970=EDGE_CURVE('',#5635,#5616,#2866,.T.);
#6971=EDGE_CURVE('',#5636,#5635,#2867,.T.);
#6972=EDGE_CURVE('',#5636,#5617,#2868,.T.);
#6973=EDGE_CURVE('',#5630,#5636,#2869,.T.);
#6974=EDGE_CURVE('',#5637,#5634,#2870,.T.);
#6975=EDGE_CURVE('',#5637,#5638,#2871,.T.);
#6976=EDGE_CURVE('',#5639,#5638,#2872,.T.);
#6977=EDGE_CURVE('',#5631,#5639,#2873,.T.);
#6978=EDGE_CURVE('',#5614,#5637,#2874,.T.);
#6979=EDGE_CURVE('',#5640,#5628,#2875,.T.);
#6980=EDGE_CURVE('',#5640,#5624,#2876,.T.);
#6981=EDGE_CURVE('',#5640,#5611,#2877,.T.);
#6982=EDGE_CURVE('',#5632,#5641,#2878,.T.);
#6983=EDGE_CURVE('',#5625,#5641,#2879,.T.);
#6984=EDGE_CURVE('',#5638,#5613,#2880,.T.);
#6985=EDGE_CURVE('',#5641,#5639,#2881,.T.);
#6986=EDGE_CURVE('',#5642,#5642,#2057,.T.);
#6987=EDGE_CURVE('',#5642,#5643,#2882,.T.);
#6988=EDGE_CURVE('',#5643,#5643,#2058,.T.);
#6989=EDGE_CURVE('',#5644,#5645,#2883,.T.);
#6990=EDGE_CURVE('',#5645,#5646,#2884,.T.);
#6991=EDGE_CURVE('',#5646,#5647,#2885,.T.);
#6992=EDGE_CURVE('',#5644,#5647,#2886,.T.);
#6993=EDGE_CURVE('',#5645,#5648,#2887,.T.);
#6994=EDGE_CURVE('',#5649,#5648,#2888,.T.);
#6995=EDGE_CURVE('',#5649,#5646,#2889,.T.);
#6996=EDGE_CURVE('',#5650,#5644,#2890,.T.);
#6997=EDGE_CURVE('',#5647,#5651,#2891,.T.);
#6998=EDGE_CURVE('',#5650,#5651,#2892,.T.);
#6999=EDGE_CURVE('',#5652,#5650,#2893,.T.);
#7000=EDGE_CURVE('',#5651,#5653,#2894,.T.);
#7001=EDGE_CURVE('',#5652,#5653,#2895,.T.);
#7002=EDGE_CURVE('',#5654,#5652,#2896,.T.);
#7003=EDGE_CURVE('',#5653,#5655,#2897,.T.);
#7004=EDGE_CURVE('',#5655,#5654,#2898,.T.);
#7005=EDGE_CURVE('',#5656,#5656,#2059,.T.);
#7006=EDGE_CURVE('',#5656,#5657,#2899,.T.);
#7007=EDGE_CURVE('',#5657,#5657,#2060,.T.);
#7008=EDGE_CURVE('',#5648,#5658,#2900,.T.);
#7009=EDGE_CURVE('',#5659,#5658,#2901,.T.);
#7010=EDGE_CURVE('',#5649,#5659,#2902,.T.);
#7011=EDGE_CURVE('',#5660,#5654,#2903,.T.);
#7012=EDGE_CURVE('',#5661,#5660,#2904,.T.);
#7013=EDGE_CURVE('',#5662,#5661,#2905,.T.);
#7014=EDGE_CURVE('',#5662,#5663,#2906,.T.);
#7015=EDGE_CURVE('',#5663,#5664,#2907,.T.);
#7016=EDGE_CURVE('',#5664,#5665,#2908,.T.);
#7017=EDGE_CURVE('',#5665,#5666,#2909,.T.);
#7018=EDGE_CURVE('',#5667,#5666,#2910,.T.);
#7019=EDGE_CURVE('',#5667,#5668,#2911,.T.);
#7020=EDGE_CURVE('',#5669,#5668,#2912,.T.);
#7021=EDGE_CURVE('',#5658,#5669,#2913,.T.);
#7022=EDGE_CURVE('',#5668,#5670,#2914,.T.);
#7023=EDGE_CURVE('',#5671,#5667,#2915,.T.);
#7024=EDGE_CURVE('',#5671,#5670,#2916,.T.);
#7025=EDGE_CURVE('',#5672,#5659,#2917,.T.);
#7026=EDGE_CURVE('',#5670,#5672,#2918,.T.);
#7027=EDGE_CURVE('',#5673,#5671,#2919,.T.);
#7028=EDGE_CURVE('',#5673,#5674,#2920,.T.);
#7029=EDGE_CURVE('',#5674,#5675,#2921,.T.);
#7030=EDGE_CURVE('',#5675,#5676,#2922,.T.);
#7031=EDGE_CURVE('',#5676,#5677,#2923,.T.);
#7032=EDGE_CURVE('',#5678,#5677,#2924,.T.);
#7033=EDGE_CURVE('',#5679,#5678,#2925,.T.);
#7034=EDGE_CURVE('',#5655,#5679,#2926,.T.);
#7035=EDGE_CURVE('',#5672,#5669,#2927,.T.);
#7036=EDGE_CURVE('',#5666,#5673,#2928,.T.);
#7037=EDGE_CURVE('',#5677,#5662,#2929,.T.);
#7038=EDGE_CURVE('',#5663,#5676,#2930,.T.);
#7039=EDGE_CURVE('',#5664,#5675,#2931,.T.);
#7040=EDGE_CURVE('',#5665,#5674,#2932,.T.);
#7041=EDGE_CURVE('',#5661,#5678,#2933,.T.);
#7042=EDGE_CURVE('',#5660,#5679,#2934,.T.);
#7043=EDGE_CURVE('',#5680,#5680,#2061,.T.);
#7044=EDGE_CURVE('',#5680,#5681,#2935,.T.);
#7045=EDGE_CURVE('',#5681,#5681,#2062,.T.);
#7046=EDGE_CURVE('',#5682,#5683,#2936,.T.);
#7047=EDGE_CURVE('',#5684,#5683,#2937,.T.);
#7048=EDGE_CURVE('',#5684,#5685,#2938,.T.);
#7049=EDGE_CURVE('',#5685,#5682,#2939,.T.);
#7050=EDGE_CURVE('',#5686,#5682,#2940,.T.);
#7051=EDGE_CURVE('',#5685,#5687,#2941,.T.);
#7052=EDGE_CURVE('',#5686,#5687,#2942,.T.);
#7053=EDGE_CURVE('',#5688,#5689,#2943,.T.);
#7054=EDGE_CURVE('',#5688,#5690,#2944,.T.);
#7055=EDGE_CURVE('',#5691,#5690,#2945,.T.);
#7056=EDGE_CURVE('',#5689,#5691,#2946,.T.);
#7057=EDGE_CURVE('',#5692,#5693,#2947,.T.);
#7058=EDGE_CURVE('',#5694,#5692,#2948,.T.);
#7059=EDGE_CURVE('',#5695,#5694,#2949,.T.);
#7060=EDGE_CURVE('',#5693,#5695,#2950,.T.);
#7061=EDGE_CURVE('',#5696,#5691,#2951,.T.);
#7062=EDGE_CURVE('',#5697,#5696,#2952,.T.);
#7063=EDGE_CURVE('',#5689,#5697,#2953,.T.);
#7064=EDGE_CURVE('',#5698,#5688,#2954,.T.);
#7065=EDGE_CURVE('',#5698,#5699,#2955,.T.);
#7066=EDGE_CURVE('',#5690,#5699,#2956,.T.);
#7067=EDGE_CURVE('',#5693,#5698,#2957,.T.);
#7068=EDGE_CURVE('',#5700,#5695,#2958,.T.);
#7069=EDGE_CURVE('',#5701,#5700,#2959,.T.);
#7070=EDGE_CURVE('',#5699,#5701,#2960,.T.);
#7071=EDGE_CURVE('',#5701,#5702,#2961,.T.);
#7072=EDGE_CURVE('',#5703,#5702,#2962,.T.);
#7073=EDGE_CURVE('',#5704,#5703,#2963,.T.);
#7074=EDGE_CURVE('',#5696,#5704,#2964,.T.);
#7075=EDGE_CURVE('',#5700,#5705,#2965,.T.);
#7076=EDGE_CURVE('',#5702,#5705,#2966,.T.);
#7077=EDGE_CURVE('',#5694,#5683,#2967,.T.);
#7078=EDGE_CURVE('',#5684,#5692,#2968,.T.);
#7079=EDGE_CURVE('',#5704,#5706,#2969,.T.);
#7080=EDGE_CURVE('',#5707,#5703,#2970,.T.);
#7081=EDGE_CURVE('',#5706,#5707,#2971,.T.);
#7082=EDGE_CURVE('',#5705,#5708,#2972,.T.);
#7083=EDGE_CURVE('',#5708,#5709,#2973,.T.);
#7084=EDGE_CURVE('',#5709,#5707,#2974,.T.);
#7085=EDGE_CURVE('',#5697,#5706,#2975,.T.);
#7086=EDGE_CURVE('',#5686,#5710,#2976,.T.);
#7087=EDGE_CURVE('',#5711,#5710,#2977,.T.);
#7088=EDGE_CURVE('',#5712,#5711,#2978,.T.);
#7089=EDGE_CURVE('',#5713,#5712,#2979,.T.);
#7090=EDGE_CURVE('',#5708,#5713,#2980,.T.);
#7091=EDGE_CURVE('',#5714,#5714,#2063,.T.);
#7092=EDGE_CURVE('',#5715,#5709,#2981,.T.);
#7093=EDGE_CURVE('',#5716,#5715,#2982,.T.);
#7094=EDGE_CURVE('',#5717,#5716,#2983,.T.);
#7095=EDGE_CURVE('',#5718,#5717,#2984,.T.);
#7096=EDGE_CURVE('',#5687,#5718,#2985,.T.);
#7097=EDGE_CURVE('',#5719,#5719,#2064,.T.);
#7098=EDGE_CURVE('',#5719,#5714,#2986,.T.);
#7099=EDGE_CURVE('',#5718,#5710,#2987,.T.);
#7100=EDGE_CURVE('',#5717,#5711,#2988,.T.);
#7101=EDGE_CURVE('',#5716,#5712,#2989,.T.);
#7102=EDGE_CURVE('',#5715,#5713,#2990,.T.);
#7103=EDGE_CURVE('',#5720,#5720,#2065,.T.);
#7104=EDGE_CURVE('',#5720,#5721,#2991,.T.);
#7105=EDGE_CURVE('',#5721,#5721,#2066,.T.);
#7106=EDGE_CURVE('',#5722,#5723,#2992,.T.);
#7107=EDGE_CURVE('',#5724,#5723,#2993,.T.);
#7108=EDGE_CURVE('',#5724,#5725,#2994,.T.);
#7109=EDGE_CURVE('',#5725,#5722,#2995,.T.);
#7110=EDGE_CURVE('',#5726,#5722,#2996,.T.);
#7111=EDGE_CURVE('',#5725,#5727,#2997,.T.);
#7112=EDGE_CURVE('',#5726,#5727,#2998,.T.);
#7113=EDGE_CURVE('',#5723,#5728,#2999,.T.);
#7114=EDGE_CURVE('',#5729,#5728,#3000,.T.);
#7115=EDGE_CURVE('',#5729,#5724,#3001,.T.);
#7116=EDGE_CURVE('',#5728,#5730,#3002,.T.);
#7117=EDGE_CURVE('',#5731,#5730,#3003,.T.);
#7118=EDGE_CURVE('',#5731,#5729,#3004,.T.);
#7119=EDGE_CURVE('',#5732,#5730,#3005,.T.);
#7120=EDGE_CURVE('',#5732,#5733,#3006,.T.);
#7121=EDGE_CURVE('',#5731,#5733,#3007,.T.);
#7122=EDGE_CURVE('',#5734,#5734,#2067,.T.);
#7123=EDGE_CURVE('',#5734,#5735,#3008,.T.);
#7124=EDGE_CURVE('',#5735,#5735,#2068,.T.);
#7125=EDGE_CURVE('',#5736,#5726,#3009,.T.);
#7126=EDGE_CURVE('',#5737,#5736,#3010,.T.);
#7127=EDGE_CURVE('',#5737,#5738,#3011,.T.);
#7128=EDGE_CURVE('',#5738,#5739,#3012,.T.);
#7129=EDGE_CURVE('',#5739,#5740,#3013,.T.);
#7130=EDGE_CURVE('',#5741,#5740,#3014,.T.);
#7131=EDGE_CURVE('',#5732,#5741,#3015,.T.);
#7132=EDGE_CURVE('',#5742,#5733,#3016,.T.);
#7133=EDGE_CURVE('',#5743,#5742,#3017,.T.);
#7134=EDGE_CURVE('',#5743,#5744,#3018,.T.);
#7135=EDGE_CURVE('',#5744,#5745,#3019,.T.);
#7136=EDGE_CURVE('',#5745,#5746,#3020,.T.);
#7137=EDGE_CURVE('',#5746,#5747,#3021,.T.);
#7138=EDGE_CURVE('',#5727,#5747,#3022,.T.);
#7139=EDGE_CURVE('',#5742,#5741,#3023,.T.);
#7140=EDGE_CURVE('',#5743,#5740,#3024,.T.);
#7141=EDGE_CURVE('',#5748,#5749,#3025,.T.);
#7142=EDGE_CURVE('',#5750,#5748,#3026,.T.);
#7143=EDGE_CURVE('',#5751,#5750,#3027,.T.);
#7144=EDGE_CURVE('',#5746,#5751,#3028,.T.);
#7145=EDGE_CURVE('',#5745,#5738,#3029,.T.);
#7146=EDGE_CURVE('',#5749,#5737,#3030,.T.);
#7147=EDGE_CURVE('',#5739,#5744,#3031,.T.);
#7148=EDGE_CURVE('',#5752,#5753,#3032,.T.);
#7149=EDGE_CURVE('',#5754,#5752,#3033,.T.);
#7150=EDGE_CURVE('',#5755,#5754,#3034,.T.);
#7151=EDGE_CURVE('',#5755,#5753,#3035,.T.);
#7152=EDGE_CURVE('',#5753,#5756,#3036,.T.);
#7153=EDGE_CURVE('',#5757,#5755,#3037,.T.);
#7154=EDGE_CURVE('',#5757,#5756,#3038,.T.);
#7155=EDGE_CURVE('',#5756,#5748,#3039,.T.);
#7156=EDGE_CURVE('',#5750,#5757,#3040,.T.);
#7157=EDGE_CURVE('',#5758,#5736,#3041,.T.);
#7158=EDGE_CURVE('',#5749,#5758,#3042,.T.);
#7159=EDGE_CURVE('',#5754,#5759,#3043,.T.);
#7160=EDGE_CURVE('',#5759,#5760,#3044,.T.);
#7161=EDGE_CURVE('',#5761,#5760,#3045,.T.);
#7162=EDGE_CURVE('',#5751,#5761,#3046,.T.);
#7163=EDGE_CURVE('',#5762,#5752,#3047,.T.);
#7164=EDGE_CURVE('',#5762,#5759,#3048,.T.);
#7165=EDGE_CURVE('',#5763,#5758,#3049,.T.);
#7166=EDGE_CURVE('',#5762,#5763,#3050,.T.);
#7167=EDGE_CURVE('',#5760,#5763,#3051,.T.);
#7168=EDGE_CURVE('',#5747,#5761,#3052,.T.);
#7169=EDGE_CURVE('',#5764,#5764,#2069,.T.);
#7170=EDGE_CURVE('',#5764,#5765,#3053,.T.);
#7171=EDGE_CURVE('',#5765,#5765,#2070,.T.);
#7172=EDGE_CURVE('',#5766,#5767,#3054,.T.);
#7173=EDGE_CURVE('',#5767,#5768,#3055,.T.);
#7174=EDGE_CURVE('',#5769,#5768,#3056,.T.);
#7175=EDGE_CURVE('',#5770,#5769,#3057,.T.);
#7176=EDGE_CURVE('',#5766,#5770,#3058,.T.);
#7177=EDGE_CURVE('',#5767,#5771,#3059,.T.);
#7178=EDGE_CURVE('',#5772,#5771,#3060,.T.);
#7179=EDGE_CURVE('',#5772,#5773,#3061,.T.);
#7180=EDGE_CURVE('',#5768,#5773,#3062,.T.);
#7181=EDGE_CURVE('',#5772,#5770,#3063,.T.);
#7182=EDGE_CURVE('',#5773,#5769,#3064,.T.);
#7183=EDGE_CURVE('',#5774,#5775,#3065,.T.);
#7184=EDGE_CURVE('',#5774,#5776,#3066,.T.);
#7185=EDGE_CURVE('',#5777,#5776,#3067,.T.);
#7186=EDGE_CURVE('',#5775,#5777,#3068,.T.);
#7187=EDGE_CURVE('',#5775,#5778,#3069,.T.);
#7188=EDGE_CURVE('',#5779,#5777,#3070,.T.);
#7189=EDGE_CURVE('',#5778,#5779,#3071,.T.);
#7190=EDGE_CURVE('',#5780,#5781,#3072,.T.);
#7191=EDGE_CURVE('',#5782,#5780,#3073,.T.);
#7192=EDGE_CURVE('',#5783,#5782,#3074,.T.);
#7193=EDGE_CURVE('',#5781,#5783,#3075,.T.);
#7194=EDGE_CURVE('',#5784,#5774,#3076,.T.);
#7195=EDGE_CURVE('',#5784,#5785,#3077,.T.);
#7196=EDGE_CURVE('',#5776,#5785,#3078,.T.);
#7197=EDGE_CURVE('',#5781,#5784,#3079,.T.);
#7198=EDGE_CURVE('',#5785,#5783,#3080,.T.);
#7199=EDGE_CURVE('',#5770,#5782,#3081,.T.);
#7200=EDGE_CURVE('',#5780,#5766,#3082,.T.);
#7201=EDGE_CURVE('',#5779,#5786,#3083,.T.);
#7202=EDGE_CURVE('',#5786,#5787,#3084,.T.);
#7203=EDGE_CURVE('',#5787,#5778,#3085,.T.);
#7204=EDGE_CURVE('',#5786,#5788,#3086,.T.);
#7205=EDGE_CURVE('',#5789,#5788,#3087,.T.);
#7206=EDGE_CURVE('',#5787,#5789,#3088,.T.);
#7207=EDGE_CURVE('',#5788,#5790,#3089,.T.);
#7208=EDGE_CURVE('',#5790,#5791,#3090,.T.);
#7209=EDGE_CURVE('',#5791,#5789,#3091,.T.);
#7210=EDGE_CURVE('',#5792,#5793,#2071,.T.);
#7211=EDGE_CURVE('',#5793,#5794,#2072,.T.);
#7212=EDGE_CURVE('',#5794,#5790,#3092,.T.);
#7213=EDGE_CURVE('',#5795,#5772,#3093,.T.);
#7214=EDGE_CURVE('',#5795,#5792,#3094,.T.);
#7215=EDGE_CURVE('',#5796,#5791,#3095,.T.);
#7216=EDGE_CURVE('',#5797,#5796,#3096,.T.);
#7217=EDGE_CURVE('',#5798,#5797,#3097,.T.);
#7218=EDGE_CURVE('',#5799,#5798,#3098,.T.);
#7219=EDGE_CURVE('',#5771,#5799,#3099,.T.);
#7220=EDGE_CURVE('',#5800,#5800,#2073,.T.);
#7221=EDGE_CURVE('',#5801,#5802,#3100,.T.);
#7222=EDGE_CURVE('',#5802,#5803,#3101,.T.);
#7223=EDGE_CURVE('',#5803,#5804,#3102,.T.);
#7224=EDGE_CURVE('',#5804,#5805,#3103,.T.);
#7225=EDGE_CURVE('',#5805,#5806,#3104,.T.);
#7226=EDGE_CURVE('',#5806,#5807,#2074,.T.);
#7227=EDGE_CURVE('',#5807,#5808,#3105,.T.);
#7228=EDGE_CURVE('',#5808,#5801,#3106,.T.);
#7229=EDGE_CURVE('',#5794,#5806,#3107,.T.);
#7230=EDGE_CURVE('',#5790,#5805,#3108,.T.);
#7231=EDGE_CURVE('',#5795,#5808,#3109,.T.);
#7232=EDGE_CURVE('',#5792,#5807,#3110,.T.);
#7233=EDGE_CURVE('',#5800,#5793,#3111,.T.);
#7234=EDGE_CURVE('',#5799,#5801,#3112,.T.);
#7235=EDGE_CURVE('',#5798,#5802,#3113,.T.);
#7236=EDGE_CURVE('',#5797,#5803,#3114,.T.);
#7237=EDGE_CURVE('',#5796,#5804,#3115,.T.);
#7238=EDGE_CURVE('',#5809,#5809,#2075,.T.);
#7239=EDGE_CURVE('',#5809,#5810,#3116,.T.);
#7240=EDGE_CURVE('',#5810,#5810,#2076,.T.);
#7241=EDGE_CURVE('',#5811,#5812,#3117,.T.);
#7242=EDGE_CURVE('',#5813,#5812,#3118,.T.);
#7243=EDGE_CURVE('',#5813,#5814,#3119,.T.);
#7244=EDGE_CURVE('',#5814,#5811,#3120,.T.);
#7245=EDGE_CURVE('',#5815,#5811,#3121,.T.);
#7246=EDGE_CURVE('',#5814,#5816,#3122,.T.);
#7247=EDGE_CURVE('',#5815,#5816,#3123,.T.);
#7248=EDGE_CURVE('',#5812,#5817,#3124,.T.);
#7249=EDGE_CURVE('',#5818,#5817,#3125,.T.);
#7250=EDGE_CURVE('',#5818,#5813,#3126,.T.);
#7251=EDGE_CURVE('',#5817,#5819,#3127,.T.);
#7252=EDGE_CURVE('',#5820,#5819,#3128,.T.);
#7253=EDGE_CURVE('',#5820,#5818,#3129,.T.);
#7254=EDGE_CURVE('',#5819,#5821,#3130,.T.);
#7255=EDGE_CURVE('',#5821,#5822,#3131,.T.);
#7256=EDGE_CURVE('',#5822,#5820,#3132,.T.);
#7257=EDGE_CURVE('',#5823,#5823,#2077,.T.);
#7258=EDGE_CURVE('',#5823,#5824,#3133,.T.);
#7259=EDGE_CURVE('',#5824,#5824,#2078,.T.);
#7260=EDGE_CURVE('',#5825,#5822,#3134,.T.);
#7261=EDGE_CURVE('',#5826,#5825,#3135,.T.);
#7262=EDGE_CURVE('',#5827,#5826,#3136,.T.);
#7263=EDGE_CURVE('',#5827,#5828,#3137,.T.);
#7264=EDGE_CURVE('',#5828,#5829,#3138,.T.);
#7265=EDGE_CURVE('',#5829,#5830,#3139,.T.);
#7266=EDGE_CURVE('',#5830,#5831,#3140,.T.);
#7267=EDGE_CURVE('',#5832,#5831,#3141,.T.);
#7268=EDGE_CURVE('',#5832,#5833,#3142,.T.);
#7269=EDGE_CURVE('',#5834,#5833,#3143,.T.);
#7270=EDGE_CURVE('',#5835,#5834,#3144,.T.);
#7271=EDGE_CURVE('',#5816,#5835,#3145,.T.);
#7272=EDGE_CURVE('',#5815,#5836,#3146,.T.);
#7273=EDGE_CURVE('',#5837,#5836,#3147,.T.);
#7274=EDGE_CURVE('',#5838,#5837,#3148,.T.);
#7275=EDGE_CURVE('',#5839,#5838,#3149,.T.);
#7276=EDGE_CURVE('',#5840,#5839,#3150,.T.);
#7277=EDGE_CURVE('',#5840,#5841,#3151,.T.);
#7278=EDGE_CURVE('',#5841,#5842,#3152,.T.);
#7279=EDGE_CURVE('',#5842,#5843,#3153,.T.);
#7280=EDGE_CURVE('',#5843,#5844,#3154,.T.);
#7281=EDGE_CURVE('',#5845,#5844,#3155,.T.);
#7282=EDGE_CURVE('',#5846,#5845,#3156,.T.);
#7283=EDGE_CURVE('',#5821,#5846,#3157,.T.);
#7284=EDGE_CURVE('',#5825,#5846,#3158,.T.);
#7285=EDGE_CURVE('',#5826,#5845,#3159,.T.);
#7286=EDGE_CURVE('',#5844,#5827,#3160,.T.);
#7287=EDGE_CURVE('',#5829,#5842,#3161,.T.);
#7288=EDGE_CURVE('',#5830,#5841,#3162,.T.);
#7289=EDGE_CURVE('',#5831,#5840,#3163,.T.);
#7290=EDGE_CURVE('',#5828,#5843,#3164,.T.);
#7291=EDGE_CURVE('',#5839,#5832,#3165,.T.);
#7292=EDGE_CURVE('',#5837,#5834,#3166,.T.);
#7293=EDGE_CURVE('',#5833,#5838,#3167,.T.);
#7294=EDGE_CURVE('',#5836,#5835,#3168,.T.);
#7295=EDGE_CURVE('',#5847,#5847,#2079,.T.);
#7296=EDGE_CURVE('',#5847,#5848,#3169,.T.);
#7297=EDGE_CURVE('',#5848,#5848,#2080,.T.);
#7298=EDGE_CURVE('',#5849,#5850,#3170,.T.);
#7299=EDGE_CURVE('',#5850,#5851,#3171,.T.);
#7300=EDGE_CURVE('',#5851,#5852,#3172,.T.);
#7301=EDGE_CURVE('',#5849,#5852,#3173,.T.);
#7302=EDGE_CURVE('',#5850,#5853,#3174,.T.);
#7303=EDGE_CURVE('',#5854,#5853,#3175,.T.);
#7304=EDGE_CURVE('',#5854,#5851,#3176,.T.);
#7305=EDGE_CURVE('',#5855,#5852,#3177,.T.);
#7306=EDGE_CURVE('',#5855,#5856,#3178,.T.);
#7307=EDGE_CURVE('',#5849,#5856,#3179,.T.);
#7308=EDGE_CURVE('',#5857,#5858,#3180,.T.);
#7309=EDGE_CURVE('',#5859,#5857,#3181,.T.);
#7310=EDGE_CURVE('',#5860,#5859,#3182,.T.);
#7311=EDGE_CURVE('',#5861,#5860,#3183,.T.);
#7312=EDGE_CURVE('',#5862,#5861,#3184,.T.);
#7313=EDGE_CURVE('',#5862,#5858,#3185,.T.);
#7314=EDGE_CURVE('',#5858,#5855,#3186,.T.);
#7315=EDGE_CURVE('',#5856,#5862,#3187,.T.);
#7316=EDGE_CURVE('',#5863,#5864,#3188,.T.);
#7317=EDGE_CURVE('',#5865,#5863,#3189,.T.);
#7318=EDGE_CURVE('',#5866,#5865,#3190,.T.);
#7319=EDGE_CURVE('',#5866,#5864,#3191,.T.);
#7320=EDGE_CURVE('',#5864,#5867,#3192,.T.);
#7321=EDGE_CURVE('',#5868,#5866,#3193,.T.);
#7322=EDGE_CURVE('',#5868,#5867,#3194,.T.);
#7323=EDGE_CURVE('',#5867,#5857,#3195,.T.);
#7324=EDGE_CURVE('',#5859,#5868,#3196,.T.);
#7325=EDGE_CURVE('',#5869,#5865,#3197,.T.);
#7326=EDGE_CURVE('',#5869,#5870,#3198,.T.);
#7327=EDGE_CURVE('',#5871,#5870,#3199,.T.);
#7328=EDGE_CURVE('',#5860,#5871,#3200,.T.);
#7329=EDGE_CURVE('',#5872,#5863,#3201,.T.);
#7330=EDGE_CURVE('',#5872,#5869,#3202,.T.);
#7331=EDGE_CURVE('',#5873,#5871,#3203,.T.);
#7332=EDGE_CURVE('',#5861,#5873,#3204,.T.);
#7333=EDGE_CURVE('',#5874,#5875,#3205,.T.);
#7334=EDGE_CURVE('',#5872,#5874,#3206,.T.);
#7335=EDGE_CURVE('',#5854,#5876,#3207,.T.);
#7336=EDGE_CURVE('',#5877,#5876,#3208,.T.);
#7337=EDGE_CURVE('',#5878,#5877,#3209,.T.);
#7338=EDGE_CURVE('',#5879,#5878,#3210,.T.);
#7339=EDGE_CURVE('',#5875,#5879,#3211,.T.);
#7340=EDGE_CURVE('',#5880,#5880,#2081,.T.);
#7341=EDGE_CURVE('',#5870,#5874,#3212,.T.);
#7342=EDGE_CURVE('',#5875,#5881,#3213,.T.);
#7343=EDGE_CURVE('',#5881,#5873,#3214,.T.);
#7344=EDGE_CURVE('',#5882,#5881,#3215,.T.);
#7345=EDGE_CURVE('',#5883,#5882,#3216,.T.);
#7346=EDGE_CURVE('',#5884,#5883,#3217,.T.);
#7347=EDGE_CURVE('',#5885,#5884,#3218,.T.);
#7348=EDGE_CURVE('',#5853,#5885,#3219,.T.);
#7349=EDGE_CURVE('',#5886,#5886,#2082,.T.);
#7350=EDGE_CURVE('',#5886,#5880,#3220,.T.);
#7351=EDGE_CURVE('',#5885,#5876,#3221,.T.);
#7352=EDGE_CURVE('',#5884,#5877,#3222,.T.);
#7353=EDGE_CURVE('',#5883,#5878,#3223,.T.);
#7354=EDGE_CURVE('',#5882,#5879,#3224,.T.);
#7355=EDGE_CURVE('',#5887,#5887,#2083,.T.);
#7356=EDGE_CURVE('',#5887,#5888,#3225,.T.);
#7357=EDGE_CURVE('',#5888,#5888,#2084,.T.);
#7358=EDGE_CURVE('',#5889,#5890,#3226,.T.);
#7359=EDGE_CURVE('',#5890,#5891,#3227,.T.);
#7360=EDGE_CURVE('',#5891,#5892,#3228,.T.);
#7361=EDGE_CURVE('',#5889,#5892,#3229,.T.);
#7362=EDGE_CURVE('',#5890,#5893,#3230,.T.);
#7363=EDGE_CURVE('',#5894,#5893,#3231,.T.);
#7364=EDGE_CURVE('',#5894,#5891,#3232,.T.);
#7365=EDGE_CURVE('',#5895,#5889,#3233,.T.);
#7366=EDGE_CURVE('',#5892,#5896,#3234,.T.);
#7367=EDGE_CURVE('',#5895,#5896,#3235,.T.);
#7368=EDGE_CURVE('',#5897,#5895,#3236,.T.);
#7369=EDGE_CURVE('',#5896,#5898,#3237,.T.);
#7370=EDGE_CURVE('',#5897,#5898,#3238,.T.);
#7371=EDGE_CURVE('',#5897,#5899,#3239,.T.);
#7372=EDGE_CURVE('',#5900,#5898,#3240,.T.);
#7373=EDGE_CURVE('',#5900,#5899,#3241,.T.);
#7374=EDGE_CURVE('',#5901,#5901,#2085,.T.);
#7375=EDGE_CURVE('',#5901,#5902,#3242,.T.);
#7376=EDGE_CURVE('',#5902,#5902,#2086,.T.);
#7377=EDGE_CURVE('',#5903,#5894,#3243,.T.);
#7378=EDGE_CURVE('',#5904,#5903,#3244,.T.);
#7379=EDGE_CURVE('',#5904,#5905,#3245,.T.);
#7380=EDGE_CURVE('',#5905,#5906,#3246,.T.);
#7381=EDGE_CURVE('',#5906,#5907,#3247,.T.);
#7382=EDGE_CURVE('',#5908,#5907,#3248,.T.);
#7383=EDGE_CURVE('',#5900,#5908,#3249,.T.);
#7384=EDGE_CURVE('',#5909,#5899,#3250,.T.);
#7385=EDGE_CURVE('',#5910,#5909,#3251,.T.);
#7386=EDGE_CURVE('',#5910,#5911,#3252,.T.);
#7387=EDGE_CURVE('',#5911,#5912,#3253,.T.);
#7388=EDGE_CURVE('',#5912,#5913,#3254,.T.);
#7389=EDGE_CURVE('',#5913,#5914,#3255,.T.);
#7390=EDGE_CURVE('',#5893,#5914,#3256,.T.);
#7391=EDGE_CURVE('',#5909,#5908,#3257,.T.);
#7392=EDGE_CURVE('',#5915,#5916,#3258,.T.);
#7393=EDGE_CURVE('',#5917,#5915,#3259,.T.);
#7394=EDGE_CURVE('',#5918,#5917,#3260,.T.);
#7395=EDGE_CURVE('',#5913,#5918,#3261,.T.);
#7396=EDGE_CURVE('',#5912,#5905,#3262,.T.);
#7397=EDGE_CURVE('',#5916,#5904,#3263,.T.);
#7398=EDGE_CURVE('',#5906,#5911,#3264,.T.);
#7399=EDGE_CURVE('',#5919,#5920,#3265,.T.);
#7400=EDGE_CURVE('',#5921,#5919,#3266,.T.);
#7401=EDGE_CURVE('',#5922,#5921,#3267,.T.);
#7402=EDGE_CURVE('',#5922,#5920,#3268,.T.);
#7403=EDGE_CURVE('',#5920,#5923,#3269,.T.);
#7404=EDGE_CURVE('',#5924,#5922,#3270,.T.);
#7405=EDGE_CURVE('',#5924,#5923,#3271,.T.);
#7406=EDGE_CURVE('',#5923,#5915,#3272,.T.);
#7407=EDGE_CURVE('',#5917,#5924,#3273,.T.);
#7408=EDGE_CURVE('',#5925,#5903,#3274,.T.);
#7409=EDGE_CURVE('',#5916,#5925,#3275,.T.);
#7410=EDGE_CURVE('',#5921,#5926,#3276,.T.);
#7411=EDGE_CURVE('',#5926,#5927,#3277,.T.);
#7412=EDGE_CURVE('',#5928,#5927,#3278,.T.);
#7413=EDGE_CURVE('',#5918,#5928,#3279,.T.);
#7414=EDGE_CURVE('',#5929,#5919,#3280,.T.);
#7415=EDGE_CURVE('',#5929,#5926,#3281,.T.);
#7416=EDGE_CURVE('',#5910,#5907,#3282,.T.);
#7417=EDGE_CURVE('',#5930,#5925,#3283,.T.);
#7418=EDGE_CURVE('',#5929,#5930,#3284,.T.);
#7419=EDGE_CURVE('',#5927,#5930,#3285,.T.);
#7420=EDGE_CURVE('',#5914,#5928,#3286,.T.);
#7421=EDGE_CURVE('',#5931,#5931,#2087,.T.);
#7422=EDGE_CURVE('',#5931,#5932,#3287,.T.);
#7423=EDGE_CURVE('',#5932,#5932,#2088,.T.);
#7424=EDGE_CURVE('',#5933,#5934,#3288,.T.);
#7425=EDGE_CURVE('',#5935,#5934,#3289,.T.);
#7426=EDGE_CURVE('',#5935,#5936,#3290,.T.);
#7427=EDGE_CURVE('',#5936,#5933,#3291,.T.);
#7428=EDGE_CURVE('',#5937,#5933,#3292,.T.);
#7429=EDGE_CURVE('',#5936,#5938,#3293,.T.);
#7430=EDGE_CURVE('',#5937,#5938,#3294,.T.);
#7431=EDGE_CURVE('',#5939,#5940,#3295,.T.);
#7432=EDGE_CURVE('',#5941,#5939,#3296,.T.);
#7433=EDGE_CURVE('',#5942,#5941,#3297,.T.);
#7434=EDGE_CURVE('',#5943,#5942,#3298,.T.);
#7435=EDGE_CURVE('',#5944,#5943,#3299,.T.);
#7436=EDGE_CURVE('',#5944,#5945,#3300,.T.);
#7437=EDGE_CURVE('',#5946,#5945,#3301,.T.);
#7438=EDGE_CURVE('',#5940,#5946,#3302,.T.);
#7439=EDGE_CURVE('',#5945,#5947,#3303,.T.);
#7440=EDGE_CURVE('',#5948,#5944,#3304,.T.);
#7441=EDGE_CURVE('',#5947,#5948,#3305,.T.);
#7442=EDGE_CURVE('',#5949,#5950,#3306,.T.);
#7443=EDGE_CURVE('',#5951,#5949,#3307,.T.);
#7444=EDGE_CURVE('',#5952,#5951,#3308,.T.);
#7445=EDGE_CURVE('',#5952,#5950,#3309,.T.);
#7446=EDGE_CURVE('',#5950,#5953,#3310,.T.);
#7447=EDGE_CURVE('',#5954,#5952,#3311,.T.);
#7448=EDGE_CURVE('',#5954,#5953,#3312,.T.);
#7449=EDGE_CURVE('',#5953,#5939,#3313,.T.);
#7450=EDGE_CURVE('',#5941,#5954,#3314,.T.);
#7451=EDGE_CURVE('',#5946,#5955,#3315,.T.);
#7452=EDGE_CURVE('',#5956,#5955,#3316,.T.);
#7453=EDGE_CURVE('',#5940,#5956,#3317,.T.);
#7454=EDGE_CURVE('',#5957,#5951,#3318,.T.);
#7455=EDGE_CURVE('',#5957,#5958,#3319,.T.);
#7456=EDGE_CURVE('',#5959,#5958,#3320,.T.);
#7457=EDGE_CURVE('',#5942,#5959,#3321,.T.);
#7458=EDGE_CURVE('',#5949,#5960,#3322,.T.);
#7459=EDGE_CURVE('',#5960,#5957,#3323,.T.);
#7460=EDGE_CURVE('',#5947,#5934,#3324,.T.);
#7461=EDGE_CURVE('',#5935,#5948,#3325,.T.);
#7462=EDGE_CURVE('',#5960,#5961,#3326,.T.);
#7463=EDGE_CURVE('',#5958,#5961,#3327,.T.);
#7464=EDGE_CURVE('',#5962,#5959,#3328,.T.);
#7465=EDGE_CURVE('',#5943,#5962,#3329,.T.);
#7466=EDGE_CURVE('',#5961,#5956,#3330,.T.);
#7467=EDGE_CURVE('',#5955,#5963,#3331,.T.);
#7468=EDGE_CURVE('',#5963,#5964,#3332,.T.);
#7469=EDGE_CURVE('',#5964,#5962,#3333,.T.);
#7470=EDGE_CURVE('',#5937,#5965,#3334,.T.);
#7471=EDGE_CURVE('',#5966,#5965,#3335,.T.);
#7472=EDGE_CURVE('',#5967,#5966,#3336,.T.);
#7473=EDGE_CURVE('',#5968,#5967,#3337,.T.);
#7474=EDGE_CURVE('',#5963,#5968,#3338,.T.);
#7475=EDGE_CURVE('',#5969,#5969,#2089,.T.);
#7476=EDGE_CURVE('',#5970,#5964,#3339,.T.);
#7477=EDGE_CURVE('',#5971,#5970,#3340,.T.);
#7478=EDGE_CURVE('',#5972,#5971,#3341,.T.);
#7479=EDGE_CURVE('',#5973,#5972,#3342,.T.);
#7480=EDGE_CURVE('',#5938,#5973,#3343,.T.);
#7481=EDGE_CURVE('',#5974,#5974,#2090,.T.);
#7482=EDGE_CURVE('',#5974,#5969,#3344,.T.);
#7483=EDGE_CURVE('',#5973,#5965,#3345,.T.);
#7484=EDGE_CURVE('',#5972,#5966,#3346,.T.);
#7485=EDGE_CURVE('',#5971,#5967,#3347,.T.);
#7486=EDGE_CURVE('',#5970,#5968,#3348,.T.);
#7487=EDGE_CURVE('',#5975,#5975,#2091,.T.);
#7488=EDGE_CURVE('',#5975,#5976,#3349,.T.);
#7489=EDGE_CURVE('',#5976,#5976,#2092,.T.);
#7490=EDGE_CURVE('',#5977,#5978,#3350,.T.);
#7491=EDGE_CURVE('',#5979,#5978,#3351,.T.);
#7492=EDGE_CURVE('',#5979,#5980,#3352,.T.);
#7493=EDGE_CURVE('',#5980,#5977,#3353,.T.);
#7494=EDGE_CURVE('',#5981,#5977,#3354,.T.);
#7495=EDGE_CURVE('',#5980,#5982,#3355,.T.);
#7496=EDGE_CURVE('',#5981,#5982,#3356,.T.);
#7497=EDGE_CURVE('',#5978,#5983,#3357,.T.);
#7498=EDGE_CURVE('',#5984,#5983,#3358,.T.);
#7499=EDGE_CURVE('',#5984,#5979,#3359,.T.);
#7500=EDGE_CURVE('',#5983,#5985,#3360,.T.);
#7501=EDGE_CURVE('',#5986,#5985,#3361,.T.);
#7502=EDGE_CURVE('',#5986,#5984,#3362,.T.);
#7503=EDGE_CURVE('',#5985,#5987,#3363,.T.);
#7504=EDGE_CURVE('',#5987,#5988,#3364,.T.);
#7505=EDGE_CURVE('',#5988,#5986,#3365,.T.);
#7506=EDGE_CURVE('',#5989,#5989,#2093,.T.);
#7507=EDGE_CURVE('',#5989,#5990,#3366,.T.);
#7508=EDGE_CURVE('',#5990,#5990,#2094,.T.);
#7509=EDGE_CURVE('',#5982,#5991,#3367,.T.);
#7510=EDGE_CURVE('',#5992,#5991,#3368,.T.);
#7511=EDGE_CURVE('',#5981,#5992,#3369,.T.);
#7512=EDGE_CURVE('',#5993,#5988,#3370,.T.);
#7513=EDGE_CURVE('',#5994,#5993,#3371,.T.);
#7514=EDGE_CURVE('',#5995,#5994,#3372,.T.);
#7515=EDGE_CURVE('',#5995,#5996,#3373,.T.);
#7516=EDGE_CURVE('',#5996,#5997,#3374,.T.);
#7517=EDGE_CURVE('',#5997,#5998,#3375,.T.);
#7518=EDGE_CURVE('',#5998,#5999,#3376,.T.);
#7519=EDGE_CURVE('',#6000,#5999,#3377,.T.);
#7520=EDGE_CURVE('',#6000,#6001,#3378,.T.);
#7521=EDGE_CURVE('',#6002,#6001,#3379,.T.);
#7522=EDGE_CURVE('',#5991,#6002,#3380,.T.);
#7523=EDGE_CURVE('',#6001,#6003,#3381,.T.);
#7524=EDGE_CURVE('',#6004,#6000,#3382,.T.);
#7525=EDGE_CURVE('',#6004,#6003,#3383,.T.);
#7526=EDGE_CURVE('',#6005,#5992,#3384,.T.);
#7527=EDGE_CURVE('',#6003,#6005,#3385,.T.);
#7528=EDGE_CURVE('',#6006,#6004,#3386,.T.);
#7529=EDGE_CURVE('',#6006,#6007,#3387,.T.);
#7530=EDGE_CURVE('',#6007,#6008,#3388,.T.);
#7531=EDGE_CURVE('',#6008,#6009,#3389,.T.);
#7532=EDGE_CURVE('',#6009,#6010,#3390,.T.);
#7533=EDGE_CURVE('',#6011,#6010,#3391,.T.);
#7534=EDGE_CURVE('',#6012,#6011,#3392,.T.);
#7535=EDGE_CURVE('',#5987,#6012,#3393,.T.);
#7536=EDGE_CURVE('',#6005,#6002,#3394,.T.);
#7537=EDGE_CURVE('',#5999,#6006,#3395,.T.);
#7538=EDGE_CURVE('',#6010,#5995,#3396,.T.);
#7539=EDGE_CURVE('',#5996,#6009,#3397,.T.);
#7540=EDGE_CURVE('',#5997,#6008,#3398,.T.);
#7541=EDGE_CURVE('',#5998,#6007,#3399,.T.);
#7542=EDGE_CURVE('',#5994,#6011,#3400,.T.);
#7543=EDGE_CURVE('',#5993,#6012,#3401,.T.);
#7544=EDGE_CURVE('',#6013,#6013,#2095,.T.);
#7545=EDGE_CURVE('',#6013,#6014,#3402,.T.);
#7546=EDGE_CURVE('',#6014,#6014,#2096,.T.);
#7547=EDGE_CURVE('',#6015,#6016,#3403,.T.);
#7548=EDGE_CURVE('',#6017,#6016,#3404,.T.);
#7549=EDGE_CURVE('',#6017,#6018,#3405,.T.);
#7550=EDGE_CURVE('',#6018,#6015,#3406,.T.);
#7551=EDGE_CURVE('',#6019,#6015,#3407,.T.);
#7552=EDGE_CURVE('',#6018,#6020,#3408,.T.);
#7553=EDGE_CURVE('',#6019,#6020,#3409,.T.);
#7554=EDGE_CURVE('',#6021,#6016,#3410,.T.);
#7555=EDGE_CURVE('',#6021,#6022,#3411,.T.);
#7556=EDGE_CURVE('',#6017,#6022,#3412,.T.);
#7557=EDGE_CURVE('',#6023,#6024,#3413,.T.);
#7558=EDGE_CURVE('',#6025,#6023,#3414,.T.);
#7559=EDGE_CURVE('',#6026,#6025,#3415,.T.);
#7560=EDGE_CURVE('',#6027,#6026,#3416,.T.);
#7561=EDGE_CURVE('',#6028,#6027,#3417,.T.);
#7562=EDGE_CURVE('',#6028,#6024,#3418,.T.);
#7563=EDGE_CURVE('',#6024,#6021,#3419,.T.);
#7564=EDGE_CURVE('',#6022,#6028,#3420,.T.);
#7565=EDGE_CURVE('',#6029,#6030,#3421,.T.);
#7566=EDGE_CURVE('',#6031,#6029,#3422,.T.);
#7567=EDGE_CURVE('',#6032,#6031,#3423,.T.);
#7568=EDGE_CURVE('',#6032,#6030,#3424,.T.);
#7569=EDGE_CURVE('',#6030,#6033,#3425,.T.);
#7570=EDGE_CURVE('',#6034,#6032,#3426,.T.);
#7571=EDGE_CURVE('',#6034,#6033,#3427,.T.);
#7572=EDGE_CURVE('',#6033,#6023,#3428,.T.);
#7573=EDGE_CURVE('',#6025,#6034,#3429,.T.);
#7574=EDGE_CURVE('',#6031,#6035,#3430,.T.);
#7575=EDGE_CURVE('',#6035,#6036,#3431,.T.);
#7576=EDGE_CURVE('',#6037,#6036,#3432,.T.);
#7577=EDGE_CURVE('',#6026,#6037,#3433,.T.);
#7578=EDGE_CURVE('',#6038,#6029,#3434,.T.);
#7579=EDGE_CURVE('',#6035,#6038,#3435,.T.);
#7580=EDGE_CURVE('',#6038,#6039,#3436,.T.);
#7581=EDGE_CURVE('',#6036,#6039,#3437,.T.);
#7582=EDGE_CURVE('',#6040,#6037,#3438,.T.);
#7583=EDGE_CURVE('',#6027,#6040,#3439,.T.);
#7584=EDGE_CURVE('',#6039,#6041,#3440,.T.);
#7585=EDGE_CURVE('',#6019,#6042,#3441,.T.);
#7586=EDGE_CURVE('',#6043,#6042,#3442,.T.);
#7587=EDGE_CURVE('',#6044,#6043,#3443,.T.);
#7588=EDGE_CURVE('',#6045,#6044,#3444,.T.);
#7589=EDGE_CURVE('',#6041,#6045,#3445,.T.);
#7590=EDGE_CURVE('',#6046,#6046,#2097,.T.);
#7591=EDGE_CURVE('',#6041,#6047,#3446,.T.);
#7592=EDGE_CURVE('',#6047,#6040,#3447,.T.);
#7593=EDGE_CURVE('',#6048,#6047,#3448,.T.);
#7594=EDGE_CURVE('',#6049,#6048,#3449,.T.);
#7595=EDGE_CURVE('',#6050,#6049,#3450,.T.);
#7596=EDGE_CURVE('',#6051,#6050,#3451,.T.);
#7597=EDGE_CURVE('',#6020,#6051,#3452,.T.);
#7598=EDGE_CURVE('',#6052,#6052,#2098,.T.);
#7599=EDGE_CURVE('',#6052,#6046,#3453,.T.);
#7600=EDGE_CURVE('',#6051,#6042,#3454,.T.);
#7601=EDGE_CURVE('',#6050,#6043,#3455,.T.);
#7602=EDGE_CURVE('',#6049,#6044,#3456,.T.);
#7603=EDGE_CURVE('',#6048,#6045,#3457,.T.);
#7604=EDGE_CURVE('',#6053,#6053,#2099,.T.);
#7605=EDGE_CURVE('',#6053,#6054,#3458,.T.);
#7606=EDGE_CURVE('',#6054,#6054,#2100,.T.);
#7607=EDGE_CURVE('',#6055,#6056,#3459,.T.);
#7608=EDGE_CURVE('',#6057,#6055,#3460,.T.);
#7609=EDGE_CURVE('',#6058,#6057,#2101,.T.);
#7610=EDGE_CURVE('',#6059,#6058,#3461,.T.);
#7611=EDGE_CURVE('',#6060,#6059,#3462,.T.);
#7612=EDGE_CURVE('',#6061,#6060,#3463,.T.);
#7613=EDGE_CURVE('',#6062,#6061,#3464,.T.);
#7614=EDGE_CURVE('',#6056,#6062,#3465,.T.);
#7615=EDGE_CURVE('',#6063,#6064,#3466,.T.);
#7616=EDGE_CURVE('',#6065,#6063,#3467,.T.);
#7617=EDGE_CURVE('',#6066,#6065,#3468,.T.);
#7618=EDGE_CURVE('',#6067,#6066,#3469,.T.);
#7619=EDGE_CURVE('',#6068,#6067,#3470,.T.);
#7620=EDGE_CURVE('',#6068,#6069,#3471,.T.);
#7621=EDGE_CURVE('',#6070,#6069,#2102,.T.);
#7622=EDGE_CURVE('',#6070,#6064,#3472,.T.);
#7623=EDGE_CURVE('',#6066,#6061,#3473,.T.);
#7624=EDGE_CURVE('',#6065,#6062,#3474,.T.);
#7625=EDGE_CURVE('',#6067,#6060,#3475,.T.);
#7626=EDGE_CURVE('',#6068,#6059,#3476,.T.);
#7627=EDGE_CURVE('',#6063,#6056,#3477,.T.);
#7628=EDGE_CURVE('',#6064,#6055,#3478,.T.);
#7629=EDGE_CURVE('',#6069,#6058,#3479,.T.);
#7630=EDGE_CURVE('',#6070,#6057,#3480,.T.);
#7631=EDGE_CURVE('',#6071,#6072,#3481,.T.);
#7632=EDGE_CURVE('',#6073,#6072,#3482,.T.);
#7633=EDGE_CURVE('',#6073,#6074,#3483,.T.);
#7634=EDGE_CURVE('',#6074,#6071,#3484,.T.);
#7635=EDGE_CURVE('',#6075,#6071,#3485,.T.);
#7636=EDGE_CURVE('',#6074,#6076,#3486,.T.);
#7637=EDGE_CURVE('',#6075,#6076,#3487,.T.);
#7638=EDGE_CURVE('',#6077,#6076,#3488,.T.);
#7639=EDGE_CURVE('',#6077,#6078,#3489,.T.);
#7640=EDGE_CURVE('',#6075,#6078,#3490,.T.);
#7641=EDGE_CURVE('',#6079,#6080,#3491,.T.);
#7642=EDGE_CURVE('',#6081,#6079,#3492,.T.);
#7643=EDGE_CURVE('',#6082,#6081,#3493,.T.);
#7644=EDGE_CURVE('',#6083,#6082,#3494,.T.);
#7645=EDGE_CURVE('',#6084,#6083,#3495,.T.);
#7646=EDGE_CURVE('',#6084,#6085,#3496,.T.);
#7647=EDGE_CURVE('',#6086,#6085,#3497,.T.);
#7648=EDGE_CURVE('',#6080,#6086,#3498,.T.);
#7649=EDGE_CURVE('',#6085,#6087,#3499,.T.);
#7650=EDGE_CURVE('',#6088,#6084,#3500,.T.);
#7651=EDGE_CURVE('',#6087,#6088,#3501,.T.);
#7652=EDGE_CURVE('',#6089,#6090,#3502,.T.);
#7653=EDGE_CURVE('',#6091,#6089,#3503,.T.);
#7654=EDGE_CURVE('',#6092,#6091,#3504,.T.);
#7655=EDGE_CURVE('',#6092,#6090,#3505,.T.);
#7656=EDGE_CURVE('',#6090,#6093,#3506,.T.);
#7657=EDGE_CURVE('',#6094,#6092,#3507,.T.);
#7658=EDGE_CURVE('',#6094,#6093,#3508,.T.);
#7659=EDGE_CURVE('',#6093,#6079,#3509,.T.);
#7660=EDGE_CURVE('',#6081,#6094,#3510,.T.);
#7661=EDGE_CURVE('',#6086,#6095,#3511,.T.);
#7662=EDGE_CURVE('',#6096,#6095,#3512,.T.);
#7663=EDGE_CURVE('',#6080,#6096,#3513,.T.);
#7664=EDGE_CURVE('',#6097,#6098,#2103,.T.);
#7665=EDGE_CURVE('',#6098,#6099,#3514,.T.);
#7666=EDGE_CURVE('',#6095,#6099,#3515,.T.);
#7667=EDGE_CURVE('',#6087,#6072,#3516,.T.);
#7668=EDGE_CURVE('',#6078,#6097,#3517,.T.);
#7669=EDGE_CURVE('',#6100,#6091,#3518,.T.);
#7670=EDGE_CURVE('',#6100,#6101,#3519,.T.);
#7671=EDGE_CURVE('',#6102,#6101,#3520,.T.);
#7672=EDGE_CURVE('',#6082,#6102,#3521,.T.);
#7673=EDGE_CURVE('',#6103,#6089,#3522,.T.);
#7674=EDGE_CURVE('',#6104,#6103,#3523,.T.);
#7675=EDGE_CURVE('',#6104,#6105,#3524,.T.);
#7676=EDGE_CURVE('',#6105,#6100,#3525,.T.);
#7677=EDGE_CURVE('',#6073,#6088,#3526,.T.);
#7678=EDGE_CURVE('',#6106,#6107,#2104,.T.);
#7679=EDGE_CURVE('',#6077,#6107,#3527,.T.);
#7680=EDGE_CURVE('',#6083,#6108,#3528,.T.);
#7681=EDGE_CURVE('',#6109,#6108,#3529,.T.);
#7682=EDGE_CURVE('',#6106,#6109,#3530,.T.);
#7683=EDGE_CURVE('',#6110,#6096,#3531,.T.);
#7684=EDGE_CURVE('',#6103,#6110,#3532,.T.);
#7685=EDGE_CURVE('',#6111,#6110,#3533,.T.);
#7686=EDGE_CURVE('',#6104,#6111,#3534,.T.);
#7687=EDGE_CURVE('',#6112,#6111,#3535,.T.);
#7688=EDGE_CURVE('',#6105,#6112,#3536,.T.);
#7689=EDGE_CURVE('',#6101,#6112,#3537,.T.);
#7690=EDGE_CURVE('',#6108,#6102,#3538,.T.);
#7691=EDGE_CURVE('',#6099,#6109,#3539,.T.);
#7692=EDGE_CURVE('',#6098,#6106,#3540,.T.);
#7693=EDGE_CURVE('',#6107,#6097,#3541,.T.);
#7694=EDGE_CURVE('',#6113,#6113,#2105,.T.);
#7695=EDGE_CURVE('',#6113,#6114,#3542,.T.);
#7696=EDGE_CURVE('',#6114,#6114,#2106,.T.);
#7697=EDGE_CURVE('',#6115,#6116,#3543,.T.);
#7698=EDGE_CURVE('',#6117,#6116,#3544,.T.);
#7699=EDGE_CURVE('',#6117,#6118,#3545,.T.);
#7700=EDGE_CURVE('',#6118,#6115,#3546,.T.);
#7701=EDGE_CURVE('',#6119,#6115,#3547,.T.);
#7702=EDGE_CURVE('',#6118,#6120,#3548,.T.);
#7703=EDGE_CURVE('',#6119,#6120,#3549,.T.);
#7704=EDGE_CURVE('',#6121,#6122,#3550,.T.);
#7705=EDGE_CURVE('',#6123,#6121,#3551,.T.);
#7706=EDGE_CURVE('',#6124,#6123,#3552,.T.);
#7707=EDGE_CURVE('',#6124,#6125,#3553,.T.);
#7708=EDGE_CURVE('',#6126,#6125,#3554,.T.);
#7709=EDGE_CURVE('',#6122,#6126,#3555,.T.);
#7710=EDGE_CURVE('',#6125,#6127,#3556,.T.);
#7711=EDGE_CURVE('',#6128,#6124,#3557,.T.);
#7712=EDGE_CURVE('',#6127,#6128,#3558,.T.);
#7713=EDGE_CURVE('',#6129,#6130,#3559,.T.);
#7714=EDGE_CURVE('',#6131,#6129,#3560,.T.);
#7715=EDGE_CURVE('',#6132,#6131,#3561,.T.);
#7716=EDGE_CURVE('',#6132,#6130,#3562,.T.);
#7717=EDGE_CURVE('',#6130,#6133,#3563,.T.);
#7718=EDGE_CURVE('',#6134,#6132,#3564,.T.);
#7719=EDGE_CURVE('',#6134,#6133,#3565,.T.);
#7720=EDGE_CURVE('',#6126,#6135,#3566,.T.);
#7721=EDGE_CURVE('',#6136,#6135,#3567,.T.);
#7722=EDGE_CURVE('',#6122,#6136,#3568,.T.);
#7723=EDGE_CURVE('',#6135,#6137,#3569,.T.);
#7724=EDGE_CURVE('',#6127,#6116,#3570,.T.);
#7725=EDGE_CURVE('',#6119,#6138,#3571,.T.);
#7726=EDGE_CURVE('',#6139,#6138,#3572,.T.);
#7727=EDGE_CURVE('',#6140,#6139,#3573,.T.);
#7728=EDGE_CURVE('',#6141,#6140,#3574,.T.);
#7729=EDGE_CURVE('',#6137,#6141,#3575,.T.);
#7730=EDGE_CURVE('',#6142,#6142,#2107,.T.);
#7731=EDGE_CURVE('',#6117,#6128,#3576,.T.);
#7732=EDGE_CURVE('',#6143,#6129,#3577,.T.);
#7733=EDGE_CURVE('',#6144,#6143,#3578,.T.);
#7734=EDGE_CURVE('',#6131,#6144,#3579,.T.);
#7735=EDGE_CURVE('',#6123,#6134,#3580,.T.);
#7736=EDGE_CURVE('',#6133,#6121,#3581,.T.);
#7737=EDGE_CURVE('',#6143,#6145,#3582,.T.);
#7738=EDGE_CURVE('',#6146,#6145,#3583,.T.);
#7739=EDGE_CURVE('',#6144,#6146,#3584,.T.);
#7740=EDGE_CURVE('',#6145,#6136,#3585,.T.);
#7741=EDGE_CURVE('',#6137,#6147,#3586,.T.);
#7742=EDGE_CURVE('',#6147,#6146,#3587,.T.);
#7743=EDGE_CURVE('',#6120,#6148,#3588,.T.);
#7744=EDGE_CURVE('',#6147,#6149,#3589,.T.);
#7745=EDGE_CURVE('',#6150,#6149,#3590,.T.);
#7746=EDGE_CURVE('',#6151,#6150,#3591,.T.);
#7747=EDGE_CURVE('',#6148,#6151,#3592,.T.);
#7748=EDGE_CURVE('',#6152,#6152,#2108,.T.);
#7749=EDGE_CURVE('',#6152,#6142,#3593,.T.);
#7750=EDGE_CURVE('',#6148,#6138,#3594,.T.);
#7751=EDGE_CURVE('',#6151,#6139,#3595,.T.);
#7752=EDGE_CURVE('',#6150,#6140,#3596,.T.);
#7753=EDGE_CURVE('',#6149,#6141,#3597,.T.);
#7754=ORIENTED_EDGE('',*,*,#6153,.F.);
#7755=ORIENTED_EDGE('',*,*,#6154,.F.);
#7756=ORIENTED_EDGE('',*,*,#6155,.F.);
#7757=ORIENTED_EDGE('',*,*,#6156,.F.);
#7758=ORIENTED_EDGE('',*,*,#6157,.F.);
#7759=ORIENTED_EDGE('',*,*,#6158,.F.);
#7760=ORIENTED_EDGE('',*,*,#6154,.T.);
#7761=ORIENTED_EDGE('',*,*,#6159,.T.);
#7762=ORIENTED_EDGE('',*,*,#6160,.T.);
#7763=ORIENTED_EDGE('',*,*,#6161,.F.);
#7764=ORIENTED_EDGE('',*,*,#6155,.T.);
#7765=ORIENTED_EDGE('',*,*,#6161,.T.);
#7766=ORIENTED_EDGE('',*,*,#6162,.F.);
#7767=ORIENTED_EDGE('',*,*,#6163,.F.);
#7768=ORIENTED_EDGE('',*,*,#6157,.T.);
#7769=ORIENTED_EDGE('',*,*,#6164,.F.);
#7770=ORIENTED_EDGE('',*,*,#6165,.T.);
#7771=ORIENTED_EDGE('',*,*,#6166,.T.);
#7772=ORIENTED_EDGE('',*,*,#6153,.T.);
#7773=ORIENTED_EDGE('',*,*,#6163,.T.);
#7774=ORIENTED_EDGE('',*,*,#6167,.T.);
#7775=ORIENTED_EDGE('',*,*,#6159,.F.);
#7776=ORIENTED_EDGE('',*,*,#6168,.F.);
#7777=ORIENTED_EDGE('',*,*,#6169,.T.);
#7778=ORIENTED_EDGE('',*,*,#6170,.F.);
#7779=ORIENTED_EDGE('',*,*,#6169,.F.);
#7780=ORIENTED_EDGE('',*,*,#6168,.T.);
#7781=ORIENTED_EDGE('',*,*,#6171,.F.);
#7782=ORIENTED_EDGE('',*,*,#6172,.F.);
#7783=ORIENTED_EDGE('',*,*,#6173,.F.);
#7784=ORIENTED_EDGE('',*,*,#6174,.F.);
#7785=ORIENTED_EDGE('',*,*,#6175,.F.);
#7786=ORIENTED_EDGE('',*,*,#6176,.F.);
#7787=ORIENTED_EDGE('',*,*,#6177,.F.);
#7788=ORIENTED_EDGE('',*,*,#6178,.F.);
#7789=ORIENTED_EDGE('',*,*,#6175,.T.);
#7790=ORIENTED_EDGE('',*,*,#6179,.F.);
#7791=ORIENTED_EDGE('',*,*,#6180,.F.);
#7792=ORIENTED_EDGE('',*,*,#6181,.T.);
#7793=ORIENTED_EDGE('',*,*,#6177,.T.);
#7794=ORIENTED_EDGE('',*,*,#6182,.F.);
#7795=ORIENTED_EDGE('',*,*,#6183,.F.);
#7796=ORIENTED_EDGE('',*,*,#6184,.T.);
#7797=ORIENTED_EDGE('',*,*,#6185,.T.);
#7798=ORIENTED_EDGE('',*,*,#6186,.T.);
#7799=ORIENTED_EDGE('',*,*,#6173,.T.);
#7800=ORIENTED_EDGE('',*,*,#6187,.F.);
#7801=ORIENTED_EDGE('',*,*,#6188,.T.);
#7802=ORIENTED_EDGE('',*,*,#6189,.F.);
#7803=ORIENTED_EDGE('',*,*,#6190,.F.);
#7804=ORIENTED_EDGE('',*,*,#6191,.F.);
#7805=ORIENTED_EDGE('',*,*,#6192,.F.);
#7806=ORIENTED_EDGE('',*,*,#6179,.T.);
#7807=ORIENTED_EDGE('',*,*,#6174,.T.);
#7808=ORIENTED_EDGE('',*,*,#6186,.F.);
#7809=ORIENTED_EDGE('',*,*,#6193,.T.);
#7810=ORIENTED_EDGE('',*,*,#6187,.T.);
#7811=ORIENTED_EDGE('',*,*,#6172,.T.);
#7812=ORIENTED_EDGE('',*,*,#6194,.F.);
#7813=ORIENTED_EDGE('',*,*,#6170,.T.);
#7814=ORIENTED_EDGE('',*,*,#6195,.T.);
#7815=ORIENTED_EDGE('',*,*,#6194,.T.);
#7816=ORIENTED_EDGE('',*,*,#6171,.T.);
#7817=ORIENTED_EDGE('',*,*,#6196,.F.);
#7818=ORIENTED_EDGE('',*,*,#6197,.T.);
#7819=ORIENTED_EDGE('',*,*,#6196,.T.);
#7820=ORIENTED_EDGE('',*,*,#6178,.T.);
#7821=ORIENTED_EDGE('',*,*,#6184,.F.);
#7822=ORIENTED_EDGE('',*,*,#6198,.T.);
#7823=ORIENTED_EDGE('',*,*,#6199,.F.);
#7824=ORIENTED_EDGE('',*,*,#6200,.T.);
#7825=ORIENTED_EDGE('',*,*,#6201,.F.);
#7826=ORIENTED_EDGE('',*,*,#6202,.T.);
#7827=ORIENTED_EDGE('',*,*,#6203,.F.);
#7828=ORIENTED_EDGE('',*,*,#6204,.F.);
#7829=ORIENTED_EDGE('',*,*,#6182,.T.);
#7830=ORIENTED_EDGE('',*,*,#6176,.T.);
#7831=ORIENTED_EDGE('',*,*,#6181,.F.);
#7832=ORIENTED_EDGE('',*,*,#6205,.F.);
#7833=ORIENTED_EDGE('',*,*,#6206,.F.);
#7834=ORIENTED_EDGE('',*,*,#6202,.F.);
#7835=ORIENTED_EDGE('',*,*,#6162,.T.);
#7836=ORIENTED_EDGE('',*,*,#6160,.F.);
#7837=ORIENTED_EDGE('',*,*,#6167,.F.);
#7838=ORIENTED_EDGE('',*,*,#6207,.F.);
#7839=ORIENTED_EDGE('',*,*,#6208,.F.);
#7840=ORIENTED_EDGE('',*,*,#6165,.F.);
#7841=ORIENTED_EDGE('',*,*,#6192,.T.);
#7842=ORIENTED_EDGE('',*,*,#6209,.T.);
#7843=ORIENTED_EDGE('',*,*,#6210,.F.);
#7844=ORIENTED_EDGE('',*,*,#6211,.F.);
#7845=ORIENTED_EDGE('',*,*,#6191,.T.);
#7846=ORIENTED_EDGE('',*,*,#6212,.T.);
#7847=ORIENTED_EDGE('',*,*,#6213,.F.);
#7848=ORIENTED_EDGE('',*,*,#6209,.F.);
#7849=ORIENTED_EDGE('',*,*,#6190,.T.);
#7850=ORIENTED_EDGE('',*,*,#6214,.T.);
#7851=ORIENTED_EDGE('',*,*,#6215,.F.);
#7852=ORIENTED_EDGE('',*,*,#6212,.F.);
#7853=ORIENTED_EDGE('',*,*,#6156,.T.);
#7854=ORIENTED_EDGE('',*,*,#6216,.F.);
#7855=ORIENTED_EDGE('',*,*,#6207,.T.);
#7856=ORIENTED_EDGE('',*,*,#6164,.T.);
#7857=ORIENTED_EDGE('',*,*,#6188,.F.);
#7858=ORIENTED_EDGE('',*,*,#6185,.F.);
#7859=ORIENTED_EDGE('',*,*,#6193,.F.);
#7860=ORIENTED_EDGE('',*,*,#6195,.F.);
#7861=ORIENTED_EDGE('',*,*,#6197,.F.);
#7862=ORIENTED_EDGE('',*,*,#6217,.F.);
#7863=ORIENTED_EDGE('',*,*,#6218,.F.);
#7864=ORIENTED_EDGE('',*,*,#6219,.F.);
#7865=ORIENTED_EDGE('',*,*,#6220,.T.);
#7866=ORIENTED_EDGE('',*,*,#6221,.T.);
#7867=ORIENTED_EDGE('',*,*,#6222,.T.);
#7868=ORIENTED_EDGE('',*,*,#6223,.T.);
#7869=ORIENTED_EDGE('',*,*,#6224,.F.);
#7870=ORIENTED_EDGE('',*,*,#6225,.T.);
#7871=ORIENTED_EDGE('',*,*,#6226,.F.);
#7872=ORIENTED_EDGE('',*,*,#6227,.F.);
#7873=ORIENTED_EDGE('',*,*,#6228,.F.);
#7874=ORIENTED_EDGE('',*,*,#6201,.T.);
#7875=ORIENTED_EDGE('',*,*,#6204,.T.);
#7876=ORIENTED_EDGE('',*,*,#6229,.F.);
#7877=ORIENTED_EDGE('',*,*,#6198,.F.);
#7878=ORIENTED_EDGE('',*,*,#6183,.T.);
#7879=ORIENTED_EDGE('',*,*,#6230,.T.);
#7880=ORIENTED_EDGE('',*,*,#6231,.F.);
#7881=ORIENTED_EDGE('',*,*,#6217,.T.);
#7882=ORIENTED_EDGE('',*,*,#6200,.F.);
#7883=ORIENTED_EDGE('',*,*,#6232,.T.);
#7884=ORIENTED_EDGE('',*,*,#6233,.F.);
#7885=ORIENTED_EDGE('',*,*,#6218,.T.);
#7886=ORIENTED_EDGE('',*,*,#6231,.T.);
#7887=ORIENTED_EDGE('',*,*,#6234,.T.);
#7888=ORIENTED_EDGE('',*,*,#6235,.T.);
#7889=ORIENTED_EDGE('',*,*,#6219,.T.);
#7890=ORIENTED_EDGE('',*,*,#6233,.T.);
#7891=ORIENTED_EDGE('',*,*,#6236,.F.);
#7892=ORIENTED_EDGE('',*,*,#6237,.F.);
#7893=ORIENTED_EDGE('',*,*,#6220,.F.);
#7894=ORIENTED_EDGE('',*,*,#6235,.F.);
#7895=ORIENTED_EDGE('',*,*,#6238,.F.);
#7896=ORIENTED_EDGE('',*,*,#6239,.F.);
#7897=ORIENTED_EDGE('',*,*,#6221,.F.);
#7898=ORIENTED_EDGE('',*,*,#6237,.T.);
#7899=ORIENTED_EDGE('',*,*,#6240,.F.);
#7900=ORIENTED_EDGE('',*,*,#6241,.F.);
#7901=ORIENTED_EDGE('',*,*,#6223,.F.);
#7902=ORIENTED_EDGE('',*,*,#6242,.T.);
#7903=ORIENTED_EDGE('',*,*,#6243,.F.);
#7904=ORIENTED_EDGE('',*,*,#6242,.F.);
#7905=ORIENTED_EDGE('',*,*,#6222,.F.);
#7906=ORIENTED_EDGE('',*,*,#6239,.T.);
#7907=ORIENTED_EDGE('',*,*,#6241,.T.);
#7908=ORIENTED_EDGE('',*,*,#6244,.F.);
#7909=ORIENTED_EDGE('',*,*,#6245,.T.);
#7910=ORIENTED_EDGE('',*,*,#6224,.T.);
#7911=ORIENTED_EDGE('',*,*,#6246,.T.);
#7912=ORIENTED_EDGE('',*,*,#6247,.T.);
#7913=ORIENTED_EDGE('',*,*,#6226,.T.);
#7914=ORIENTED_EDGE('',*,*,#6248,.T.);
#7915=ORIENTED_EDGE('',*,*,#6203,.T.);
#7916=ORIENTED_EDGE('',*,*,#6206,.T.);
#7917=ORIENTED_EDGE('',*,*,#6249,.T.);
#7918=ORIENTED_EDGE('',*,*,#6250,.F.);
#7919=ORIENTED_EDGE('',*,*,#6246,.F.);
#7920=ORIENTED_EDGE('',*,*,#6251,.F.);
#7921=ORIENTED_EDGE('',*,*,#6244,.T.);
#7922=ORIENTED_EDGE('',*,*,#6240,.T.);
#7923=ORIENTED_EDGE('',*,*,#6243,.T.);
#7924=ORIENTED_EDGE('',*,*,#6238,.T.);
#7925=ORIENTED_EDGE('',*,*,#6236,.T.);
#7926=ORIENTED_EDGE('',*,*,#6234,.F.);
#7927=ORIENTED_EDGE('',*,*,#6232,.F.);
#7928=ORIENTED_EDGE('',*,*,#6230,.F.);
#7929=ORIENTED_EDGE('',*,*,#6199,.T.);
#7930=ORIENTED_EDGE('',*,*,#6229,.T.);
#7931=ORIENTED_EDGE('',*,*,#6248,.F.);
#7932=ORIENTED_EDGE('',*,*,#6225,.F.);
#7933=ORIENTED_EDGE('',*,*,#6245,.F.);
#7934=ORIENTED_EDGE('',*,*,#6251,.T.);
#7935=ORIENTED_EDGE('',*,*,#6247,.F.);
#7936=ORIENTED_EDGE('',*,*,#6250,.T.);
#7937=ORIENTED_EDGE('',*,*,#6252,.T.);
#7938=ORIENTED_EDGE('',*,*,#6210,.T.);
#7939=ORIENTED_EDGE('',*,*,#6213,.T.);
#7940=ORIENTED_EDGE('',*,*,#6215,.T.);
#7941=ORIENTED_EDGE('',*,*,#6253,.T.);
#7942=ORIENTED_EDGE('',*,*,#6227,.T.);
#7943=ORIENTED_EDGE('',*,*,#6189,.T.);
#7944=ORIENTED_EDGE('',*,*,#6228,.T.);
#7945=ORIENTED_EDGE('',*,*,#6253,.F.);
#7946=ORIENTED_EDGE('',*,*,#6214,.F.);
#7947=ORIENTED_EDGE('',*,*,#6158,.T.);
#7948=ORIENTED_EDGE('',*,*,#6166,.F.);
#7949=ORIENTED_EDGE('',*,*,#6208,.T.);
#7950=ORIENTED_EDGE('',*,*,#6216,.T.);
#7951=ORIENTED_EDGE('',*,*,#6205,.T.);
#7952=ORIENTED_EDGE('',*,*,#6180,.T.);
#7953=ORIENTED_EDGE('',*,*,#6211,.T.);
#7954=ORIENTED_EDGE('',*,*,#6252,.F.);
#7955=ORIENTED_EDGE('',*,*,#6249,.F.);
#7956=ORIENTED_EDGE('',*,*,#6254,.F.);
#7957=ORIENTED_EDGE('',*,*,#6255,.T.);
#7958=ORIENTED_EDGE('',*,*,#6256,.F.);
#7959=ORIENTED_EDGE('',*,*,#6255,.F.);
#7960=ORIENTED_EDGE('',*,*,#6254,.T.);
#7961=ORIENTED_EDGE('',*,*,#6257,.T.);
#7962=ORIENTED_EDGE('',*,*,#6258,.T.);
#7963=ORIENTED_EDGE('',*,*,#6259,.T.);
#7964=ORIENTED_EDGE('',*,*,#6260,.F.);
#7965=ORIENTED_EDGE('',*,*,#6261,.T.);
#7966=ORIENTED_EDGE('',*,*,#6262,.F.);
#7967=ORIENTED_EDGE('',*,*,#6263,.T.);
#7968=ORIENTED_EDGE('',*,*,#6258,.F.);
#7969=ORIENTED_EDGE('',*,*,#6264,.T.);
#7970=ORIENTED_EDGE('',*,*,#6260,.T.);
#7971=ORIENTED_EDGE('',*,*,#6265,.T.);
#7972=ORIENTED_EDGE('',*,*,#6266,.F.);
#7973=ORIENTED_EDGE('',*,*,#6256,.T.);
#7974=ORIENTED_EDGE('',*,*,#6267,.T.);
#7975=ORIENTED_EDGE('',*,*,#6266,.T.);
#7976=ORIENTED_EDGE('',*,*,#6268,.T.);
#7977=ORIENTED_EDGE('',*,*,#6269,.F.);
#7978=ORIENTED_EDGE('',*,*,#6270,.T.);
#7979=ORIENTED_EDGE('',*,*,#6269,.T.);
#7980=ORIENTED_EDGE('',*,*,#6271,.T.);
#7981=ORIENTED_EDGE('',*,*,#6272,.T.);
#7982=ORIENTED_EDGE('',*,*,#6273,.F.);
#7983=ORIENTED_EDGE('',*,*,#6274,.T.);
#7984=ORIENTED_EDGE('',*,*,#6275,.F.);
#7985=ORIENTED_EDGE('',*,*,#6274,.F.);
#7986=ORIENTED_EDGE('',*,*,#6261,.F.);
#7987=ORIENTED_EDGE('',*,*,#6257,.F.);
#7988=ORIENTED_EDGE('',*,*,#6264,.F.);
#7989=ORIENTED_EDGE('',*,*,#6267,.F.);
#7990=ORIENTED_EDGE('',*,*,#6270,.F.);
#7991=ORIENTED_EDGE('',*,*,#6276,.F.);
#7992=ORIENTED_EDGE('',*,*,#6277,.F.);
#7993=ORIENTED_EDGE('',*,*,#6278,.F.);
#7994=ORIENTED_EDGE('',*,*,#6279,.T.);
#7995=ORIENTED_EDGE('',*,*,#6280,.T.);
#7996=ORIENTED_EDGE('',*,*,#6281,.T.);
#7997=ORIENTED_EDGE('',*,*,#6282,.T.);
#7998=ORIENTED_EDGE('',*,*,#6283,.F.);
#7999=ORIENTED_EDGE('',*,*,#6284,.T.);
#8000=ORIENTED_EDGE('',*,*,#6285,.F.);
#8001=ORIENTED_EDGE('',*,*,#6286,.F.);
#8002=ORIENTED_EDGE('',*,*,#6287,.F.);
#8003=ORIENTED_EDGE('',*,*,#6273,.T.);
#8004=ORIENTED_EDGE('',*,*,#6288,.T.);
#8005=ORIENTED_EDGE('',*,*,#6289,.F.);
#8006=ORIENTED_EDGE('',*,*,#6290,.F.);
#8007=ORIENTED_EDGE('',*,*,#6291,.F.);
#8008=ORIENTED_EDGE('',*,*,#6292,.F.);
#8009=ORIENTED_EDGE('',*,*,#6293,.T.);
#8010=ORIENTED_EDGE('',*,*,#6294,.T.);
#8011=ORIENTED_EDGE('',*,*,#6295,.T.);
#8012=ORIENTED_EDGE('',*,*,#6296,.T.);
#8013=ORIENTED_EDGE('',*,*,#6297,.F.);
#8014=ORIENTED_EDGE('',*,*,#6298,.F.);
#8015=ORIENTED_EDGE('',*,*,#6299,.F.);
#8016=ORIENTED_EDGE('',*,*,#6271,.F.);
#8017=ORIENTED_EDGE('',*,*,#6268,.F.);
#8018=ORIENTED_EDGE('',*,*,#6265,.F.);
#8019=ORIENTED_EDGE('',*,*,#6259,.F.);
#8020=ORIENTED_EDGE('',*,*,#6263,.F.);
#8021=ORIENTED_EDGE('',*,*,#6275,.T.);
#8022=ORIENTED_EDGE('',*,*,#6276,.T.);
#8023=ORIENTED_EDGE('',*,*,#6272,.F.);
#8024=ORIENTED_EDGE('',*,*,#6299,.T.);
#8025=ORIENTED_EDGE('',*,*,#6300,.F.);
#8026=ORIENTED_EDGE('',*,*,#6281,.F.);
#8027=ORIENTED_EDGE('',*,*,#6301,.T.);
#8028=ORIENTED_EDGE('',*,*,#6294,.F.);
#8029=ORIENTED_EDGE('',*,*,#6302,.F.);
#8030=ORIENTED_EDGE('',*,*,#6282,.F.);
#8031=ORIENTED_EDGE('',*,*,#6302,.T.);
#8032=ORIENTED_EDGE('',*,*,#6293,.F.);
#8033=ORIENTED_EDGE('',*,*,#6303,.F.);
#8034=ORIENTED_EDGE('',*,*,#6280,.F.);
#8035=ORIENTED_EDGE('',*,*,#6304,.T.);
#8036=ORIENTED_EDGE('',*,*,#6295,.F.);
#8037=ORIENTED_EDGE('',*,*,#6301,.F.);
#8038=ORIENTED_EDGE('',*,*,#6279,.F.);
#8039=ORIENTED_EDGE('',*,*,#6305,.F.);
#8040=ORIENTED_EDGE('',*,*,#6296,.F.);
#8041=ORIENTED_EDGE('',*,*,#6304,.F.);
#8042=ORIENTED_EDGE('',*,*,#6303,.T.);
#8043=ORIENTED_EDGE('',*,*,#6292,.T.);
#8044=ORIENTED_EDGE('',*,*,#6306,.T.);
#8045=ORIENTED_EDGE('',*,*,#6283,.T.);
#8046=ORIENTED_EDGE('',*,*,#6290,.T.);
#8047=ORIENTED_EDGE('',*,*,#6307,.T.);
#8048=ORIENTED_EDGE('',*,*,#6285,.T.);
#8049=ORIENTED_EDGE('',*,*,#6308,.T.);
#8050=ORIENTED_EDGE('',*,*,#6307,.F.);
#8051=ORIENTED_EDGE('',*,*,#6289,.T.);
#8052=ORIENTED_EDGE('',*,*,#6309,.T.);
#8053=ORIENTED_EDGE('',*,*,#6286,.T.);
#8054=ORIENTED_EDGE('',*,*,#6308,.F.);
#8055=ORIENTED_EDGE('',*,*,#6284,.F.);
#8056=ORIENTED_EDGE('',*,*,#6306,.F.);
#8057=ORIENTED_EDGE('',*,*,#6291,.T.);
#8058=ORIENTED_EDGE('',*,*,#6262,.T.);
#8059=ORIENTED_EDGE('',*,*,#6287,.T.);
#8060=ORIENTED_EDGE('',*,*,#6309,.F.);
#8061=ORIENTED_EDGE('',*,*,#6288,.F.);
#8062=ORIENTED_EDGE('',*,*,#6277,.T.);
#8063=ORIENTED_EDGE('',*,*,#6300,.T.);
#8064=ORIENTED_EDGE('',*,*,#6298,.T.);
#8065=ORIENTED_EDGE('',*,*,#6310,.F.);
#8066=ORIENTED_EDGE('',*,*,#6278,.T.);
#8067=ORIENTED_EDGE('',*,*,#6310,.T.);
#8068=ORIENTED_EDGE('',*,*,#6297,.T.);
#8069=ORIENTED_EDGE('',*,*,#6305,.T.);
#8070=ORIENTED_EDGE('',*,*,#6311,.F.);
#8071=ORIENTED_EDGE('',*,*,#6312,.T.);
#8072=ORIENTED_EDGE('',*,*,#6313,.F.);
#8073=ORIENTED_EDGE('',*,*,#6312,.F.);
#8074=ORIENTED_EDGE('',*,*,#6311,.T.);
#8075=ORIENTED_EDGE('',*,*,#6314,.T.);
#8076=ORIENTED_EDGE('',*,*,#6315,.T.);
#8077=ORIENTED_EDGE('',*,*,#6316,.F.);
#8078=ORIENTED_EDGE('',*,*,#6317,.F.);
#8079=ORIENTED_EDGE('',*,*,#6318,.F.);
#8080=ORIENTED_EDGE('',*,*,#6319,.F.);
#8081=ORIENTED_EDGE('',*,*,#6320,.F.);
#8082=ORIENTED_EDGE('',*,*,#6321,.T.);
#8083=ORIENTED_EDGE('',*,*,#6322,.F.);
#8084=ORIENTED_EDGE('',*,*,#6323,.T.);
#8085=ORIENTED_EDGE('',*,*,#6316,.T.);
#8086=ORIENTED_EDGE('',*,*,#6324,.T.);
#8087=ORIENTED_EDGE('',*,*,#6325,.T.);
#8088=ORIENTED_EDGE('',*,*,#6322,.T.);
#8089=ORIENTED_EDGE('',*,*,#6326,.T.);
#8090=ORIENTED_EDGE('',*,*,#6318,.T.);
#8091=ORIENTED_EDGE('',*,*,#6327,.T.);
#8092=ORIENTED_EDGE('',*,*,#6328,.T.);
#8093=ORIENTED_EDGE('',*,*,#6320,.T.);
#8094=ORIENTED_EDGE('',*,*,#6329,.T.);
#8095=ORIENTED_EDGE('',*,*,#6330,.F.);
#8096=ORIENTED_EDGE('',*,*,#6331,.F.);
#8097=ORIENTED_EDGE('',*,*,#6332,.F.);
#8098=ORIENTED_EDGE('',*,*,#6333,.F.);
#8099=ORIENTED_EDGE('',*,*,#6334,.F.);
#8100=ORIENTED_EDGE('',*,*,#6333,.T.);
#8101=ORIENTED_EDGE('',*,*,#6335,.F.);
#8102=ORIENTED_EDGE('',*,*,#6336,.F.);
#8103=ORIENTED_EDGE('',*,*,#6337,.F.);
#8104=ORIENTED_EDGE('',*,*,#6338,.T.);
#8105=ORIENTED_EDGE('',*,*,#6339,.F.);
#8106=ORIENTED_EDGE('',*,*,#6327,.F.);
#8107=ORIENTED_EDGE('',*,*,#6340,.F.);
#8108=ORIENTED_EDGE('',*,*,#6336,.T.);
#8109=ORIENTED_EDGE('',*,*,#6341,.F.);
#8110=ORIENTED_EDGE('',*,*,#6338,.F.);
#8111=ORIENTED_EDGE('',*,*,#6342,.T.);
#8112=ORIENTED_EDGE('',*,*,#6331,.T.);
#8113=ORIENTED_EDGE('',*,*,#6343,.T.);
#8114=ORIENTED_EDGE('',*,*,#6344,.T.);
#8115=ORIENTED_EDGE('',*,*,#6345,.T.);
#8116=ORIENTED_EDGE('',*,*,#6344,.F.);
#8117=ORIENTED_EDGE('',*,*,#6346,.T.);
#8118=ORIENTED_EDGE('',*,*,#6347,.T.);
#8119=ORIENTED_EDGE('',*,*,#6348,.T.);
#8120=ORIENTED_EDGE('',*,*,#6347,.F.);
#8121=ORIENTED_EDGE('',*,*,#6349,.T.);
#8122=ORIENTED_EDGE('',*,*,#6350,.F.);
#8123=ORIENTED_EDGE('',*,*,#6317,.T.);
#8124=ORIENTED_EDGE('',*,*,#6323,.F.);
#8125=ORIENTED_EDGE('',*,*,#6325,.F.);
#8126=ORIENTED_EDGE('',*,*,#6321,.F.);
#8127=ORIENTED_EDGE('',*,*,#6328,.F.);
#8128=ORIENTED_EDGE('',*,*,#6339,.T.);
#8129=ORIENTED_EDGE('',*,*,#6341,.T.);
#8130=ORIENTED_EDGE('',*,*,#6335,.T.);
#8131=ORIENTED_EDGE('',*,*,#6332,.T.);
#8132=ORIENTED_EDGE('',*,*,#6342,.F.);
#8133=ORIENTED_EDGE('',*,*,#6345,.F.);
#8134=ORIENTED_EDGE('',*,*,#6348,.F.);
#8135=ORIENTED_EDGE('',*,*,#6351,.F.);
#8136=ORIENTED_EDGE('',*,*,#6352,.F.);
#8137=ORIENTED_EDGE('',*,*,#6353,.F.);
#8138=ORIENTED_EDGE('',*,*,#6354,.F.);
#8139=ORIENTED_EDGE('',*,*,#6355,.F.);
#8140=ORIENTED_EDGE('',*,*,#6356,.T.);
#8141=ORIENTED_EDGE('',*,*,#6357,.F.);
#8142=ORIENTED_EDGE('',*,*,#6358,.F.);
#8143=ORIENTED_EDGE('',*,*,#6359,.F.);
#8144=ORIENTED_EDGE('',*,*,#6360,.F.);
#8145=ORIENTED_EDGE('',*,*,#6361,.F.);
#8146=ORIENTED_EDGE('',*,*,#6349,.F.);
#8147=ORIENTED_EDGE('',*,*,#6346,.F.);
#8148=ORIENTED_EDGE('',*,*,#6343,.F.);
#8149=ORIENTED_EDGE('',*,*,#6330,.T.);
#8150=ORIENTED_EDGE('',*,*,#6334,.T.);
#8151=ORIENTED_EDGE('',*,*,#6340,.T.);
#8152=ORIENTED_EDGE('',*,*,#6337,.T.);
#8153=ORIENTED_EDGE('',*,*,#6329,.F.);
#8154=ORIENTED_EDGE('',*,*,#6319,.T.);
#8155=ORIENTED_EDGE('',*,*,#6326,.F.);
#8156=ORIENTED_EDGE('',*,*,#6324,.F.);
#8157=ORIENTED_EDGE('',*,*,#6315,.F.);
#8158=ORIENTED_EDGE('',*,*,#6362,.T.);
#8159=ORIENTED_EDGE('',*,*,#6362,.F.);
#8160=ORIENTED_EDGE('',*,*,#6363,.T.);
#8161=ORIENTED_EDGE('',*,*,#6356,.F.);
#8162=ORIENTED_EDGE('',*,*,#6363,.F.);
#8163=ORIENTED_EDGE('',*,*,#6361,.T.);
#8164=ORIENTED_EDGE('',*,*,#6364,.T.);
#8165=ORIENTED_EDGE('',*,*,#6351,.T.);
#8166=ORIENTED_EDGE('',*,*,#6350,.T.);
#8167=ORIENTED_EDGE('',*,*,#6360,.T.);
#8168=ORIENTED_EDGE('',*,*,#6365,.T.);
#8169=ORIENTED_EDGE('',*,*,#6352,.T.);
#8170=ORIENTED_EDGE('',*,*,#6364,.F.);
#8171=ORIENTED_EDGE('',*,*,#6359,.T.);
#8172=ORIENTED_EDGE('',*,*,#6366,.T.);
#8173=ORIENTED_EDGE('',*,*,#6353,.T.);
#8174=ORIENTED_EDGE('',*,*,#6365,.F.);
#8175=ORIENTED_EDGE('',*,*,#6313,.T.);
#8176=ORIENTED_EDGE('',*,*,#6357,.T.);
#8177=ORIENTED_EDGE('',*,*,#6314,.F.);
#8178=ORIENTED_EDGE('',*,*,#6355,.T.);
#8179=ORIENTED_EDGE('',*,*,#6367,.F.);
#8180=ORIENTED_EDGE('',*,*,#6358,.T.);
#8181=ORIENTED_EDGE('',*,*,#6367,.T.);
#8182=ORIENTED_EDGE('',*,*,#6354,.T.);
#8183=ORIENTED_EDGE('',*,*,#6366,.F.);
#8184=ORIENTED_EDGE('',*,*,#6368,.F.);
#8185=ORIENTED_EDGE('',*,*,#6369,.T.);
#8186=ORIENTED_EDGE('',*,*,#6370,.F.);
#8187=ORIENTED_EDGE('',*,*,#6369,.F.);
#8188=ORIENTED_EDGE('',*,*,#6368,.T.);
#8189=ORIENTED_EDGE('',*,*,#6371,.T.);
#8190=ORIENTED_EDGE('',*,*,#6372,.T.);
#8191=ORIENTED_EDGE('',*,*,#6373,.T.);
#8192=ORIENTED_EDGE('',*,*,#6374,.F.);
#8193=ORIENTED_EDGE('',*,*,#6375,.T.);
#8194=ORIENTED_EDGE('',*,*,#6376,.F.);
#8195=ORIENTED_EDGE('',*,*,#6377,.T.);
#8196=ORIENTED_EDGE('',*,*,#6372,.F.);
#8197=ORIENTED_EDGE('',*,*,#6378,.T.);
#8198=ORIENTED_EDGE('',*,*,#6374,.T.);
#8199=ORIENTED_EDGE('',*,*,#6379,.T.);
#8200=ORIENTED_EDGE('',*,*,#6380,.F.);
#8201=ORIENTED_EDGE('',*,*,#6370,.T.);
#8202=ORIENTED_EDGE('',*,*,#6381,.T.);
#8203=ORIENTED_EDGE('',*,*,#6380,.T.);
#8204=ORIENTED_EDGE('',*,*,#6382,.T.);
#8205=ORIENTED_EDGE('',*,*,#6383,.F.);
#8206=ORIENTED_EDGE('',*,*,#6384,.T.);
#8207=ORIENTED_EDGE('',*,*,#6383,.T.);
#8208=ORIENTED_EDGE('',*,*,#6385,.T.);
#8209=ORIENTED_EDGE('',*,*,#6386,.T.);
#8210=ORIENTED_EDGE('',*,*,#6387,.F.);
#8211=ORIENTED_EDGE('',*,*,#6388,.T.);
#8212=ORIENTED_EDGE('',*,*,#6389,.F.);
#8213=ORIENTED_EDGE('',*,*,#6388,.F.);
#8214=ORIENTED_EDGE('',*,*,#6376,.T.);
#8215=ORIENTED_EDGE('',*,*,#6390,.T.);
#8216=ORIENTED_EDGE('',*,*,#6391,.F.);
#8217=ORIENTED_EDGE('',*,*,#6392,.F.);
#8218=ORIENTED_EDGE('',*,*,#6392,.T.);
#8219=ORIENTED_EDGE('',*,*,#6393,.F.);
#8220=ORIENTED_EDGE('',*,*,#6394,.F.);
#8221=ORIENTED_EDGE('',*,*,#6395,.F.);
#8222=ORIENTED_EDGE('',*,*,#6396,.F.);
#8223=ORIENTED_EDGE('',*,*,#6397,.T.);
#8224=ORIENTED_EDGE('',*,*,#6398,.T.);
#8225=ORIENTED_EDGE('',*,*,#6399,.T.);
#8226=ORIENTED_EDGE('',*,*,#6400,.F.);
#8227=ORIENTED_EDGE('',*,*,#6401,.F.);
#8228=ORIENTED_EDGE('',*,*,#6402,.F.);
#8229=ORIENTED_EDGE('',*,*,#6403,.F.);
#8230=ORIENTED_EDGE('',*,*,#6385,.F.);
#8231=ORIENTED_EDGE('',*,*,#6382,.F.);
#8232=ORIENTED_EDGE('',*,*,#6379,.F.);
#8233=ORIENTED_EDGE('',*,*,#6373,.F.);
#8234=ORIENTED_EDGE('',*,*,#6377,.F.);
#8235=ORIENTED_EDGE('',*,*,#6389,.T.);
#8236=ORIENTED_EDGE('',*,*,#6404,.F.);
#8237=ORIENTED_EDGE('',*,*,#6405,.F.);
#8238=ORIENTED_EDGE('',*,*,#6406,.F.);
#8239=ORIENTED_EDGE('',*,*,#6395,.T.);
#8240=ORIENTED_EDGE('',*,*,#6407,.F.);
#8241=ORIENTED_EDGE('',*,*,#6393,.T.);
#8242=ORIENTED_EDGE('',*,*,#6391,.T.);
#8243=ORIENTED_EDGE('',*,*,#6408,.T.);
#8244=ORIENTED_EDGE('',*,*,#6375,.F.);
#8245=ORIENTED_EDGE('',*,*,#6371,.F.);
#8246=ORIENTED_EDGE('',*,*,#6378,.F.);
#8247=ORIENTED_EDGE('',*,*,#6381,.F.);
#8248=ORIENTED_EDGE('',*,*,#6384,.F.);
#8249=ORIENTED_EDGE('',*,*,#6409,.T.);
#8250=ORIENTED_EDGE('',*,*,#6410,.T.);
#8251=ORIENTED_EDGE('',*,*,#6411,.T.);
#8252=ORIENTED_EDGE('',*,*,#6412,.F.);
#8253=ORIENTED_EDGE('',*,*,#6413,.T.);
#8254=ORIENTED_EDGE('',*,*,#6414,.T.);
#8255=ORIENTED_EDGE('',*,*,#6415,.T.);
#8256=ORIENTED_EDGE('',*,*,#6416,.F.);
#8257=ORIENTED_EDGE('',*,*,#6405,.T.);
#8258=ORIENTED_EDGE('',*,*,#6417,.F.);
#8259=ORIENTED_EDGE('',*,*,#6408,.F.);
#8260=ORIENTED_EDGE('',*,*,#6390,.F.);
#8261=ORIENTED_EDGE('',*,*,#6387,.T.);
#8262=ORIENTED_EDGE('',*,*,#6394,.T.);
#8263=ORIENTED_EDGE('',*,*,#6407,.T.);
#8264=ORIENTED_EDGE('',*,*,#6417,.T.);
#8265=ORIENTED_EDGE('',*,*,#6404,.T.);
#8266=ORIENTED_EDGE('',*,*,#6418,.T.);
#8267=ORIENTED_EDGE('',*,*,#6396,.T.);
#8268=ORIENTED_EDGE('',*,*,#6406,.T.);
#8269=ORIENTED_EDGE('',*,*,#6416,.T.);
#8270=ORIENTED_EDGE('',*,*,#6413,.F.);
#8271=ORIENTED_EDGE('',*,*,#6419,.F.);
#8272=ORIENTED_EDGE('',*,*,#6399,.F.);
#8273=ORIENTED_EDGE('',*,*,#6420,.F.);
#8274=ORIENTED_EDGE('',*,*,#6414,.F.);
#8275=ORIENTED_EDGE('',*,*,#6420,.T.);
#8276=ORIENTED_EDGE('',*,*,#6398,.F.);
#8277=ORIENTED_EDGE('',*,*,#6421,.F.);
#8278=ORIENTED_EDGE('',*,*,#6415,.F.);
#8279=ORIENTED_EDGE('',*,*,#6421,.T.);
#8280=ORIENTED_EDGE('',*,*,#6397,.F.);
#8281=ORIENTED_EDGE('',*,*,#6418,.F.);
#8282=ORIENTED_EDGE('',*,*,#6422,.T.);
#8283=ORIENTED_EDGE('',*,*,#6400,.T.);
#8284=ORIENTED_EDGE('',*,*,#6419,.T.);
#8285=ORIENTED_EDGE('',*,*,#6412,.T.);
#8286=ORIENTED_EDGE('',*,*,#6401,.T.);
#8287=ORIENTED_EDGE('',*,*,#6422,.F.);
#8288=ORIENTED_EDGE('',*,*,#6411,.F.);
#8289=ORIENTED_EDGE('',*,*,#6423,.T.);
#8290=ORIENTED_EDGE('',*,*,#6402,.T.);
#8291=ORIENTED_EDGE('',*,*,#6423,.F.);
#8292=ORIENTED_EDGE('',*,*,#6410,.F.);
#8293=ORIENTED_EDGE('',*,*,#6424,.T.);
#8294=ORIENTED_EDGE('',*,*,#6403,.T.);
#8295=ORIENTED_EDGE('',*,*,#6424,.F.);
#8296=ORIENTED_EDGE('',*,*,#6409,.F.);
#8297=ORIENTED_EDGE('',*,*,#6386,.F.);
#8298=ORIENTED_EDGE('',*,*,#6425,.F.);
#8299=ORIENTED_EDGE('',*,*,#6426,.T.);
#8300=ORIENTED_EDGE('',*,*,#6427,.F.);
#8301=ORIENTED_EDGE('',*,*,#6426,.F.);
#8302=ORIENTED_EDGE('',*,*,#6425,.T.);
#8303=ORIENTED_EDGE('',*,*,#6428,.T.);
#8304=ORIENTED_EDGE('',*,*,#6429,.F.);
#8305=ORIENTED_EDGE('',*,*,#6430,.F.);
#8306=ORIENTED_EDGE('',*,*,#6431,.T.);
#8307=ORIENTED_EDGE('',*,*,#6432,.T.);
#8308=ORIENTED_EDGE('',*,*,#6433,.T.);
#8309=ORIENTED_EDGE('',*,*,#6434,.T.);
#8310=ORIENTED_EDGE('',*,*,#6435,.T.);
#8311=ORIENTED_EDGE('',*,*,#6436,.T.);
#8312=ORIENTED_EDGE('',*,*,#6437,.T.);
#8313=ORIENTED_EDGE('',*,*,#6430,.T.);
#8314=ORIENTED_EDGE('',*,*,#6438,.T.);
#8315=ORIENTED_EDGE('',*,*,#6432,.F.);
#8316=ORIENTED_EDGE('',*,*,#6439,.F.);
#8317=ORIENTED_EDGE('',*,*,#6440,.T.);
#8318=ORIENTED_EDGE('',*,*,#6441,.F.);
#8319=ORIENTED_EDGE('',*,*,#6442,.T.);
#8320=ORIENTED_EDGE('',*,*,#6443,.T.);
#8321=ORIENTED_EDGE('',*,*,#6444,.T.);
#8322=ORIENTED_EDGE('',*,*,#6445,.T.);
#8323=ORIENTED_EDGE('',*,*,#6434,.F.);
#8324=ORIENTED_EDGE('',*,*,#6446,.F.);
#8325=ORIENTED_EDGE('',*,*,#6447,.T.);
#8326=ORIENTED_EDGE('',*,*,#6448,.T.);
#8327=ORIENTED_EDGE('',*,*,#6449,.T.);
#8328=ORIENTED_EDGE('',*,*,#6450,.T.);
#8329=ORIENTED_EDGE('',*,*,#6446,.T.);
#8330=ORIENTED_EDGE('',*,*,#6433,.F.);
#8331=ORIENTED_EDGE('',*,*,#6438,.F.);
#8332=ORIENTED_EDGE('',*,*,#6429,.T.);
#8333=ORIENTED_EDGE('',*,*,#6451,.F.);
#8334=ORIENTED_EDGE('',*,*,#6452,.T.);
#8335=ORIENTED_EDGE('',*,*,#6453,.F.);
#8336=ORIENTED_EDGE('',*,*,#6444,.F.);
#8337=ORIENTED_EDGE('',*,*,#6450,.F.);
#8338=ORIENTED_EDGE('',*,*,#6454,.F.);
#8339=ORIENTED_EDGE('',*,*,#6455,.F.);
#8340=ORIENTED_EDGE('',*,*,#6454,.T.);
#8341=ORIENTED_EDGE('',*,*,#6449,.F.);
#8342=ORIENTED_EDGE('',*,*,#6456,.F.);
#8343=ORIENTED_EDGE('',*,*,#6447,.F.);
#8344=ORIENTED_EDGE('',*,*,#6428,.F.);
#8345=ORIENTED_EDGE('',*,*,#6457,.F.);
#8346=ORIENTED_EDGE('',*,*,#6458,.T.);
#8347=ORIENTED_EDGE('',*,*,#6459,.F.);
#8348=ORIENTED_EDGE('',*,*,#6442,.F.);
#8349=ORIENTED_EDGE('',*,*,#6460,.F.);
#8350=ORIENTED_EDGE('',*,*,#6452,.F.);
#8351=ORIENTED_EDGE('',*,*,#6461,.F.);
#8352=ORIENTED_EDGE('',*,*,#6456,.T.);
#8353=ORIENTED_EDGE('',*,*,#6448,.F.);
#8354=ORIENTED_EDGE('',*,*,#6458,.F.);
#8355=ORIENTED_EDGE('',*,*,#6462,.T.);
#8356=ORIENTED_EDGE('',*,*,#6463,.F.);
#8357=ORIENTED_EDGE('',*,*,#6464,.T.);
#8358=ORIENTED_EDGE('',*,*,#6465,.F.);
#8359=ORIENTED_EDGE('',*,*,#6466,.T.);
#8360=ORIENTED_EDGE('',*,*,#6440,.F.);
#8361=ORIENTED_EDGE('',*,*,#6467,.T.);
#8362=ORIENTED_EDGE('',*,*,#6463,.T.);
#8363=ORIENTED_EDGE('',*,*,#6468,.F.);
#8364=ORIENTED_EDGE('',*,*,#6469,.F.);
#8365=ORIENTED_EDGE('',*,*,#6470,.F.);
#8366=ORIENTED_EDGE('',*,*,#6471,.F.);
#8367=ORIENTED_EDGE('',*,*,#6472,.F.);
#8368=ORIENTED_EDGE('',*,*,#6464,.F.);
#8369=ORIENTED_EDGE('',*,*,#6467,.F.);
#8370=ORIENTED_EDGE('',*,*,#6443,.F.);
#8371=ORIENTED_EDGE('',*,*,#6459,.T.);
#8372=ORIENTED_EDGE('',*,*,#6451,.T.);
#8373=ORIENTED_EDGE('',*,*,#6455,.T.);
#8374=ORIENTED_EDGE('',*,*,#6461,.T.);
#8375=ORIENTED_EDGE('',*,*,#6457,.T.);
#8376=ORIENTED_EDGE('',*,*,#6431,.F.);
#8377=ORIENTED_EDGE('',*,*,#6439,.T.);
#8378=ORIENTED_EDGE('',*,*,#6437,.F.);
#8379=ORIENTED_EDGE('',*,*,#6473,.T.);
#8380=ORIENTED_EDGE('',*,*,#6435,.F.);
#8381=ORIENTED_EDGE('',*,*,#6445,.F.);
#8382=ORIENTED_EDGE('',*,*,#6453,.T.);
#8383=ORIENTED_EDGE('',*,*,#6460,.T.);
#8384=ORIENTED_EDGE('',*,*,#6441,.T.);
#8385=ORIENTED_EDGE('',*,*,#6466,.F.);
#8386=ORIENTED_EDGE('',*,*,#6462,.F.);
#8387=ORIENTED_EDGE('',*,*,#6474,.T.);
#8388=ORIENTED_EDGE('',*,*,#6475,.F.);
#8389=ORIENTED_EDGE('',*,*,#6476,.F.);
#8390=ORIENTED_EDGE('',*,*,#6477,.F.);
#8391=ORIENTED_EDGE('',*,*,#6478,.F.);
#8392=ORIENTED_EDGE('',*,*,#6479,.F.);
#8393=ORIENTED_EDGE('',*,*,#6473,.F.);
#8394=ORIENTED_EDGE('',*,*,#6480,.T.);
#8395=ORIENTED_EDGE('',*,*,#6479,.T.);
#8396=ORIENTED_EDGE('',*,*,#6480,.F.);
#8397=ORIENTED_EDGE('',*,*,#6474,.F.);
#8398=ORIENTED_EDGE('',*,*,#6465,.T.);
#8399=ORIENTED_EDGE('',*,*,#6472,.T.);
#8400=ORIENTED_EDGE('',*,*,#6481,.T.);
#8401=ORIENTED_EDGE('',*,*,#6475,.T.);
#8402=ORIENTED_EDGE('',*,*,#6481,.F.);
#8403=ORIENTED_EDGE('',*,*,#6471,.T.);
#8404=ORIENTED_EDGE('',*,*,#6482,.T.);
#8405=ORIENTED_EDGE('',*,*,#6476,.T.);
#8406=ORIENTED_EDGE('',*,*,#6482,.F.);
#8407=ORIENTED_EDGE('',*,*,#6470,.T.);
#8408=ORIENTED_EDGE('',*,*,#6483,.T.);
#8409=ORIENTED_EDGE('',*,*,#6427,.T.);
#8410=ORIENTED_EDGE('',*,*,#6478,.T.);
#8411=ORIENTED_EDGE('',*,*,#6484,.F.);
#8412=ORIENTED_EDGE('',*,*,#6468,.T.);
#8413=ORIENTED_EDGE('',*,*,#6436,.F.);
#8414=ORIENTED_EDGE('',*,*,#6477,.T.);
#8415=ORIENTED_EDGE('',*,*,#6483,.F.);
#8416=ORIENTED_EDGE('',*,*,#6469,.T.);
#8417=ORIENTED_EDGE('',*,*,#6484,.T.);
#8418=ORIENTED_EDGE('',*,*,#6485,.F.);
#8419=ORIENTED_EDGE('',*,*,#6486,.T.);
#8420=ORIENTED_EDGE('',*,*,#6487,.F.);
#8421=ORIENTED_EDGE('',*,*,#6486,.F.);
#8422=ORIENTED_EDGE('',*,*,#6485,.T.);
#8423=ORIENTED_EDGE('',*,*,#6488,.T.);
#8424=ORIENTED_EDGE('',*,*,#6489,.F.);
#8425=ORIENTED_EDGE('',*,*,#6490,.T.);
#8426=ORIENTED_EDGE('',*,*,#6491,.T.);
#8427=ORIENTED_EDGE('',*,*,#6492,.T.);
#8428=ORIENTED_EDGE('',*,*,#6491,.F.);
#8429=ORIENTED_EDGE('',*,*,#6493,.T.);
#8430=ORIENTED_EDGE('',*,*,#6494,.F.);
#8431=ORIENTED_EDGE('',*,*,#6495,.T.);
#8432=ORIENTED_EDGE('',*,*,#6496,.F.);
#8433=ORIENTED_EDGE('',*,*,#6497,.T.);
#8434=ORIENTED_EDGE('',*,*,#6489,.T.);
#8435=ORIENTED_EDGE('',*,*,#6487,.T.);
#8436=ORIENTED_EDGE('',*,*,#6498,.T.);
#8437=ORIENTED_EDGE('',*,*,#6499,.F.);
#8438=ORIENTED_EDGE('',*,*,#6500,.T.);
#8439=ORIENTED_EDGE('',*,*,#6496,.T.);
#8440=ORIENTED_EDGE('',*,*,#6501,.T.);
#8441=ORIENTED_EDGE('',*,*,#6502,.T.);
#8442=ORIENTED_EDGE('',*,*,#6503,.T.);
#8443=ORIENTED_EDGE('',*,*,#6499,.T.);
#8444=ORIENTED_EDGE('',*,*,#6504,.F.);
#8445=ORIENTED_EDGE('',*,*,#6505,.T.);
#8446=ORIENTED_EDGE('',*,*,#6506,.T.);
#8447=ORIENTED_EDGE('',*,*,#6505,.F.);
#8448=ORIENTED_EDGE('',*,*,#6494,.T.);
#8449=ORIENTED_EDGE('',*,*,#6507,.T.);
#8450=ORIENTED_EDGE('',*,*,#6508,.F.);
#8451=ORIENTED_EDGE('',*,*,#6509,.F.);
#8452=ORIENTED_EDGE('',*,*,#6493,.F.);
#8453=ORIENTED_EDGE('',*,*,#6490,.F.);
#8454=ORIENTED_EDGE('',*,*,#6497,.F.);
#8455=ORIENTED_EDGE('',*,*,#6500,.F.);
#8456=ORIENTED_EDGE('',*,*,#6503,.F.);
#8457=ORIENTED_EDGE('',*,*,#6510,.F.);
#8458=ORIENTED_EDGE('',*,*,#6511,.F.);
#8459=ORIENTED_EDGE('',*,*,#6512,.F.);
#8460=ORIENTED_EDGE('',*,*,#6513,.T.);
#8461=ORIENTED_EDGE('',*,*,#6514,.T.);
#8462=ORIENTED_EDGE('',*,*,#6515,.T.);
#8463=ORIENTED_EDGE('',*,*,#6516,.T.);
#8464=ORIENTED_EDGE('',*,*,#6517,.F.);
#8465=ORIENTED_EDGE('',*,*,#6518,.T.);
#8466=ORIENTED_EDGE('',*,*,#6519,.F.);
#8467=ORIENTED_EDGE('',*,*,#6520,.F.);
#8468=ORIENTED_EDGE('',*,*,#6507,.F.);
#8469=ORIENTED_EDGE('',*,*,#6504,.T.);
#8470=ORIENTED_EDGE('',*,*,#6521,.F.);
#8471=ORIENTED_EDGE('',*,*,#6518,.F.);
#8472=ORIENTED_EDGE('',*,*,#6522,.F.);
#8473=ORIENTED_EDGE('',*,*,#6523,.T.);
#8474=ORIENTED_EDGE('',*,*,#6509,.T.);
#8475=ORIENTED_EDGE('',*,*,#6524,.F.);
#8476=ORIENTED_EDGE('',*,*,#6525,.F.);
#8477=ORIENTED_EDGE('',*,*,#6523,.F.);
#8478=ORIENTED_EDGE('',*,*,#6526,.F.);
#8479=ORIENTED_EDGE('',*,*,#6527,.T.);
#8480=ORIENTED_EDGE('',*,*,#6528,.T.);
#8481=ORIENTED_EDGE('',*,*,#6529,.T.);
#8482=ORIENTED_EDGE('',*,*,#6530,.T.);
#8483=ORIENTED_EDGE('',*,*,#6531,.F.);
#8484=ORIENTED_EDGE('',*,*,#6532,.F.);
#8485=ORIENTED_EDGE('',*,*,#6533,.F.);
#8486=ORIENTED_EDGE('',*,*,#6501,.F.);
#8487=ORIENTED_EDGE('',*,*,#6498,.F.);
#8488=ORIENTED_EDGE('',*,*,#6495,.F.);
#8489=ORIENTED_EDGE('',*,*,#6488,.F.);
#8490=ORIENTED_EDGE('',*,*,#6492,.F.);
#8491=ORIENTED_EDGE('',*,*,#6506,.F.);
#8492=ORIENTED_EDGE('',*,*,#6534,.F.);
#8493=ORIENTED_EDGE('',*,*,#6524,.T.);
#8494=ORIENTED_EDGE('',*,*,#6508,.T.);
#8495=ORIENTED_EDGE('',*,*,#6520,.T.);
#8496=ORIENTED_EDGE('',*,*,#6525,.T.);
#8497=ORIENTED_EDGE('',*,*,#6534,.T.);
#8498=ORIENTED_EDGE('',*,*,#6519,.T.);
#8499=ORIENTED_EDGE('',*,*,#6521,.T.);
#8500=ORIENTED_EDGE('',*,*,#6535,.T.);
#8501=ORIENTED_EDGE('',*,*,#6526,.T.);
#8502=ORIENTED_EDGE('',*,*,#6522,.T.);
#8503=ORIENTED_EDGE('',*,*,#6517,.T.);
#8504=ORIENTED_EDGE('',*,*,#6513,.F.);
#8505=ORIENTED_EDGE('',*,*,#6536,.F.);
#8506=ORIENTED_EDGE('',*,*,#6530,.F.);
#8507=ORIENTED_EDGE('',*,*,#6537,.F.);
#8508=ORIENTED_EDGE('',*,*,#6514,.F.);
#8509=ORIENTED_EDGE('',*,*,#6537,.T.);
#8510=ORIENTED_EDGE('',*,*,#6529,.F.);
#8511=ORIENTED_EDGE('',*,*,#6538,.F.);
#8512=ORIENTED_EDGE('',*,*,#6516,.F.);
#8513=ORIENTED_EDGE('',*,*,#6539,.T.);
#8514=ORIENTED_EDGE('',*,*,#6527,.F.);
#8515=ORIENTED_EDGE('',*,*,#6535,.F.);
#8516=ORIENTED_EDGE('',*,*,#6515,.F.);
#8517=ORIENTED_EDGE('',*,*,#6538,.T.);
#8518=ORIENTED_EDGE('',*,*,#6528,.F.);
#8519=ORIENTED_EDGE('',*,*,#6539,.F.);
#8520=ORIENTED_EDGE('',*,*,#6512,.T.);
#8521=ORIENTED_EDGE('',*,*,#6540,.T.);
#8522=ORIENTED_EDGE('',*,*,#6531,.T.);
#8523=ORIENTED_EDGE('',*,*,#6536,.T.);
#8524=ORIENTED_EDGE('',*,*,#6511,.T.);
#8525=ORIENTED_EDGE('',*,*,#6541,.T.);
#8526=ORIENTED_EDGE('',*,*,#6532,.T.);
#8527=ORIENTED_EDGE('',*,*,#6540,.F.);
#8528=ORIENTED_EDGE('',*,*,#6510,.T.);
#8529=ORIENTED_EDGE('',*,*,#6502,.F.);
#8530=ORIENTED_EDGE('',*,*,#6533,.T.);
#8531=ORIENTED_EDGE('',*,*,#6541,.F.);
#8532=ORIENTED_EDGE('',*,*,#6542,.F.);
#8533=ORIENTED_EDGE('',*,*,#6543,.T.);
#8534=ORIENTED_EDGE('',*,*,#6544,.F.);
#8535=ORIENTED_EDGE('',*,*,#6543,.F.);
#8536=ORIENTED_EDGE('',*,*,#6542,.T.);
#8537=ORIENTED_EDGE('',*,*,#6545,.T.);
#8538=ORIENTED_EDGE('',*,*,#6546,.F.);
#8539=ORIENTED_EDGE('',*,*,#6547,.T.);
#8540=ORIENTED_EDGE('',*,*,#6548,.F.);
#8541=ORIENTED_EDGE('',*,*,#6549,.T.);
#8542=ORIENTED_EDGE('',*,*,#6550,.T.);
#8543=ORIENTED_EDGE('',*,*,#6551,.T.);
#8544=ORIENTED_EDGE('',*,*,#6552,.T.);
#8545=ORIENTED_EDGE('',*,*,#6553,.T.);
#8546=ORIENTED_EDGE('',*,*,#6554,.T.);
#8547=ORIENTED_EDGE('',*,*,#6547,.F.);
#8548=ORIENTED_EDGE('',*,*,#6555,.T.);
#8549=ORIENTED_EDGE('',*,*,#6550,.F.);
#8550=ORIENTED_EDGE('',*,*,#6556,.F.);
#8551=ORIENTED_EDGE('',*,*,#6557,.T.);
#8552=ORIENTED_EDGE('',*,*,#6558,.T.);
#8553=ORIENTED_EDGE('',*,*,#6551,.F.);
#8554=ORIENTED_EDGE('',*,*,#6555,.F.);
#8555=ORIENTED_EDGE('',*,*,#6546,.T.);
#8556=ORIENTED_EDGE('',*,*,#6559,.T.);
#8557=ORIENTED_EDGE('',*,*,#6560,.T.);
#8558=ORIENTED_EDGE('',*,*,#6561,.T.);
#8559=ORIENTED_EDGE('',*,*,#6562,.T.);
#8560=ORIENTED_EDGE('',*,*,#6563,.F.);
#8561=ORIENTED_EDGE('',*,*,#6564,.T.);
#8562=ORIENTED_EDGE('',*,*,#6565,.F.);
#8563=ORIENTED_EDGE('',*,*,#6566,.T.);
#8564=ORIENTED_EDGE('',*,*,#6567,.T.);
#8565=ORIENTED_EDGE('',*,*,#6552,.F.);
#8566=ORIENTED_EDGE('',*,*,#6558,.F.);
#8567=ORIENTED_EDGE('',*,*,#6561,.F.);
#8568=ORIENTED_EDGE('',*,*,#6568,.F.);
#8569=ORIENTED_EDGE('',*,*,#6569,.F.);
#8570=ORIENTED_EDGE('',*,*,#6570,.T.);
#8571=ORIENTED_EDGE('',*,*,#6560,.F.);
#8572=ORIENTED_EDGE('',*,*,#6571,.F.);
#8573=ORIENTED_EDGE('',*,*,#6572,.F.);
#8574=ORIENTED_EDGE('',*,*,#6568,.T.);
#8575=ORIENTED_EDGE('',*,*,#6559,.F.);
#8576=ORIENTED_EDGE('',*,*,#6545,.F.);
#8577=ORIENTED_EDGE('',*,*,#6573,.F.);
#8578=ORIENTED_EDGE('',*,*,#6571,.T.);
#8579=ORIENTED_EDGE('',*,*,#6574,.F.);
#8580=ORIENTED_EDGE('',*,*,#6575,.F.);
#8581=ORIENTED_EDGE('',*,*,#6576,.F.);
#8582=ORIENTED_EDGE('',*,*,#6564,.F.);
#8583=ORIENTED_EDGE('',*,*,#6557,.F.);
#8584=ORIENTED_EDGE('',*,*,#6570,.F.);
#8585=ORIENTED_EDGE('',*,*,#6577,.F.);
#8586=ORIENTED_EDGE('',*,*,#6575,.T.);
#8587=ORIENTED_EDGE('',*,*,#6578,.F.);
#8588=ORIENTED_EDGE('',*,*,#6566,.F.);
#8589=ORIENTED_EDGE('',*,*,#6579,.T.);
#8590=ORIENTED_EDGE('',*,*,#6580,.F.);
#8591=ORIENTED_EDGE('',*,*,#6581,.T.);
#8592=ORIENTED_EDGE('',*,*,#6582,.F.);
#8593=ORIENTED_EDGE('',*,*,#6583,.T.);
#8594=ORIENTED_EDGE('',*,*,#6562,.F.);
#8595=ORIENTED_EDGE('',*,*,#6584,.T.);
#8596=ORIENTED_EDGE('',*,*,#6580,.T.);
#8597=ORIENTED_EDGE('',*,*,#6585,.F.);
#8598=ORIENTED_EDGE('',*,*,#6586,.F.);
#8599=ORIENTED_EDGE('',*,*,#6587,.F.);
#8600=ORIENTED_EDGE('',*,*,#6588,.F.);
#8601=ORIENTED_EDGE('',*,*,#6589,.T.);
#8602=ORIENTED_EDGE('',*,*,#6581,.F.);
#8603=ORIENTED_EDGE('',*,*,#6584,.F.);
#8604=ORIENTED_EDGE('',*,*,#6565,.T.);
#8605=ORIENTED_EDGE('',*,*,#6576,.T.);
#8606=ORIENTED_EDGE('',*,*,#6577,.T.);
#8607=ORIENTED_EDGE('',*,*,#6569,.T.);
#8608=ORIENTED_EDGE('',*,*,#6572,.T.);
#8609=ORIENTED_EDGE('',*,*,#6573,.T.);
#8610=ORIENTED_EDGE('',*,*,#6548,.T.);
#8611=ORIENTED_EDGE('',*,*,#6556,.T.);
#8612=ORIENTED_EDGE('',*,*,#6549,.F.);
#8613=ORIENTED_EDGE('',*,*,#6590,.T.);
#8614=ORIENTED_EDGE('',*,*,#6553,.F.);
#8615=ORIENTED_EDGE('',*,*,#6567,.F.);
#8616=ORIENTED_EDGE('',*,*,#6578,.T.);
#8617=ORIENTED_EDGE('',*,*,#6574,.T.);
#8618=ORIENTED_EDGE('',*,*,#6563,.T.);
#8619=ORIENTED_EDGE('',*,*,#6583,.F.);
#8620=ORIENTED_EDGE('',*,*,#6579,.F.);
#8621=ORIENTED_EDGE('',*,*,#6591,.T.);
#8622=ORIENTED_EDGE('',*,*,#6592,.F.);
#8623=ORIENTED_EDGE('',*,*,#6593,.F.);
#8624=ORIENTED_EDGE('',*,*,#6594,.F.);
#8625=ORIENTED_EDGE('',*,*,#6595,.F.);
#8626=ORIENTED_EDGE('',*,*,#6596,.F.);
#8627=ORIENTED_EDGE('',*,*,#6590,.F.);
#8628=ORIENTED_EDGE('',*,*,#6597,.T.);
#8629=ORIENTED_EDGE('',*,*,#6596,.T.);
#8630=ORIENTED_EDGE('',*,*,#6597,.F.);
#8631=ORIENTED_EDGE('',*,*,#6589,.F.);
#8632=ORIENTED_EDGE('',*,*,#6598,.T.);
#8633=ORIENTED_EDGE('',*,*,#6591,.F.);
#8634=ORIENTED_EDGE('',*,*,#6582,.T.);
#8635=ORIENTED_EDGE('',*,*,#6588,.T.);
#8636=ORIENTED_EDGE('',*,*,#6599,.T.);
#8637=ORIENTED_EDGE('',*,*,#6592,.T.);
#8638=ORIENTED_EDGE('',*,*,#6598,.F.);
#8639=ORIENTED_EDGE('',*,*,#6587,.T.);
#8640=ORIENTED_EDGE('',*,*,#6600,.T.);
#8641=ORIENTED_EDGE('',*,*,#6593,.T.);
#8642=ORIENTED_EDGE('',*,*,#6599,.F.);
#8643=ORIENTED_EDGE('',*,*,#6544,.T.);
#8644=ORIENTED_EDGE('',*,*,#6585,.T.);
#8645=ORIENTED_EDGE('',*,*,#6554,.F.);
#8646=ORIENTED_EDGE('',*,*,#6595,.T.);
#8647=ORIENTED_EDGE('',*,*,#6601,.F.);
#8648=ORIENTED_EDGE('',*,*,#6586,.T.);
#8649=ORIENTED_EDGE('',*,*,#6601,.T.);
#8650=ORIENTED_EDGE('',*,*,#6594,.T.);
#8651=ORIENTED_EDGE('',*,*,#6600,.F.);
#8652=ORIENTED_EDGE('',*,*,#6602,.F.);
#8653=ORIENTED_EDGE('',*,*,#6603,.T.);
#8654=ORIENTED_EDGE('',*,*,#6604,.F.);
#8655=ORIENTED_EDGE('',*,*,#6603,.F.);
#8656=ORIENTED_EDGE('',*,*,#6602,.T.);
#8657=ORIENTED_EDGE('',*,*,#6605,.T.);
#8658=ORIENTED_EDGE('',*,*,#6606,.F.);
#8659=ORIENTED_EDGE('',*,*,#6607,.T.);
#8660=ORIENTED_EDGE('',*,*,#6608,.T.);
#8661=ORIENTED_EDGE('',*,*,#6609,.T.);
#8662=ORIENTED_EDGE('',*,*,#6608,.F.);
#8663=ORIENTED_EDGE('',*,*,#6610,.T.);
#8664=ORIENTED_EDGE('',*,*,#6611,.F.);
#8665=ORIENTED_EDGE('',*,*,#6612,.T.);
#8666=ORIENTED_EDGE('',*,*,#6613,.F.);
#8667=ORIENTED_EDGE('',*,*,#6614,.T.);
#8668=ORIENTED_EDGE('',*,*,#6606,.T.);
#8669=ORIENTED_EDGE('',*,*,#6604,.T.);
#8670=ORIENTED_EDGE('',*,*,#6615,.T.);
#8671=ORIENTED_EDGE('',*,*,#6616,.F.);
#8672=ORIENTED_EDGE('',*,*,#6617,.T.);
#8673=ORIENTED_EDGE('',*,*,#6613,.T.);
#8674=ORIENTED_EDGE('',*,*,#6618,.F.);
#8675=ORIENTED_EDGE('',*,*,#6619,.T.);
#8676=ORIENTED_EDGE('',*,*,#6620,.T.);
#8677=ORIENTED_EDGE('',*,*,#6616,.T.);
#8678=ORIENTED_EDGE('',*,*,#6621,.F.);
#8679=ORIENTED_EDGE('',*,*,#6622,.T.);
#8680=ORIENTED_EDGE('',*,*,#6623,.T.);
#8681=ORIENTED_EDGE('',*,*,#6622,.F.);
#8682=ORIENTED_EDGE('',*,*,#6624,.F.);
#8683=ORIENTED_EDGE('',*,*,#6625,.F.);
#8684=ORIENTED_EDGE('',*,*,#6626,.T.);
#8685=ORIENTED_EDGE('',*,*,#6627,.T.);
#8686=ORIENTED_EDGE('',*,*,#6628,.T.);
#8687=ORIENTED_EDGE('',*,*,#6629,.F.);
#8688=ORIENTED_EDGE('',*,*,#6630,.F.);
#8689=ORIENTED_EDGE('',*,*,#6618,.T.);
#8690=ORIENTED_EDGE('',*,*,#6615,.F.);
#8691=ORIENTED_EDGE('',*,*,#6612,.F.);
#8692=ORIENTED_EDGE('',*,*,#6605,.F.);
#8693=ORIENTED_EDGE('',*,*,#6609,.F.);
#8694=ORIENTED_EDGE('',*,*,#6623,.F.);
#8695=ORIENTED_EDGE('',*,*,#6610,.F.);
#8696=ORIENTED_EDGE('',*,*,#6607,.F.);
#8697=ORIENTED_EDGE('',*,*,#6614,.F.);
#8698=ORIENTED_EDGE('',*,*,#6617,.F.);
#8699=ORIENTED_EDGE('',*,*,#6620,.F.);
#8700=ORIENTED_EDGE('',*,*,#6631,.F.);
#8701=ORIENTED_EDGE('',*,*,#6632,.F.);
#8702=ORIENTED_EDGE('',*,*,#6633,.T.);
#8703=ORIENTED_EDGE('',*,*,#6634,.T.);
#8704=ORIENTED_EDGE('',*,*,#6635,.T.);
#8705=ORIENTED_EDGE('',*,*,#6636,.T.);
#8706=ORIENTED_EDGE('',*,*,#6637,.F.);
#8707=ORIENTED_EDGE('',*,*,#6621,.T.);
#8708=ORIENTED_EDGE('',*,*,#6632,.T.);
#8709=ORIENTED_EDGE('',*,*,#6638,.T.);
#8710=ORIENTED_EDGE('',*,*,#6629,.T.);
#8711=ORIENTED_EDGE('',*,*,#6639,.F.);
#8712=ORIENTED_EDGE('',*,*,#6631,.T.);
#8713=ORIENTED_EDGE('',*,*,#6619,.F.);
#8714=ORIENTED_EDGE('',*,*,#6630,.T.);
#8715=ORIENTED_EDGE('',*,*,#6638,.F.);
#8716=ORIENTED_EDGE('',*,*,#6640,.F.);
#8717=ORIENTED_EDGE('',*,*,#6641,.F.);
#8718=ORIENTED_EDGE('',*,*,#6642,.F.);
#8719=ORIENTED_EDGE('',*,*,#6643,.F.);
#8720=ORIENTED_EDGE('',*,*,#6635,.F.);
#8721=ORIENTED_EDGE('',*,*,#6644,.T.);
#8722=ORIENTED_EDGE('',*,*,#6626,.F.);
#8723=ORIENTED_EDGE('',*,*,#6645,.F.);
#8724=ORIENTED_EDGE('',*,*,#6627,.F.);
#8725=ORIENTED_EDGE('',*,*,#6644,.F.);
#8726=ORIENTED_EDGE('',*,*,#6634,.F.);
#8727=ORIENTED_EDGE('',*,*,#6646,.F.);
#8728=ORIENTED_EDGE('',*,*,#6647,.F.);
#8729=ORIENTED_EDGE('',*,*,#6648,.F.);
#8730=ORIENTED_EDGE('',*,*,#6649,.F.);
#8731=ORIENTED_EDGE('',*,*,#6650,.T.);
#8732=ORIENTED_EDGE('',*,*,#6651,.F.);
#8733=ORIENTED_EDGE('',*,*,#6650,.F.);
#8734=ORIENTED_EDGE('',*,*,#6652,.F.);
#8735=ORIENTED_EDGE('',*,*,#6653,.T.);
#8736=ORIENTED_EDGE('',*,*,#6654,.F.);
#8737=ORIENTED_EDGE('',*,*,#6653,.F.);
#8738=ORIENTED_EDGE('',*,*,#6655,.F.);
#8739=ORIENTED_EDGE('',*,*,#6641,.T.);
#8740=ORIENTED_EDGE('',*,*,#6645,.T.);
#8741=ORIENTED_EDGE('',*,*,#6625,.T.);
#8742=ORIENTED_EDGE('',*,*,#6656,.F.);
#8743=ORIENTED_EDGE('',*,*,#6657,.F.);
#8744=ORIENTED_EDGE('',*,*,#6642,.T.);
#8745=ORIENTED_EDGE('',*,*,#6655,.T.);
#8746=ORIENTED_EDGE('',*,*,#6652,.T.);
#8747=ORIENTED_EDGE('',*,*,#6649,.T.);
#8748=ORIENTED_EDGE('',*,*,#6658,.F.);
#8749=ORIENTED_EDGE('',*,*,#6659,.T.);
#8750=ORIENTED_EDGE('',*,*,#6660,.F.);
#8751=ORIENTED_EDGE('',*,*,#6661,.F.);
#8752=ORIENTED_EDGE('',*,*,#6648,.T.);
#8753=ORIENTED_EDGE('',*,*,#6662,.T.);
#8754=ORIENTED_EDGE('',*,*,#6663,.T.);
#8755=ORIENTED_EDGE('',*,*,#6658,.T.);
#8756=ORIENTED_EDGE('',*,*,#6639,.T.);
#8757=ORIENTED_EDGE('',*,*,#6628,.F.);
#8758=ORIENTED_EDGE('',*,*,#6646,.T.);
#8759=ORIENTED_EDGE('',*,*,#6633,.F.);
#8760=ORIENTED_EDGE('',*,*,#6663,.F.);
#8761=ORIENTED_EDGE('',*,*,#6664,.T.);
#8762=ORIENTED_EDGE('',*,*,#6665,.F.);
#8763=ORIENTED_EDGE('',*,*,#6659,.F.);
#8764=ORIENTED_EDGE('',*,*,#6643,.T.);
#8765=ORIENTED_EDGE('',*,*,#6661,.T.);
#8766=ORIENTED_EDGE('',*,*,#6666,.F.);
#8767=ORIENTED_EDGE('',*,*,#6636,.F.);
#8768=ORIENTED_EDGE('',*,*,#6640,.T.);
#8769=ORIENTED_EDGE('',*,*,#6657,.T.);
#8770=ORIENTED_EDGE('',*,*,#6667,.F.);
#8771=ORIENTED_EDGE('',*,*,#6664,.F.);
#8772=ORIENTED_EDGE('',*,*,#6662,.F.);
#8773=ORIENTED_EDGE('',*,*,#6647,.T.);
#8774=ORIENTED_EDGE('',*,*,#6651,.T.);
#8775=ORIENTED_EDGE('',*,*,#6654,.T.);
#8776=ORIENTED_EDGE('',*,*,#6667,.T.);
#8777=ORIENTED_EDGE('',*,*,#6656,.T.);
#8778=ORIENTED_EDGE('',*,*,#6624,.T.);
#8779=ORIENTED_EDGE('',*,*,#6611,.T.);
#8780=ORIENTED_EDGE('',*,*,#6637,.T.);
#8781=ORIENTED_EDGE('',*,*,#6666,.T.);
#8782=ORIENTED_EDGE('',*,*,#6660,.T.);
#8783=ORIENTED_EDGE('',*,*,#6665,.T.);
#8784=ORIENTED_EDGE('',*,*,#6668,.F.);
#8785=ORIENTED_EDGE('',*,*,#6669,.T.);
#8786=ORIENTED_EDGE('',*,*,#6670,.F.);
#8787=ORIENTED_EDGE('',*,*,#6669,.F.);
#8788=ORIENTED_EDGE('',*,*,#6668,.T.);
#8789=ORIENTED_EDGE('',*,*,#6671,.T.);
#8790=ORIENTED_EDGE('',*,*,#6672,.T.);
#8791=ORIENTED_EDGE('',*,*,#6673,.T.);
#8792=ORIENTED_EDGE('',*,*,#6674,.T.);
#8793=ORIENTED_EDGE('',*,*,#6675,.T.);
#8794=ORIENTED_EDGE('',*,*,#6676,.T.);
#8795=ORIENTED_EDGE('',*,*,#6677,.T.);
#8796=ORIENTED_EDGE('',*,*,#6678,.T.);
#8797=ORIENTED_EDGE('',*,*,#6672,.F.);
#8798=ORIENTED_EDGE('',*,*,#6679,.F.);
#8799=ORIENTED_EDGE('',*,*,#6680,.F.);
#8800=ORIENTED_EDGE('',*,*,#6681,.T.);
#8801=ORIENTED_EDGE('',*,*,#6674,.F.);
#8802=ORIENTED_EDGE('',*,*,#6682,.F.);
#8803=ORIENTED_EDGE('',*,*,#6683,.T.);
#8804=ORIENTED_EDGE('',*,*,#6684,.T.);
#8805=ORIENTED_EDGE('',*,*,#6685,.T.);
#8806=ORIENTED_EDGE('',*,*,#6686,.F.);
#8807=ORIENTED_EDGE('',*,*,#6687,.T.);
#8808=ORIENTED_EDGE('',*,*,#6688,.T.);
#8809=ORIENTED_EDGE('',*,*,#6680,.T.);
#8810=ORIENTED_EDGE('',*,*,#6689,.T.);
#8811=ORIENTED_EDGE('',*,*,#6690,.T.);
#8812=ORIENTED_EDGE('',*,*,#6691,.T.);
#8813=ORIENTED_EDGE('',*,*,#6692,.T.);
#8814=ORIENTED_EDGE('',*,*,#6693,.T.);
#8815=ORIENTED_EDGE('',*,*,#6689,.F.);
#8816=ORIENTED_EDGE('',*,*,#6682,.T.);
#8817=ORIENTED_EDGE('',*,*,#6673,.F.);
#8818=ORIENTED_EDGE('',*,*,#6678,.F.);
#8819=ORIENTED_EDGE('',*,*,#6694,.F.);
#8820=ORIENTED_EDGE('',*,*,#6695,.F.);
#8821=ORIENTED_EDGE('',*,*,#6691,.F.);
#8822=ORIENTED_EDGE('',*,*,#6696,.T.);
#8823=ORIENTED_EDGE('',*,*,#6697,.F.);
#8824=ORIENTED_EDGE('',*,*,#6698,.F.);
#8825=ORIENTED_EDGE('',*,*,#6692,.F.);
#8826=ORIENTED_EDGE('',*,*,#6695,.T.);
#8827=ORIENTED_EDGE('',*,*,#6699,.F.);
#8828=ORIENTED_EDGE('',*,*,#6687,.F.);
#8829=ORIENTED_EDGE('',*,*,#6693,.F.);
#8830=ORIENTED_EDGE('',*,*,#6698,.T.);
#8831=ORIENTED_EDGE('',*,*,#6700,.F.);
#8832=ORIENTED_EDGE('',*,*,#6701,.F.);
#8833=ORIENTED_EDGE('',*,*,#6702,.F.);
#8834=ORIENTED_EDGE('',*,*,#6685,.F.);
#8835=ORIENTED_EDGE('',*,*,#6703,.F.);
#8836=ORIENTED_EDGE('',*,*,#6696,.F.);
#8837=ORIENTED_EDGE('',*,*,#6690,.F.);
#8838=ORIENTED_EDGE('',*,*,#6677,.F.);
#8839=ORIENTED_EDGE('',*,*,#6704,.F.);
#8840=ORIENTED_EDGE('',*,*,#6701,.T.);
#8841=ORIENTED_EDGE('',*,*,#6705,.T.);
#8842=ORIENTED_EDGE('',*,*,#6706,.F.);
#8843=ORIENTED_EDGE('',*,*,#6707,.T.);
#8844=ORIENTED_EDGE('',*,*,#6708,.F.);
#8845=ORIENTED_EDGE('',*,*,#6709,.T.);
#8846=ORIENTED_EDGE('',*,*,#6683,.F.);
#8847=ORIENTED_EDGE('',*,*,#6710,.T.);
#8848=ORIENTED_EDGE('',*,*,#6706,.T.);
#8849=ORIENTED_EDGE('',*,*,#6711,.F.);
#8850=ORIENTED_EDGE('',*,*,#6712,.F.);
#8851=ORIENTED_EDGE('',*,*,#6713,.F.);
#8852=ORIENTED_EDGE('',*,*,#6714,.F.);
#8853=ORIENTED_EDGE('',*,*,#6715,.T.);
#8854=ORIENTED_EDGE('',*,*,#6707,.F.);
#8855=ORIENTED_EDGE('',*,*,#6710,.F.);
#8856=ORIENTED_EDGE('',*,*,#6686,.T.);
#8857=ORIENTED_EDGE('',*,*,#6702,.T.);
#8858=ORIENTED_EDGE('',*,*,#6704,.T.);
#8859=ORIENTED_EDGE('',*,*,#6679,.T.);
#8860=ORIENTED_EDGE('',*,*,#6671,.F.);
#8861=ORIENTED_EDGE('',*,*,#6716,.T.);
#8862=ORIENTED_EDGE('',*,*,#6675,.F.);
#8863=ORIENTED_EDGE('',*,*,#6681,.F.);
#8864=ORIENTED_EDGE('',*,*,#6688,.F.);
#8865=ORIENTED_EDGE('',*,*,#6699,.T.);
#8866=ORIENTED_EDGE('',*,*,#6697,.T.);
#8867=ORIENTED_EDGE('',*,*,#6694,.T.);
#8868=ORIENTED_EDGE('',*,*,#6703,.T.);
#8869=ORIENTED_EDGE('',*,*,#6700,.T.);
#8870=ORIENTED_EDGE('',*,*,#6684,.F.);
#8871=ORIENTED_EDGE('',*,*,#6709,.F.);
#8872=ORIENTED_EDGE('',*,*,#6705,.F.);
#8873=ORIENTED_EDGE('',*,*,#6717,.F.);
#8874=ORIENTED_EDGE('',*,*,#6718,.F.);
#8875=ORIENTED_EDGE('',*,*,#6719,.F.);
#8876=ORIENTED_EDGE('',*,*,#6720,.F.);
#8877=ORIENTED_EDGE('',*,*,#6721,.F.);
#8878=ORIENTED_EDGE('',*,*,#6722,.F.);
#8879=ORIENTED_EDGE('',*,*,#6716,.F.);
#8880=ORIENTED_EDGE('',*,*,#6723,.T.);
#8881=ORIENTED_EDGE('',*,*,#6722,.T.);
#8882=ORIENTED_EDGE('',*,*,#6723,.F.);
#8883=ORIENTED_EDGE('',*,*,#6715,.F.);
#8884=ORIENTED_EDGE('',*,*,#6724,.T.);
#8885=ORIENTED_EDGE('',*,*,#6717,.T.);
#8886=ORIENTED_EDGE('',*,*,#6708,.T.);
#8887=ORIENTED_EDGE('',*,*,#6714,.T.);
#8888=ORIENTED_EDGE('',*,*,#6725,.T.);
#8889=ORIENTED_EDGE('',*,*,#6718,.T.);
#8890=ORIENTED_EDGE('',*,*,#6724,.F.);
#8891=ORIENTED_EDGE('',*,*,#6713,.T.);
#8892=ORIENTED_EDGE('',*,*,#6726,.T.);
#8893=ORIENTED_EDGE('',*,*,#6719,.T.);
#8894=ORIENTED_EDGE('',*,*,#6725,.F.);
#8895=ORIENTED_EDGE('',*,*,#6670,.T.);
#8896=ORIENTED_EDGE('',*,*,#6711,.T.);
#8897=ORIENTED_EDGE('',*,*,#6676,.F.);
#8898=ORIENTED_EDGE('',*,*,#6721,.T.);
#8899=ORIENTED_EDGE('',*,*,#6727,.F.);
#8900=ORIENTED_EDGE('',*,*,#6712,.T.);
#8901=ORIENTED_EDGE('',*,*,#6727,.T.);
#8902=ORIENTED_EDGE('',*,*,#6720,.T.);
#8903=ORIENTED_EDGE('',*,*,#6726,.F.);
#8904=ORIENTED_EDGE('',*,*,#6728,.F.);
#8905=ORIENTED_EDGE('',*,*,#6729,.T.);
#8906=ORIENTED_EDGE('',*,*,#6730,.F.);
#8907=ORIENTED_EDGE('',*,*,#6729,.F.);
#8908=ORIENTED_EDGE('',*,*,#6728,.T.);
#8909=ORIENTED_EDGE('',*,*,#6731,.T.);
#8910=ORIENTED_EDGE('',*,*,#6732,.F.);
#8911=ORIENTED_EDGE('',*,*,#6733,.T.);
#8912=ORIENTED_EDGE('',*,*,#6734,.T.);
#8913=ORIENTED_EDGE('',*,*,#6735,.T.);
#8914=ORIENTED_EDGE('',*,*,#6734,.F.);
#8915=ORIENTED_EDGE('',*,*,#6736,.T.);
#8916=ORIENTED_EDGE('',*,*,#6737,.F.);
#8917=ORIENTED_EDGE('',*,*,#6738,.T.);
#8918=ORIENTED_EDGE('',*,*,#6739,.F.);
#8919=ORIENTED_EDGE('',*,*,#6740,.T.);
#8920=ORIENTED_EDGE('',*,*,#6732,.T.);
#8921=ORIENTED_EDGE('',*,*,#6730,.T.);
#8922=ORIENTED_EDGE('',*,*,#6741,.T.);
#8923=ORIENTED_EDGE('',*,*,#6742,.F.);
#8924=ORIENTED_EDGE('',*,*,#6743,.T.);
#8925=ORIENTED_EDGE('',*,*,#6739,.T.);
#8926=ORIENTED_EDGE('',*,*,#6744,.T.);
#8927=ORIENTED_EDGE('',*,*,#6745,.T.);
#8928=ORIENTED_EDGE('',*,*,#6746,.T.);
#8929=ORIENTED_EDGE('',*,*,#6742,.T.);
#8930=ORIENTED_EDGE('',*,*,#6747,.F.);
#8931=ORIENTED_EDGE('',*,*,#6748,.T.);
#8932=ORIENTED_EDGE('',*,*,#6749,.T.);
#8933=ORIENTED_EDGE('',*,*,#6748,.F.);
#8934=ORIENTED_EDGE('',*,*,#6737,.T.);
#8935=ORIENTED_EDGE('',*,*,#6750,.T.);
#8936=ORIENTED_EDGE('',*,*,#6751,.F.);
#8937=ORIENTED_EDGE('',*,*,#6752,.F.);
#8938=ORIENTED_EDGE('',*,*,#6736,.F.);
#8939=ORIENTED_EDGE('',*,*,#6733,.F.);
#8940=ORIENTED_EDGE('',*,*,#6740,.F.);
#8941=ORIENTED_EDGE('',*,*,#6743,.F.);
#8942=ORIENTED_EDGE('',*,*,#6746,.F.);
#8943=ORIENTED_EDGE('',*,*,#6753,.F.);
#8944=ORIENTED_EDGE('',*,*,#6754,.F.);
#8945=ORIENTED_EDGE('',*,*,#6755,.F.);
#8946=ORIENTED_EDGE('',*,*,#6756,.T.);
#8947=ORIENTED_EDGE('',*,*,#6757,.T.);
#8948=ORIENTED_EDGE('',*,*,#6758,.T.);
#8949=ORIENTED_EDGE('',*,*,#6759,.T.);
#8950=ORIENTED_EDGE('',*,*,#6760,.F.);
#8951=ORIENTED_EDGE('',*,*,#6761,.T.);
#8952=ORIENTED_EDGE('',*,*,#6762,.F.);
#8953=ORIENTED_EDGE('',*,*,#6763,.F.);
#8954=ORIENTED_EDGE('',*,*,#6750,.F.);
#8955=ORIENTED_EDGE('',*,*,#6747,.T.);
#8956=ORIENTED_EDGE('',*,*,#6764,.F.);
#8957=ORIENTED_EDGE('',*,*,#6761,.F.);
#8958=ORIENTED_EDGE('',*,*,#6765,.F.);
#8959=ORIENTED_EDGE('',*,*,#6766,.T.);
#8960=ORIENTED_EDGE('',*,*,#6752,.T.);
#8961=ORIENTED_EDGE('',*,*,#6767,.F.);
#8962=ORIENTED_EDGE('',*,*,#6768,.F.);
#8963=ORIENTED_EDGE('',*,*,#6766,.F.);
#8964=ORIENTED_EDGE('',*,*,#6769,.F.);
#8965=ORIENTED_EDGE('',*,*,#6770,.T.);
#8966=ORIENTED_EDGE('',*,*,#6771,.T.);
#8967=ORIENTED_EDGE('',*,*,#6772,.T.);
#8968=ORIENTED_EDGE('',*,*,#6773,.T.);
#8969=ORIENTED_EDGE('',*,*,#6774,.F.);
#8970=ORIENTED_EDGE('',*,*,#6775,.F.);
#8971=ORIENTED_EDGE('',*,*,#6776,.F.);
#8972=ORIENTED_EDGE('',*,*,#6744,.F.);
#8973=ORIENTED_EDGE('',*,*,#6741,.F.);
#8974=ORIENTED_EDGE('',*,*,#6738,.F.);
#8975=ORIENTED_EDGE('',*,*,#6731,.F.);
#8976=ORIENTED_EDGE('',*,*,#6735,.F.);
#8977=ORIENTED_EDGE('',*,*,#6749,.F.);
#8978=ORIENTED_EDGE('',*,*,#6777,.F.);
#8979=ORIENTED_EDGE('',*,*,#6767,.T.);
#8980=ORIENTED_EDGE('',*,*,#6751,.T.);
#8981=ORIENTED_EDGE('',*,*,#6763,.T.);
#8982=ORIENTED_EDGE('',*,*,#6768,.T.);
#8983=ORIENTED_EDGE('',*,*,#6777,.T.);
#8984=ORIENTED_EDGE('',*,*,#6762,.T.);
#8985=ORIENTED_EDGE('',*,*,#6764,.T.);
#8986=ORIENTED_EDGE('',*,*,#6778,.T.);
#8987=ORIENTED_EDGE('',*,*,#6769,.T.);
#8988=ORIENTED_EDGE('',*,*,#6765,.T.);
#8989=ORIENTED_EDGE('',*,*,#6760,.T.);
#8990=ORIENTED_EDGE('',*,*,#6756,.F.);
#8991=ORIENTED_EDGE('',*,*,#6779,.F.);
#8992=ORIENTED_EDGE('',*,*,#6773,.F.);
#8993=ORIENTED_EDGE('',*,*,#6780,.F.);
#8994=ORIENTED_EDGE('',*,*,#6757,.F.);
#8995=ORIENTED_EDGE('',*,*,#6780,.T.);
#8996=ORIENTED_EDGE('',*,*,#6772,.F.);
#8997=ORIENTED_EDGE('',*,*,#6781,.F.);
#8998=ORIENTED_EDGE('',*,*,#6759,.F.);
#8999=ORIENTED_EDGE('',*,*,#6782,.T.);
#9000=ORIENTED_EDGE('',*,*,#6770,.F.);
#9001=ORIENTED_EDGE('',*,*,#6778,.F.);
#9002=ORIENTED_EDGE('',*,*,#6758,.F.);
#9003=ORIENTED_EDGE('',*,*,#6781,.T.);
#9004=ORIENTED_EDGE('',*,*,#6771,.F.);
#9005=ORIENTED_EDGE('',*,*,#6782,.F.);
#9006=ORIENTED_EDGE('',*,*,#6755,.T.);
#9007=ORIENTED_EDGE('',*,*,#6783,.T.);
#9008=ORIENTED_EDGE('',*,*,#6774,.T.);
#9009=ORIENTED_EDGE('',*,*,#6779,.T.);
#9010=ORIENTED_EDGE('',*,*,#6754,.T.);
#9011=ORIENTED_EDGE('',*,*,#6784,.T.);
#9012=ORIENTED_EDGE('',*,*,#6775,.T.);
#9013=ORIENTED_EDGE('',*,*,#6783,.F.);
#9014=ORIENTED_EDGE('',*,*,#6753,.T.);
#9015=ORIENTED_EDGE('',*,*,#6745,.F.);
#9016=ORIENTED_EDGE('',*,*,#6776,.T.);
#9017=ORIENTED_EDGE('',*,*,#6784,.F.);
#9018=ORIENTED_EDGE('',*,*,#6785,.F.);
#9019=ORIENTED_EDGE('',*,*,#6786,.T.);
#9020=ORIENTED_EDGE('',*,*,#6787,.F.);
#9021=ORIENTED_EDGE('',*,*,#6786,.F.);
#9022=ORIENTED_EDGE('',*,*,#6785,.T.);
#9023=ORIENTED_EDGE('',*,*,#6788,.T.);
#9024=ORIENTED_EDGE('',*,*,#6789,.T.);
#9025=ORIENTED_EDGE('',*,*,#6790,.T.);
#9026=ORIENTED_EDGE('',*,*,#6791,.T.);
#9027=ORIENTED_EDGE('',*,*,#6792,.T.);
#9028=ORIENTED_EDGE('',*,*,#6793,.T.);
#9029=ORIENTED_EDGE('',*,*,#6794,.T.);
#9030=ORIENTED_EDGE('',*,*,#6795,.T.);
#9031=ORIENTED_EDGE('',*,*,#6796,.T.);
#9032=ORIENTED_EDGE('',*,*,#6797,.T.);
#9033=ORIENTED_EDGE('',*,*,#6789,.F.);
#9034=ORIENTED_EDGE('',*,*,#6798,.F.);
#9035=ORIENTED_EDGE('',*,*,#6799,.F.);
#9036=ORIENTED_EDGE('',*,*,#6800,.T.);
#9037=ORIENTED_EDGE('',*,*,#6791,.F.);
#9038=ORIENTED_EDGE('',*,*,#6801,.F.);
#9039=ORIENTED_EDGE('',*,*,#6802,.T.);
#9040=ORIENTED_EDGE('',*,*,#6803,.T.);
#9041=ORIENTED_EDGE('',*,*,#6792,.F.);
#9042=ORIENTED_EDGE('',*,*,#6800,.F.);
#9043=ORIENTED_EDGE('',*,*,#6804,.T.);
#9044=ORIENTED_EDGE('',*,*,#6805,.T.);
#9045=ORIENTED_EDGE('',*,*,#6806,.T.);
#9046=ORIENTED_EDGE('',*,*,#6807,.T.);
#9047=ORIENTED_EDGE('',*,*,#6808,.T.);
#9048=ORIENTED_EDGE('',*,*,#6809,.F.);
#9049=ORIENTED_EDGE('',*,*,#6810,.T.);
#9050=ORIENTED_EDGE('',*,*,#6811,.F.);
#9051=ORIENTED_EDGE('',*,*,#6812,.T.);
#9052=ORIENTED_EDGE('',*,*,#6804,.F.);
#9053=ORIENTED_EDGE('',*,*,#6799,.T.);
#9054=ORIENTED_EDGE('',*,*,#6813,.F.);
#9055=ORIENTED_EDGE('',*,*,#6814,.T.);
#9056=ORIENTED_EDGE('',*,*,#6815,.T.);
#9057=ORIENTED_EDGE('',*,*,#6816,.T.);
#9058=ORIENTED_EDGE('',*,*,#6817,.T.);
#9059=ORIENTED_EDGE('',*,*,#6813,.T.);
#9060=ORIENTED_EDGE('',*,*,#6801,.T.);
#9061=ORIENTED_EDGE('',*,*,#6790,.F.);
#9062=ORIENTED_EDGE('',*,*,#6797,.F.);
#9063=ORIENTED_EDGE('',*,*,#6818,.T.);
#9064=ORIENTED_EDGE('',*,*,#6819,.T.);
#9065=ORIENTED_EDGE('',*,*,#6793,.F.);
#9066=ORIENTED_EDGE('',*,*,#6803,.F.);
#9067=ORIENTED_EDGE('',*,*,#6807,.F.);
#9068=ORIENTED_EDGE('',*,*,#6820,.F.);
#9069=ORIENTED_EDGE('',*,*,#6815,.F.);
#9070=ORIENTED_EDGE('',*,*,#6821,.T.);
#9071=ORIENTED_EDGE('',*,*,#6806,.F.);
#9072=ORIENTED_EDGE('',*,*,#6822,.F.);
#9073=ORIENTED_EDGE('',*,*,#6816,.F.);
#9074=ORIENTED_EDGE('',*,*,#6820,.T.);
#9075=ORIENTED_EDGE('',*,*,#6805,.F.);
#9076=ORIENTED_EDGE('',*,*,#6812,.F.);
#9077=ORIENTED_EDGE('',*,*,#6817,.F.);
#9078=ORIENTED_EDGE('',*,*,#6822,.T.);
#9079=ORIENTED_EDGE('',*,*,#6823,.F.);
#9080=ORIENTED_EDGE('',*,*,#6824,.F.);
#9081=ORIENTED_EDGE('',*,*,#6825,.F.);
#9082=ORIENTED_EDGE('',*,*,#6810,.F.);
#9083=ORIENTED_EDGE('',*,*,#6802,.F.);
#9084=ORIENTED_EDGE('',*,*,#6821,.F.);
#9085=ORIENTED_EDGE('',*,*,#6814,.F.);
#9086=ORIENTED_EDGE('',*,*,#6796,.F.);
#9087=ORIENTED_EDGE('',*,*,#6826,.F.);
#9088=ORIENTED_EDGE('',*,*,#6824,.T.);
#9089=ORIENTED_EDGE('',*,*,#6827,.F.);
#9090=ORIENTED_EDGE('',*,*,#6818,.F.);
#9091=ORIENTED_EDGE('',*,*,#6828,.T.);
#9092=ORIENTED_EDGE('',*,*,#6829,.F.);
#9093=ORIENTED_EDGE('',*,*,#6830,.T.);
#9094=ORIENTED_EDGE('',*,*,#6831,.F.);
#9095=ORIENTED_EDGE('',*,*,#6832,.T.);
#9096=ORIENTED_EDGE('',*,*,#6831,.T.);
#9097=ORIENTED_EDGE('',*,*,#6833,.T.);
#9098=ORIENTED_EDGE('',*,*,#6808,.F.);
#9099=ORIENTED_EDGE('',*,*,#6834,.F.);
#9100=ORIENTED_EDGE('',*,*,#6835,.F.);
#9101=ORIENTED_EDGE('',*,*,#6836,.F.);
#9102=ORIENTED_EDGE('',*,*,#6837,.F.);
#9103=ORIENTED_EDGE('',*,*,#6838,.T.);
#9104=ORIENTED_EDGE('',*,*,#6828,.F.);
#9105=ORIENTED_EDGE('',*,*,#6832,.F.);
#9106=ORIENTED_EDGE('',*,*,#6811,.T.);
#9107=ORIENTED_EDGE('',*,*,#6825,.T.);
#9108=ORIENTED_EDGE('',*,*,#6826,.T.);
#9109=ORIENTED_EDGE('',*,*,#6798,.T.);
#9110=ORIENTED_EDGE('',*,*,#6788,.F.);
#9111=ORIENTED_EDGE('',*,*,#6839,.T.);
#9112=ORIENTED_EDGE('',*,*,#6794,.F.);
#9113=ORIENTED_EDGE('',*,*,#6819,.F.);
#9114=ORIENTED_EDGE('',*,*,#6827,.T.);
#9115=ORIENTED_EDGE('',*,*,#6823,.T.);
#9116=ORIENTED_EDGE('',*,*,#6809,.T.);
#9117=ORIENTED_EDGE('',*,*,#6833,.F.);
#9118=ORIENTED_EDGE('',*,*,#6830,.F.);
#9119=ORIENTED_EDGE('',*,*,#6840,.T.);
#9120=ORIENTED_EDGE('',*,*,#6841,.F.);
#9121=ORIENTED_EDGE('',*,*,#6842,.F.);
#9122=ORIENTED_EDGE('',*,*,#6843,.F.);
#9123=ORIENTED_EDGE('',*,*,#6844,.F.);
#9124=ORIENTED_EDGE('',*,*,#6845,.F.);
#9125=ORIENTED_EDGE('',*,*,#6839,.F.);
#9126=ORIENTED_EDGE('',*,*,#6846,.T.);
#9127=ORIENTED_EDGE('',*,*,#6845,.T.);
#9128=ORIENTED_EDGE('',*,*,#6846,.F.);
#9129=ORIENTED_EDGE('',*,*,#6840,.F.);
#9130=ORIENTED_EDGE('',*,*,#6829,.T.);
#9131=ORIENTED_EDGE('',*,*,#6838,.F.);
#9132=ORIENTED_EDGE('',*,*,#6847,.T.);
#9133=ORIENTED_EDGE('',*,*,#6841,.T.);
#9134=ORIENTED_EDGE('',*,*,#6847,.F.);
#9135=ORIENTED_EDGE('',*,*,#6837,.T.);
#9136=ORIENTED_EDGE('',*,*,#6848,.T.);
#9137=ORIENTED_EDGE('',*,*,#6842,.T.);
#9138=ORIENTED_EDGE('',*,*,#6848,.F.);
#9139=ORIENTED_EDGE('',*,*,#6836,.T.);
#9140=ORIENTED_EDGE('',*,*,#6849,.T.);
#9141=ORIENTED_EDGE('',*,*,#6787,.T.);
#9142=ORIENTED_EDGE('',*,*,#6844,.T.);
#9143=ORIENTED_EDGE('',*,*,#6850,.F.);
#9144=ORIENTED_EDGE('',*,*,#6834,.T.);
#9145=ORIENTED_EDGE('',*,*,#6795,.F.);
#9146=ORIENTED_EDGE('',*,*,#6843,.T.);
#9147=ORIENTED_EDGE('',*,*,#6849,.F.);
#9148=ORIENTED_EDGE('',*,*,#6835,.T.);
#9149=ORIENTED_EDGE('',*,*,#6850,.T.);
#9150=ORIENTED_EDGE('',*,*,#6851,.F.);
#9151=ORIENTED_EDGE('',*,*,#6852,.T.);
#9152=ORIENTED_EDGE('',*,*,#6853,.F.);
#9153=ORIENTED_EDGE('',*,*,#6852,.F.);
#9154=ORIENTED_EDGE('',*,*,#6851,.T.);
#9155=ORIENTED_EDGE('',*,*,#6854,.T.);
#9156=ORIENTED_EDGE('',*,*,#6855,.F.);
#9157=ORIENTED_EDGE('',*,*,#6856,.T.);
#9158=ORIENTED_EDGE('',*,*,#6857,.T.);
#9159=ORIENTED_EDGE('',*,*,#6858,.T.);
#9160=ORIENTED_EDGE('',*,*,#6857,.F.);
#9161=ORIENTED_EDGE('',*,*,#6859,.T.);
#9162=ORIENTED_EDGE('',*,*,#6860,.F.);
#9163=ORIENTED_EDGE('',*,*,#6861,.T.);
#9164=ORIENTED_EDGE('',*,*,#6862,.F.);
#9165=ORIENTED_EDGE('',*,*,#6863,.T.);
#9166=ORIENTED_EDGE('',*,*,#6855,.T.);
#9167=ORIENTED_EDGE('',*,*,#6853,.T.);
#9168=ORIENTED_EDGE('',*,*,#6864,.T.);
#9169=ORIENTED_EDGE('',*,*,#6865,.F.);
#9170=ORIENTED_EDGE('',*,*,#6866,.T.);
#9171=ORIENTED_EDGE('',*,*,#6862,.T.);
#9172=ORIENTED_EDGE('',*,*,#6867,.T.);
#9173=ORIENTED_EDGE('',*,*,#6868,.T.);
#9174=ORIENTED_EDGE('',*,*,#6869,.T.);
#9175=ORIENTED_EDGE('',*,*,#6865,.T.);
#9176=ORIENTED_EDGE('',*,*,#6870,.F.);
#9177=ORIENTED_EDGE('',*,*,#6871,.T.);
#9178=ORIENTED_EDGE('',*,*,#6872,.F.);
#9179=ORIENTED_EDGE('',*,*,#6871,.F.);
#9180=ORIENTED_EDGE('',*,*,#6859,.F.);
#9181=ORIENTED_EDGE('',*,*,#6856,.F.);
#9182=ORIENTED_EDGE('',*,*,#6863,.F.);
#9183=ORIENTED_EDGE('',*,*,#6866,.F.);
#9184=ORIENTED_EDGE('',*,*,#6869,.F.);
#9185=ORIENTED_EDGE('',*,*,#6873,.F.);
#9186=ORIENTED_EDGE('',*,*,#6874,.F.);
#9187=ORIENTED_EDGE('',*,*,#6875,.F.);
#9188=ORIENTED_EDGE('',*,*,#6876,.T.);
#9189=ORIENTED_EDGE('',*,*,#6877,.T.);
#9190=ORIENTED_EDGE('',*,*,#6878,.T.);
#9191=ORIENTED_EDGE('',*,*,#6879,.T.);
#9192=ORIENTED_EDGE('',*,*,#6880,.F.);
#9193=ORIENTED_EDGE('',*,*,#6881,.T.);
#9194=ORIENTED_EDGE('',*,*,#6882,.F.);
#9195=ORIENTED_EDGE('',*,*,#6883,.F.);
#9196=ORIENTED_EDGE('',*,*,#6884,.F.);
#9197=ORIENTED_EDGE('',*,*,#6870,.T.);
#9198=ORIENTED_EDGE('',*,*,#6885,.T.);
#9199=ORIENTED_EDGE('',*,*,#6886,.F.);
#9200=ORIENTED_EDGE('',*,*,#6887,.F.);
#9201=ORIENTED_EDGE('',*,*,#6888,.F.);
#9202=ORIENTED_EDGE('',*,*,#6889,.F.);
#9203=ORIENTED_EDGE('',*,*,#6890,.T.);
#9204=ORIENTED_EDGE('',*,*,#6891,.T.);
#9205=ORIENTED_EDGE('',*,*,#6892,.T.);
#9206=ORIENTED_EDGE('',*,*,#6893,.T.);
#9207=ORIENTED_EDGE('',*,*,#6894,.F.);
#9208=ORIENTED_EDGE('',*,*,#6895,.F.);
#9209=ORIENTED_EDGE('',*,*,#6896,.F.);
#9210=ORIENTED_EDGE('',*,*,#6867,.F.);
#9211=ORIENTED_EDGE('',*,*,#6864,.F.);
#9212=ORIENTED_EDGE('',*,*,#6861,.F.);
#9213=ORIENTED_EDGE('',*,*,#6854,.F.);
#9214=ORIENTED_EDGE('',*,*,#6858,.F.);
#9215=ORIENTED_EDGE('',*,*,#6872,.T.);
#9216=ORIENTED_EDGE('',*,*,#6896,.T.);
#9217=ORIENTED_EDGE('',*,*,#6897,.F.);
#9218=ORIENTED_EDGE('',*,*,#6873,.T.);
#9219=ORIENTED_EDGE('',*,*,#6868,.F.);
#9220=ORIENTED_EDGE('',*,*,#6895,.T.);
#9221=ORIENTED_EDGE('',*,*,#6898,.F.);
#9222=ORIENTED_EDGE('',*,*,#6874,.T.);
#9223=ORIENTED_EDGE('',*,*,#6897,.T.);
#9224=ORIENTED_EDGE('',*,*,#6894,.T.);
#9225=ORIENTED_EDGE('',*,*,#6899,.T.);
#9226=ORIENTED_EDGE('',*,*,#6875,.T.);
#9227=ORIENTED_EDGE('',*,*,#6898,.T.);
#9228=ORIENTED_EDGE('',*,*,#6878,.F.);
#9229=ORIENTED_EDGE('',*,*,#6900,.T.);
#9230=ORIENTED_EDGE('',*,*,#6891,.F.);
#9231=ORIENTED_EDGE('',*,*,#6901,.F.);
#9232=ORIENTED_EDGE('',*,*,#6879,.F.);
#9233=ORIENTED_EDGE('',*,*,#6901,.T.);
#9234=ORIENTED_EDGE('',*,*,#6890,.F.);
#9235=ORIENTED_EDGE('',*,*,#6902,.F.);
#9236=ORIENTED_EDGE('',*,*,#6877,.F.);
#9237=ORIENTED_EDGE('',*,*,#6903,.T.);
#9238=ORIENTED_EDGE('',*,*,#6892,.F.);
#9239=ORIENTED_EDGE('',*,*,#6900,.F.);
#9240=ORIENTED_EDGE('',*,*,#6876,.F.);
#9241=ORIENTED_EDGE('',*,*,#6899,.F.);
#9242=ORIENTED_EDGE('',*,*,#6893,.F.);
#9243=ORIENTED_EDGE('',*,*,#6903,.F.);
#9244=ORIENTED_EDGE('',*,*,#6902,.T.);
#9245=ORIENTED_EDGE('',*,*,#6889,.T.);
#9246=ORIENTED_EDGE('',*,*,#6904,.T.);
#9247=ORIENTED_EDGE('',*,*,#6880,.T.);
#9248=ORIENTED_EDGE('',*,*,#6887,.T.);
#9249=ORIENTED_EDGE('',*,*,#6905,.T.);
#9250=ORIENTED_EDGE('',*,*,#6882,.T.);
#9251=ORIENTED_EDGE('',*,*,#6906,.T.);
#9252=ORIENTED_EDGE('',*,*,#6905,.F.);
#9253=ORIENTED_EDGE('',*,*,#6886,.T.);
#9254=ORIENTED_EDGE('',*,*,#6907,.T.);
#9255=ORIENTED_EDGE('',*,*,#6883,.T.);
#9256=ORIENTED_EDGE('',*,*,#6906,.F.);
#9257=ORIENTED_EDGE('',*,*,#6881,.F.);
#9258=ORIENTED_EDGE('',*,*,#6904,.F.);
#9259=ORIENTED_EDGE('',*,*,#6888,.T.);
#9260=ORIENTED_EDGE('',*,*,#6860,.T.);
#9261=ORIENTED_EDGE('',*,*,#6884,.T.);
#9262=ORIENTED_EDGE('',*,*,#6907,.F.);
#9263=ORIENTED_EDGE('',*,*,#6885,.F.);
#9264=ORIENTED_EDGE('',*,*,#6908,.F.);
#9265=ORIENTED_EDGE('',*,*,#6909,.T.);
#9266=ORIENTED_EDGE('',*,*,#6910,.F.);
#9267=ORIENTED_EDGE('',*,*,#6909,.F.);
#9268=ORIENTED_EDGE('',*,*,#6908,.T.);
#9269=ORIENTED_EDGE('',*,*,#6911,.T.);
#9270=ORIENTED_EDGE('',*,*,#6912,.T.);
#9271=ORIENTED_EDGE('',*,*,#6913,.T.);
#9272=ORIENTED_EDGE('',*,*,#6914,.F.);
#9273=ORIENTED_EDGE('',*,*,#6915,.T.);
#9274=ORIENTED_EDGE('',*,*,#6916,.T.);
#9275=ORIENTED_EDGE('',*,*,#6917,.T.);
#9276=ORIENTED_EDGE('',*,*,#6918,.F.);
#9277=ORIENTED_EDGE('',*,*,#6919,.T.);
#9278=ORIENTED_EDGE('',*,*,#6920,.T.);
#9279=ORIENTED_EDGE('',*,*,#6921,.T.);
#9280=ORIENTED_EDGE('',*,*,#6916,.F.);
#9281=ORIENTED_EDGE('',*,*,#6922,.T.);
#9282=ORIENTED_EDGE('',*,*,#6923,.T.);
#9283=ORIENTED_EDGE('',*,*,#6924,.T.);
#9284=ORIENTED_EDGE('',*,*,#6920,.F.);
#9285=ORIENTED_EDGE('',*,*,#6910,.T.);
#9286=ORIENTED_EDGE('',*,*,#6925,.T.);
#9287=ORIENTED_EDGE('',*,*,#6926,.T.);
#9288=ORIENTED_EDGE('',*,*,#6927,.T.);
#9289=ORIENTED_EDGE('',*,*,#6928,.F.);
#9290=ORIENTED_EDGE('',*,*,#6929,.T.);
#9291=ORIENTED_EDGE('',*,*,#6928,.T.);
#9292=ORIENTED_EDGE('',*,*,#6930,.T.);
#9293=ORIENTED_EDGE('',*,*,#6923,.F.);
#9294=ORIENTED_EDGE('',*,*,#6931,.T.);
#9295=ORIENTED_EDGE('',*,*,#6918,.T.);
#9296=ORIENTED_EDGE('',*,*,#6932,.T.);
#9297=ORIENTED_EDGE('',*,*,#6912,.F.);
#9298=ORIENTED_EDGE('',*,*,#6933,.T.);
#9299=ORIENTED_EDGE('',*,*,#6914,.T.);
#9300=ORIENTED_EDGE('',*,*,#6934,.T.);
#9301=ORIENTED_EDGE('',*,*,#6926,.F.);
#9302=ORIENTED_EDGE('',*,*,#6927,.F.);
#9303=ORIENTED_EDGE('',*,*,#6934,.F.);
#9304=ORIENTED_EDGE('',*,*,#6913,.F.);
#9305=ORIENTED_EDGE('',*,*,#6932,.F.);
#9306=ORIENTED_EDGE('',*,*,#6917,.F.);
#9307=ORIENTED_EDGE('',*,*,#6921,.F.);
#9308=ORIENTED_EDGE('',*,*,#6924,.F.);
#9309=ORIENTED_EDGE('',*,*,#6930,.F.);
#9310=ORIENTED_EDGE('',*,*,#6919,.F.);
#9311=ORIENTED_EDGE('',*,*,#6915,.F.);
#9312=ORIENTED_EDGE('',*,*,#6931,.F.);
#9313=ORIENTED_EDGE('',*,*,#6911,.F.);
#9314=ORIENTED_EDGE('',*,*,#6933,.F.);
#9315=ORIENTED_EDGE('',*,*,#6925,.F.);
#9316=ORIENTED_EDGE('',*,*,#6929,.F.);
#9317=ORIENTED_EDGE('',*,*,#6922,.F.);
#9318=ORIENTED_EDGE('',*,*,#6935,.F.);
#9319=ORIENTED_EDGE('',*,*,#6936,.F.);
#9320=ORIENTED_EDGE('',*,*,#6937,.F.);
#9321=ORIENTED_EDGE('',*,*,#6938,.F.);
#9322=ORIENTED_EDGE('',*,*,#6936,.T.);
#9323=ORIENTED_EDGE('',*,*,#6939,.T.);
#9324=ORIENTED_EDGE('',*,*,#6940,.F.);
#9325=ORIENTED_EDGE('',*,*,#6941,.F.);
#9326=ORIENTED_EDGE('',*,*,#6942,.F.);
#9327=ORIENTED_EDGE('',*,*,#6943,.T.);
#9328=ORIENTED_EDGE('',*,*,#6944,.T.);
#9329=ORIENTED_EDGE('',*,*,#6945,.T.);
#9330=ORIENTED_EDGE('',*,*,#6946,.T.);
#9331=ORIENTED_EDGE('',*,*,#6947,.T.);
#9332=ORIENTED_EDGE('',*,*,#6948,.F.);
#9333=ORIENTED_EDGE('',*,*,#6949,.F.);
#9334=ORIENTED_EDGE('',*,*,#6950,.F.);
#9335=ORIENTED_EDGE('',*,*,#6951,.F.);
#9336=ORIENTED_EDGE('',*,*,#6952,.T.);
#9337=ORIENTED_EDGE('',*,*,#6935,.T.);
#9338=ORIENTED_EDGE('',*,*,#6953,.T.);
#9339=ORIENTED_EDGE('',*,*,#6954,.F.);
#9340=ORIENTED_EDGE('',*,*,#6939,.F.);
#9341=ORIENTED_EDGE('',*,*,#6955,.T.);
#9342=ORIENTED_EDGE('',*,*,#6956,.T.);
#9343=ORIENTED_EDGE('',*,*,#6949,.T.);
#9344=ORIENTED_EDGE('',*,*,#6957,.F.);
#9345=ORIENTED_EDGE('',*,*,#6958,.T.);
#9346=ORIENTED_EDGE('',*,*,#6959,.F.);
#9347=ORIENTED_EDGE('',*,*,#6950,.T.);
#9348=ORIENTED_EDGE('',*,*,#6956,.F.);
#9349=ORIENTED_EDGE('',*,*,#6957,.T.);
#9350=ORIENTED_EDGE('',*,*,#6948,.T.);
#9351=ORIENTED_EDGE('',*,*,#6960,.T.);
#9352=ORIENTED_EDGE('',*,*,#6961,.F.);
#9353=ORIENTED_EDGE('',*,*,#6946,.F.);
#9354=ORIENTED_EDGE('',*,*,#6962,.F.);
#9355=ORIENTED_EDGE('',*,*,#6963,.F.);
#9356=ORIENTED_EDGE('',*,*,#6964,.F.);
#9357=ORIENTED_EDGE('',*,*,#6965,.F.);
#9358=ORIENTED_EDGE('',*,*,#6966,.T.);
#9359=ORIENTED_EDGE('',*,*,#6947,.F.);
#9360=ORIENTED_EDGE('',*,*,#6966,.F.);
#9361=ORIENTED_EDGE('',*,*,#6967,.F.);
#9362=ORIENTED_EDGE('',*,*,#6960,.F.);
#9363=ORIENTED_EDGE('',*,*,#6943,.F.);
#9364=ORIENTED_EDGE('',*,*,#6968,.F.);
#9365=ORIENTED_EDGE('',*,*,#6969,.F.);
#9366=ORIENTED_EDGE('',*,*,#6970,.T.);
#9367=ORIENTED_EDGE('',*,*,#6944,.F.);
#9368=ORIENTED_EDGE('',*,*,#6970,.F.);
#9369=ORIENTED_EDGE('',*,*,#6971,.F.);
#9370=ORIENTED_EDGE('',*,*,#6972,.T.);
#9371=ORIENTED_EDGE('',*,*,#6945,.F.);
#9372=ORIENTED_EDGE('',*,*,#6972,.F.);
#9373=ORIENTED_EDGE('',*,*,#6973,.F.);
#9374=ORIENTED_EDGE('',*,*,#6962,.T.);
#9375=ORIENTED_EDGE('',*,*,#6963,.T.);
#9376=ORIENTED_EDGE('',*,*,#6973,.T.);
#9377=ORIENTED_EDGE('',*,*,#6971,.T.);
#9378=ORIENTED_EDGE('',*,*,#6969,.T.);
#9379=ORIENTED_EDGE('',*,*,#6974,.F.);
#9380=ORIENTED_EDGE('',*,*,#6975,.T.);
#9381=ORIENTED_EDGE('',*,*,#6976,.F.);
#9382=ORIENTED_EDGE('',*,*,#6977,.F.);
#9383=ORIENTED_EDGE('',*,*,#6968,.T.);
#9384=ORIENTED_EDGE('',*,*,#6942,.T.);
#9385=ORIENTED_EDGE('',*,*,#6978,.T.);
#9386=ORIENTED_EDGE('',*,*,#6974,.T.);
#9387=ORIENTED_EDGE('',*,*,#6959,.T.);
#9388=ORIENTED_EDGE('',*,*,#6979,.F.);
#9389=ORIENTED_EDGE('',*,*,#6980,.T.);
#9390=ORIENTED_EDGE('',*,*,#6951,.T.);
#9391=ORIENTED_EDGE('',*,*,#6938,.T.);
#9392=ORIENTED_EDGE('',*,*,#6981,.F.);
#9393=ORIENTED_EDGE('',*,*,#6979,.T.);
#9394=ORIENTED_EDGE('',*,*,#6958,.F.);
#9395=ORIENTED_EDGE('',*,*,#6955,.F.);
#9396=ORIENTED_EDGE('',*,*,#6961,.T.);
#9397=ORIENTED_EDGE('',*,*,#6967,.T.);
#9398=ORIENTED_EDGE('',*,*,#6965,.T.);
#9399=ORIENTED_EDGE('',*,*,#6982,.T.);
#9400=ORIENTED_EDGE('',*,*,#6983,.F.);
#9401=ORIENTED_EDGE('',*,*,#6953,.F.);
#9402=ORIENTED_EDGE('',*,*,#6937,.T.);
#9403=ORIENTED_EDGE('',*,*,#6952,.F.);
#9404=ORIENTED_EDGE('',*,*,#6980,.F.);
#9405=ORIENTED_EDGE('',*,*,#6981,.T.);
#9406=ORIENTED_EDGE('',*,*,#6978,.F.);
#9407=ORIENTED_EDGE('',*,*,#6941,.T.);
#9408=ORIENTED_EDGE('',*,*,#6984,.F.);
#9409=ORIENTED_EDGE('',*,*,#6975,.F.);
#9410=ORIENTED_EDGE('',*,*,#6964,.T.);
#9411=ORIENTED_EDGE('',*,*,#6977,.T.);
#9412=ORIENTED_EDGE('',*,*,#6985,.F.);
#9413=ORIENTED_EDGE('',*,*,#6982,.F.);
#9414=ORIENTED_EDGE('',*,*,#6985,.T.);
#9415=ORIENTED_EDGE('',*,*,#6976,.T.);
#9416=ORIENTED_EDGE('',*,*,#6984,.T.);
#9417=ORIENTED_EDGE('',*,*,#6940,.T.);
#9418=ORIENTED_EDGE('',*,*,#6954,.T.);
#9419=ORIENTED_EDGE('',*,*,#6983,.T.);
#9420=ORIENTED_EDGE('',*,*,#6986,.F.);
#9421=ORIENTED_EDGE('',*,*,#6987,.T.);
#9422=ORIENTED_EDGE('',*,*,#6988,.F.);
#9423=ORIENTED_EDGE('',*,*,#6987,.F.);
#9424=ORIENTED_EDGE('',*,*,#6986,.T.);
#9425=ORIENTED_EDGE('',*,*,#6989,.T.);
#9426=ORIENTED_EDGE('',*,*,#6990,.T.);
#9427=ORIENTED_EDGE('',*,*,#6991,.T.);
#9428=ORIENTED_EDGE('',*,*,#6992,.F.);
#9429=ORIENTED_EDGE('',*,*,#6993,.T.);
#9430=ORIENTED_EDGE('',*,*,#6994,.F.);
#9431=ORIENTED_EDGE('',*,*,#6995,.T.);
#9432=ORIENTED_EDGE('',*,*,#6990,.F.);
#9433=ORIENTED_EDGE('',*,*,#6996,.T.);
#9434=ORIENTED_EDGE('',*,*,#6992,.T.);
#9435=ORIENTED_EDGE('',*,*,#6997,.T.);
#9436=ORIENTED_EDGE('',*,*,#6998,.F.);
#9437=ORIENTED_EDGE('',*,*,#6988,.T.);
#9438=ORIENTED_EDGE('',*,*,#6999,.T.);
#9439=ORIENTED_EDGE('',*,*,#6998,.T.);
#9440=ORIENTED_EDGE('',*,*,#7000,.T.);
#9441=ORIENTED_EDGE('',*,*,#7001,.F.);
#9442=ORIENTED_EDGE('',*,*,#7002,.T.);
#9443=ORIENTED_EDGE('',*,*,#7001,.T.);
#9444=ORIENTED_EDGE('',*,*,#7003,.T.);
#9445=ORIENTED_EDGE('',*,*,#7004,.T.);
#9446=ORIENTED_EDGE('',*,*,#7005,.F.);
#9447=ORIENTED_EDGE('',*,*,#7006,.T.);
#9448=ORIENTED_EDGE('',*,*,#7007,.T.);
#9449=ORIENTED_EDGE('',*,*,#7006,.F.);
#9450=ORIENTED_EDGE('',*,*,#6994,.T.);
#9451=ORIENTED_EDGE('',*,*,#7008,.T.);
#9452=ORIENTED_EDGE('',*,*,#7009,.F.);
#9453=ORIENTED_EDGE('',*,*,#7010,.F.);
#9454=ORIENTED_EDGE('',*,*,#6993,.F.);
#9455=ORIENTED_EDGE('',*,*,#6989,.F.);
#9456=ORIENTED_EDGE('',*,*,#6996,.F.);
#9457=ORIENTED_EDGE('',*,*,#6999,.F.);
#9458=ORIENTED_EDGE('',*,*,#7002,.F.);
#9459=ORIENTED_EDGE('',*,*,#7011,.F.);
#9460=ORIENTED_EDGE('',*,*,#7012,.F.);
#9461=ORIENTED_EDGE('',*,*,#7013,.F.);
#9462=ORIENTED_EDGE('',*,*,#7014,.T.);
#9463=ORIENTED_EDGE('',*,*,#7015,.T.);
#9464=ORIENTED_EDGE('',*,*,#7016,.T.);
#9465=ORIENTED_EDGE('',*,*,#7017,.T.);
#9466=ORIENTED_EDGE('',*,*,#7018,.F.);
#9467=ORIENTED_EDGE('',*,*,#7019,.T.);
#9468=ORIENTED_EDGE('',*,*,#7020,.F.);
#9469=ORIENTED_EDGE('',*,*,#7021,.F.);
#9470=ORIENTED_EDGE('',*,*,#7008,.F.);
#9471=ORIENTED_EDGE('',*,*,#7005,.T.);
#9472=ORIENTED_EDGE('',*,*,#7022,.F.);
#9473=ORIENTED_EDGE('',*,*,#7019,.F.);
#9474=ORIENTED_EDGE('',*,*,#7023,.F.);
#9475=ORIENTED_EDGE('',*,*,#7024,.T.);
#9476=ORIENTED_EDGE('',*,*,#7010,.T.);
#9477=ORIENTED_EDGE('',*,*,#7025,.F.);
#9478=ORIENTED_EDGE('',*,*,#7026,.F.);
#9479=ORIENTED_EDGE('',*,*,#7024,.F.);
#9480=ORIENTED_EDGE('',*,*,#7027,.F.);
#9481=ORIENTED_EDGE('',*,*,#7028,.T.);
#9482=ORIENTED_EDGE('',*,*,#7029,.T.);
#9483=ORIENTED_EDGE('',*,*,#7030,.T.);
#9484=ORIENTED_EDGE('',*,*,#7031,.T.);
#9485=ORIENTED_EDGE('',*,*,#7032,.F.);
#9486=ORIENTED_EDGE('',*,*,#7033,.F.);
#9487=ORIENTED_EDGE('',*,*,#7034,.F.);
#9488=ORIENTED_EDGE('',*,*,#7003,.F.);
#9489=ORIENTED_EDGE('',*,*,#7000,.F.);
#9490=ORIENTED_EDGE('',*,*,#6997,.F.);
#9491=ORIENTED_EDGE('',*,*,#6991,.F.);
#9492=ORIENTED_EDGE('',*,*,#6995,.F.);
#9493=ORIENTED_EDGE('',*,*,#7007,.F.);
#9494=ORIENTED_EDGE('',*,*,#7035,.F.);
#9495=ORIENTED_EDGE('',*,*,#7025,.T.);
#9496=ORIENTED_EDGE('',*,*,#7009,.T.);
#9497=ORIENTED_EDGE('',*,*,#7021,.T.);
#9498=ORIENTED_EDGE('',*,*,#7026,.T.);
#9499=ORIENTED_EDGE('',*,*,#7035,.T.);
#9500=ORIENTED_EDGE('',*,*,#7020,.T.);
#9501=ORIENTED_EDGE('',*,*,#7022,.T.);
#9502=ORIENTED_EDGE('',*,*,#7036,.T.);
#9503=ORIENTED_EDGE('',*,*,#7027,.T.);
#9504=ORIENTED_EDGE('',*,*,#7023,.T.);
#9505=ORIENTED_EDGE('',*,*,#7018,.T.);
#9506=ORIENTED_EDGE('',*,*,#7014,.F.);
#9507=ORIENTED_EDGE('',*,*,#7037,.F.);
#9508=ORIENTED_EDGE('',*,*,#7031,.F.);
#9509=ORIENTED_EDGE('',*,*,#7038,.F.);
#9510=ORIENTED_EDGE('',*,*,#7015,.F.);
#9511=ORIENTED_EDGE('',*,*,#7038,.T.);
#9512=ORIENTED_EDGE('',*,*,#7030,.F.);
#9513=ORIENTED_EDGE('',*,*,#7039,.F.);
#9514=ORIENTED_EDGE('',*,*,#7017,.F.);
#9515=ORIENTED_EDGE('',*,*,#7040,.T.);
#9516=ORIENTED_EDGE('',*,*,#7028,.F.);
#9517=ORIENTED_EDGE('',*,*,#7036,.F.);
#9518=ORIENTED_EDGE('',*,*,#7016,.F.);
#9519=ORIENTED_EDGE('',*,*,#7039,.T.);
#9520=ORIENTED_EDGE('',*,*,#7029,.F.);
#9521=ORIENTED_EDGE('',*,*,#7040,.F.);
#9522=ORIENTED_EDGE('',*,*,#7032,.T.);
#9523=ORIENTED_EDGE('',*,*,#7037,.T.);
#9524=ORIENTED_EDGE('',*,*,#7013,.T.);
#9525=ORIENTED_EDGE('',*,*,#7041,.T.);
#9526=ORIENTED_EDGE('',*,*,#7033,.T.);
#9527=ORIENTED_EDGE('',*,*,#7041,.F.);
#9528=ORIENTED_EDGE('',*,*,#7012,.T.);
#9529=ORIENTED_EDGE('',*,*,#7042,.T.);
#9530=ORIENTED_EDGE('',*,*,#7034,.T.);
#9531=ORIENTED_EDGE('',*,*,#7042,.F.);
#9532=ORIENTED_EDGE('',*,*,#7011,.T.);
#9533=ORIENTED_EDGE('',*,*,#7004,.F.);
#9534=ORIENTED_EDGE('',*,*,#7043,.F.);
#9535=ORIENTED_EDGE('',*,*,#7044,.T.);
#9536=ORIENTED_EDGE('',*,*,#7045,.F.);
#9537=ORIENTED_EDGE('',*,*,#7044,.F.);
#9538=ORIENTED_EDGE('',*,*,#7043,.T.);
#9539=ORIENTED_EDGE('',*,*,#7046,.T.);
#9540=ORIENTED_EDGE('',*,*,#7047,.F.);
#9541=ORIENTED_EDGE('',*,*,#7048,.T.);
#9542=ORIENTED_EDGE('',*,*,#7049,.T.);
#9543=ORIENTED_EDGE('',*,*,#7050,.T.);
#9544=ORIENTED_EDGE('',*,*,#7049,.F.);
#9545=ORIENTED_EDGE('',*,*,#7051,.T.);
#9546=ORIENTED_EDGE('',*,*,#7052,.F.);
#9547=ORIENTED_EDGE('',*,*,#7053,.F.);
#9548=ORIENTED_EDGE('',*,*,#7054,.T.);
#9549=ORIENTED_EDGE('',*,*,#7055,.F.);
#9550=ORIENTED_EDGE('',*,*,#7056,.F.);
#9551=ORIENTED_EDGE('',*,*,#7057,.F.);
#9552=ORIENTED_EDGE('',*,*,#7058,.F.);
#9553=ORIENTED_EDGE('',*,*,#7059,.F.);
#9554=ORIENTED_EDGE('',*,*,#7060,.F.);
#9555=ORIENTED_EDGE('',*,*,#7061,.F.);
#9556=ORIENTED_EDGE('',*,*,#7062,.F.);
#9557=ORIENTED_EDGE('',*,*,#7063,.F.);
#9558=ORIENTED_EDGE('',*,*,#7056,.T.);
#9559=ORIENTED_EDGE('',*,*,#7064,.F.);
#9560=ORIENTED_EDGE('',*,*,#7065,.T.);
#9561=ORIENTED_EDGE('',*,*,#7066,.F.);
#9562=ORIENTED_EDGE('',*,*,#7054,.F.);
#9563=ORIENTED_EDGE('',*,*,#7067,.F.);
#9564=ORIENTED_EDGE('',*,*,#7060,.T.);
#9565=ORIENTED_EDGE('',*,*,#7068,.F.);
#9566=ORIENTED_EDGE('',*,*,#7069,.F.);
#9567=ORIENTED_EDGE('',*,*,#7070,.F.);
#9568=ORIENTED_EDGE('',*,*,#7065,.F.);
#9569=ORIENTED_EDGE('',*,*,#7061,.T.);
#9570=ORIENTED_EDGE('',*,*,#7055,.T.);
#9571=ORIENTED_EDGE('',*,*,#7066,.T.);
#9572=ORIENTED_EDGE('',*,*,#7070,.T.);
#9573=ORIENTED_EDGE('',*,*,#7071,.T.);
#9574=ORIENTED_EDGE('',*,*,#7072,.F.);
#9575=ORIENTED_EDGE('',*,*,#7073,.F.);
#9576=ORIENTED_EDGE('',*,*,#7074,.F.);
#9577=ORIENTED_EDGE('',*,*,#7069,.T.);
#9578=ORIENTED_EDGE('',*,*,#7075,.T.);
#9579=ORIENTED_EDGE('',*,*,#7076,.F.);
#9580=ORIENTED_EDGE('',*,*,#7071,.F.);
#9581=ORIENTED_EDGE('',*,*,#7047,.T.);
#9582=ORIENTED_EDGE('',*,*,#7077,.F.);
#9583=ORIENTED_EDGE('',*,*,#7058,.T.);
#9584=ORIENTED_EDGE('',*,*,#7078,.F.);
#9585=ORIENTED_EDGE('',*,*,#7079,.F.);
#9586=ORIENTED_EDGE('',*,*,#7073,.T.);
#9587=ORIENTED_EDGE('',*,*,#7080,.F.);
#9588=ORIENTED_EDGE('',*,*,#7081,.F.);
#9589=ORIENTED_EDGE('',*,*,#7072,.T.);
#9590=ORIENTED_EDGE('',*,*,#7076,.T.);
#9591=ORIENTED_EDGE('',*,*,#7082,.T.);
#9592=ORIENTED_EDGE('',*,*,#7083,.T.);
#9593=ORIENTED_EDGE('',*,*,#7084,.T.);
#9594=ORIENTED_EDGE('',*,*,#7080,.T.);
#9595=ORIENTED_EDGE('',*,*,#7062,.T.);
#9596=ORIENTED_EDGE('',*,*,#7074,.T.);
#9597=ORIENTED_EDGE('',*,*,#7079,.T.);
#9598=ORIENTED_EDGE('',*,*,#7085,.F.);
#9599=ORIENTED_EDGE('',*,*,#7082,.F.);
#9600=ORIENTED_EDGE('',*,*,#7075,.F.);
#9601=ORIENTED_EDGE('',*,*,#7068,.T.);
#9602=ORIENTED_EDGE('',*,*,#7059,.T.);
#9603=ORIENTED_EDGE('',*,*,#7077,.T.);
#9604=ORIENTED_EDGE('',*,*,#7046,.F.);
#9605=ORIENTED_EDGE('',*,*,#7050,.F.);
#9606=ORIENTED_EDGE('',*,*,#7086,.T.);
#9607=ORIENTED_EDGE('',*,*,#7087,.F.);
#9608=ORIENTED_EDGE('',*,*,#7088,.F.);
#9609=ORIENTED_EDGE('',*,*,#7089,.F.);
#9610=ORIENTED_EDGE('',*,*,#7090,.F.);
#9611=ORIENTED_EDGE('',*,*,#7091,.F.);
#9612=ORIENTED_EDGE('',*,*,#7092,.F.);
#9613=ORIENTED_EDGE('',*,*,#7093,.F.);
#9614=ORIENTED_EDGE('',*,*,#7094,.F.);
#9615=ORIENTED_EDGE('',*,*,#7095,.F.);
#9616=ORIENTED_EDGE('',*,*,#7096,.F.);
#9617=ORIENTED_EDGE('',*,*,#7051,.F.);
#9618=ORIENTED_EDGE('',*,*,#7048,.F.);
#9619=ORIENTED_EDGE('',*,*,#7078,.T.);
#9620=ORIENTED_EDGE('',*,*,#7057,.T.);
#9621=ORIENTED_EDGE('',*,*,#7067,.T.);
#9622=ORIENTED_EDGE('',*,*,#7064,.T.);
#9623=ORIENTED_EDGE('',*,*,#7053,.T.);
#9624=ORIENTED_EDGE('',*,*,#7063,.T.);
#9625=ORIENTED_EDGE('',*,*,#7085,.T.);
#9626=ORIENTED_EDGE('',*,*,#7081,.T.);
#9627=ORIENTED_EDGE('',*,*,#7084,.F.);
#9628=ORIENTED_EDGE('',*,*,#7097,.T.);
#9629=ORIENTED_EDGE('',*,*,#7097,.F.);
#9630=ORIENTED_EDGE('',*,*,#7098,.T.);
#9631=ORIENTED_EDGE('',*,*,#7091,.T.);
#9632=ORIENTED_EDGE('',*,*,#7098,.F.);
#9633=ORIENTED_EDGE('',*,*,#7086,.F.);
#9634=ORIENTED_EDGE('',*,*,#7052,.T.);
#9635=ORIENTED_EDGE('',*,*,#7096,.T.);
#9636=ORIENTED_EDGE('',*,*,#7099,.T.);
#9637=ORIENTED_EDGE('',*,*,#7087,.T.);
#9638=ORIENTED_EDGE('',*,*,#7099,.F.);
#9639=ORIENTED_EDGE('',*,*,#7095,.T.);
#9640=ORIENTED_EDGE('',*,*,#7100,.T.);
#9641=ORIENTED_EDGE('',*,*,#7088,.T.);
#9642=ORIENTED_EDGE('',*,*,#7100,.F.);
#9643=ORIENTED_EDGE('',*,*,#7094,.T.);
#9644=ORIENTED_EDGE('',*,*,#7101,.T.);
#9645=ORIENTED_EDGE('',*,*,#7045,.T.);
#9646=ORIENTED_EDGE('',*,*,#7090,.T.);
#9647=ORIENTED_EDGE('',*,*,#7102,.F.);
#9648=ORIENTED_EDGE('',*,*,#7092,.T.);
#9649=ORIENTED_EDGE('',*,*,#7083,.F.);
#9650=ORIENTED_EDGE('',*,*,#7089,.T.);
#9651=ORIENTED_EDGE('',*,*,#7101,.F.);
#9652=ORIENTED_EDGE('',*,*,#7093,.T.);
#9653=ORIENTED_EDGE('',*,*,#7102,.T.);
#9654=ORIENTED_EDGE('',*,*,#7103,.F.);
#9655=ORIENTED_EDGE('',*,*,#7104,.T.);
#9656=ORIENTED_EDGE('',*,*,#7105,.F.);
#9657=ORIENTED_EDGE('',*,*,#7104,.F.);
#9658=ORIENTED_EDGE('',*,*,#7103,.T.);
#9659=ORIENTED_EDGE('',*,*,#7106,.T.);
#9660=ORIENTED_EDGE('',*,*,#7107,.F.);
#9661=ORIENTED_EDGE('',*,*,#7108,.T.);
#9662=ORIENTED_EDGE('',*,*,#7109,.T.);
#9663=ORIENTED_EDGE('',*,*,#7110,.T.);
#9664=ORIENTED_EDGE('',*,*,#7109,.F.);
#9665=ORIENTED_EDGE('',*,*,#7111,.T.);
#9666=ORIENTED_EDGE('',*,*,#7112,.F.);
#9667=ORIENTED_EDGE('',*,*,#7113,.T.);
#9668=ORIENTED_EDGE('',*,*,#7114,.F.);
#9669=ORIENTED_EDGE('',*,*,#7115,.T.);
#9670=ORIENTED_EDGE('',*,*,#7107,.T.);
#9671=ORIENTED_EDGE('',*,*,#7105,.T.);
#9672=ORIENTED_EDGE('',*,*,#7116,.T.);
#9673=ORIENTED_EDGE('',*,*,#7117,.F.);
#9674=ORIENTED_EDGE('',*,*,#7118,.T.);
#9675=ORIENTED_EDGE('',*,*,#7114,.T.);
#9676=ORIENTED_EDGE('',*,*,#7119,.F.);
#9677=ORIENTED_EDGE('',*,*,#7120,.T.);
#9678=ORIENTED_EDGE('',*,*,#7121,.F.);
#9679=ORIENTED_EDGE('',*,*,#7117,.T.);
#9680=ORIENTED_EDGE('',*,*,#7122,.F.);
#9681=ORIENTED_EDGE('',*,*,#7123,.T.);
#9682=ORIENTED_EDGE('',*,*,#7124,.T.);
#9683=ORIENTED_EDGE('',*,*,#7123,.F.);
#9684=ORIENTED_EDGE('',*,*,#7125,.F.);
#9685=ORIENTED_EDGE('',*,*,#7126,.F.);
#9686=ORIENTED_EDGE('',*,*,#7127,.T.);
#9687=ORIENTED_EDGE('',*,*,#7128,.T.);
#9688=ORIENTED_EDGE('',*,*,#7129,.T.);
#9689=ORIENTED_EDGE('',*,*,#7130,.F.);
#9690=ORIENTED_EDGE('',*,*,#7131,.F.);
#9691=ORIENTED_EDGE('',*,*,#7119,.T.);
#9692=ORIENTED_EDGE('',*,*,#7116,.F.);
#9693=ORIENTED_EDGE('',*,*,#7113,.F.);
#9694=ORIENTED_EDGE('',*,*,#7106,.F.);
#9695=ORIENTED_EDGE('',*,*,#7110,.F.);
#9696=ORIENTED_EDGE('',*,*,#7124,.F.);
#9697=ORIENTED_EDGE('',*,*,#7111,.F.);
#9698=ORIENTED_EDGE('',*,*,#7108,.F.);
#9699=ORIENTED_EDGE('',*,*,#7115,.F.);
#9700=ORIENTED_EDGE('',*,*,#7118,.F.);
#9701=ORIENTED_EDGE('',*,*,#7121,.T.);
#9702=ORIENTED_EDGE('',*,*,#7132,.F.);
#9703=ORIENTED_EDGE('',*,*,#7133,.F.);
#9704=ORIENTED_EDGE('',*,*,#7134,.T.);
#9705=ORIENTED_EDGE('',*,*,#7135,.T.);
#9706=ORIENTED_EDGE('',*,*,#7136,.T.);
#9707=ORIENTED_EDGE('',*,*,#7137,.T.);
#9708=ORIENTED_EDGE('',*,*,#7138,.F.);
#9709=ORIENTED_EDGE('',*,*,#7122,.T.);
#9710=ORIENTED_EDGE('',*,*,#7133,.T.);
#9711=ORIENTED_EDGE('',*,*,#7139,.T.);
#9712=ORIENTED_EDGE('',*,*,#7130,.T.);
#9713=ORIENTED_EDGE('',*,*,#7140,.F.);
#9714=ORIENTED_EDGE('',*,*,#7132,.T.);
#9715=ORIENTED_EDGE('',*,*,#7120,.F.);
#9716=ORIENTED_EDGE('',*,*,#7131,.T.);
#9717=ORIENTED_EDGE('',*,*,#7139,.F.);
#9718=ORIENTED_EDGE('',*,*,#7141,.F.);
#9719=ORIENTED_EDGE('',*,*,#7142,.F.);
#9720=ORIENTED_EDGE('',*,*,#7143,.F.);
#9721=ORIENTED_EDGE('',*,*,#7144,.F.);
#9722=ORIENTED_EDGE('',*,*,#7136,.F.);
#9723=ORIENTED_EDGE('',*,*,#7145,.T.);
#9724=ORIENTED_EDGE('',*,*,#7127,.F.);
#9725=ORIENTED_EDGE('',*,*,#7146,.F.);
#9726=ORIENTED_EDGE('',*,*,#7128,.F.);
#9727=ORIENTED_EDGE('',*,*,#7145,.F.);
#9728=ORIENTED_EDGE('',*,*,#7135,.F.);
#9729=ORIENTED_EDGE('',*,*,#7147,.F.);
#9730=ORIENTED_EDGE('',*,*,#7148,.F.);
#9731=ORIENTED_EDGE('',*,*,#7149,.F.);
#9732=ORIENTED_EDGE('',*,*,#7150,.F.);
#9733=ORIENTED_EDGE('',*,*,#7151,.T.);
#9734=ORIENTED_EDGE('',*,*,#7152,.F.);
#9735=ORIENTED_EDGE('',*,*,#7151,.F.);
#9736=ORIENTED_EDGE('',*,*,#7153,.F.);
#9737=ORIENTED_EDGE('',*,*,#7154,.T.);
#9738=ORIENTED_EDGE('',*,*,#7155,.F.);
#9739=ORIENTED_EDGE('',*,*,#7154,.F.);
#9740=ORIENTED_EDGE('',*,*,#7156,.F.);
#9741=ORIENTED_EDGE('',*,*,#7142,.T.);
#9742=ORIENTED_EDGE('',*,*,#7146,.T.);
#9743=ORIENTED_EDGE('',*,*,#7126,.T.);
#9744=ORIENTED_EDGE('',*,*,#7157,.F.);
#9745=ORIENTED_EDGE('',*,*,#7158,.F.);
#9746=ORIENTED_EDGE('',*,*,#7143,.T.);
#9747=ORIENTED_EDGE('',*,*,#7156,.T.);
#9748=ORIENTED_EDGE('',*,*,#7153,.T.);
#9749=ORIENTED_EDGE('',*,*,#7150,.T.);
#9750=ORIENTED_EDGE('',*,*,#7159,.T.);
#9751=ORIENTED_EDGE('',*,*,#7160,.T.);
#9752=ORIENTED_EDGE('',*,*,#7161,.F.);
#9753=ORIENTED_EDGE('',*,*,#7162,.F.);
#9754=ORIENTED_EDGE('',*,*,#7149,.T.);
#9755=ORIENTED_EDGE('',*,*,#7163,.F.);
#9756=ORIENTED_EDGE('',*,*,#7164,.T.);
#9757=ORIENTED_EDGE('',*,*,#7159,.F.);
#9758=ORIENTED_EDGE('',*,*,#7140,.T.);
#9759=ORIENTED_EDGE('',*,*,#7129,.F.);
#9760=ORIENTED_EDGE('',*,*,#7147,.T.);
#9761=ORIENTED_EDGE('',*,*,#7134,.F.);
#9762=ORIENTED_EDGE('',*,*,#7141,.T.);
#9763=ORIENTED_EDGE('',*,*,#7158,.T.);
#9764=ORIENTED_EDGE('',*,*,#7165,.F.);
#9765=ORIENTED_EDGE('',*,*,#7166,.F.);
#9766=ORIENTED_EDGE('',*,*,#7163,.T.);
#9767=ORIENTED_EDGE('',*,*,#7148,.T.);
#9768=ORIENTED_EDGE('',*,*,#7152,.T.);
#9769=ORIENTED_EDGE('',*,*,#7155,.T.);
#9770=ORIENTED_EDGE('',*,*,#7164,.F.);
#9771=ORIENTED_EDGE('',*,*,#7166,.T.);
#9772=ORIENTED_EDGE('',*,*,#7167,.F.);
#9773=ORIENTED_EDGE('',*,*,#7160,.F.);
#9774=ORIENTED_EDGE('',*,*,#7144,.T.);
#9775=ORIENTED_EDGE('',*,*,#7162,.T.);
#9776=ORIENTED_EDGE('',*,*,#7168,.F.);
#9777=ORIENTED_EDGE('',*,*,#7137,.F.);
#9778=ORIENTED_EDGE('',*,*,#7138,.T.);
#9779=ORIENTED_EDGE('',*,*,#7168,.T.);
#9780=ORIENTED_EDGE('',*,*,#7161,.T.);
#9781=ORIENTED_EDGE('',*,*,#7167,.T.);
#9782=ORIENTED_EDGE('',*,*,#7165,.T.);
#9783=ORIENTED_EDGE('',*,*,#7157,.T.);
#9784=ORIENTED_EDGE('',*,*,#7125,.T.);
#9785=ORIENTED_EDGE('',*,*,#7112,.T.);
#9786=ORIENTED_EDGE('',*,*,#7169,.F.);
#9787=ORIENTED_EDGE('',*,*,#7170,.T.);
#9788=ORIENTED_EDGE('',*,*,#7171,.F.);
#9789=ORIENTED_EDGE('',*,*,#7170,.F.);
#9790=ORIENTED_EDGE('',*,*,#7169,.T.);
#9791=ORIENTED_EDGE('',*,*,#7172,.T.);
#9792=ORIENTED_EDGE('',*,*,#7173,.T.);
#9793=ORIENTED_EDGE('',*,*,#7174,.F.);
#9794=ORIENTED_EDGE('',*,*,#7175,.F.);
#9795=ORIENTED_EDGE('',*,*,#7176,.F.);
#9796=ORIENTED_EDGE('',*,*,#7177,.T.);
#9797=ORIENTED_EDGE('',*,*,#7178,.F.);
#9798=ORIENTED_EDGE('',*,*,#7179,.T.);
#9799=ORIENTED_EDGE('',*,*,#7180,.F.);
#9800=ORIENTED_EDGE('',*,*,#7173,.F.);
#9801=ORIENTED_EDGE('',*,*,#7181,.T.);
#9802=ORIENTED_EDGE('',*,*,#7175,.T.);
#9803=ORIENTED_EDGE('',*,*,#7182,.F.);
#9804=ORIENTED_EDGE('',*,*,#7179,.F.);
#9805=ORIENTED_EDGE('',*,*,#7174,.T.);
#9806=ORIENTED_EDGE('',*,*,#7180,.T.);
#9807=ORIENTED_EDGE('',*,*,#7182,.T.);
#9808=ORIENTED_EDGE('',*,*,#7183,.F.);
#9809=ORIENTED_EDGE('',*,*,#7184,.T.);
#9810=ORIENTED_EDGE('',*,*,#7185,.F.);
#9811=ORIENTED_EDGE('',*,*,#7186,.F.);
#9812=ORIENTED_EDGE('',*,*,#7187,.F.);
#9813=ORIENTED_EDGE('',*,*,#7186,.T.);
#9814=ORIENTED_EDGE('',*,*,#7188,.F.);
#9815=ORIENTED_EDGE('',*,*,#7189,.F.);
#9816=ORIENTED_EDGE('',*,*,#7190,.F.);
#9817=ORIENTED_EDGE('',*,*,#7191,.F.);
#9818=ORIENTED_EDGE('',*,*,#7192,.F.);
#9819=ORIENTED_EDGE('',*,*,#7193,.F.);
#9820=ORIENTED_EDGE('',*,*,#7194,.F.);
#9821=ORIENTED_EDGE('',*,*,#7195,.T.);
#9822=ORIENTED_EDGE('',*,*,#7196,.F.);
#9823=ORIENTED_EDGE('',*,*,#7184,.F.);
#9824=ORIENTED_EDGE('',*,*,#7197,.F.);
#9825=ORIENTED_EDGE('',*,*,#7193,.T.);
#9826=ORIENTED_EDGE('',*,*,#7198,.F.);
#9827=ORIENTED_EDGE('',*,*,#7195,.F.);
#9828=ORIENTED_EDGE('',*,*,#7176,.T.);
#9829=ORIENTED_EDGE('',*,*,#7199,.T.);
#9830=ORIENTED_EDGE('',*,*,#7191,.T.);
#9831=ORIENTED_EDGE('',*,*,#7200,.T.);
#9832=ORIENTED_EDGE('',*,*,#7189,.T.);
#9833=ORIENTED_EDGE('',*,*,#7201,.T.);
#9834=ORIENTED_EDGE('',*,*,#7202,.T.);
#9835=ORIENTED_EDGE('',*,*,#7203,.T.);
#9836=ORIENTED_EDGE('',*,*,#7202,.F.);
#9837=ORIENTED_EDGE('',*,*,#7204,.T.);
#9838=ORIENTED_EDGE('',*,*,#7205,.F.);
#9839=ORIENTED_EDGE('',*,*,#7206,.F.);
#9840=ORIENTED_EDGE('',*,*,#7205,.T.);
#9841=ORIENTED_EDGE('',*,*,#7207,.T.);
#9842=ORIENTED_EDGE('',*,*,#7208,.T.);
#9843=ORIENTED_EDGE('',*,*,#7209,.T.);
#9844=ORIENTED_EDGE('',*,*,#7210,.T.);
#9845=ORIENTED_EDGE('',*,*,#7211,.T.);
#9846=ORIENTED_EDGE('',*,*,#7212,.T.);
#9847=ORIENTED_EDGE('',*,*,#7207,.F.);
#9848=ORIENTED_EDGE('',*,*,#7204,.F.);
#9849=ORIENTED_EDGE('',*,*,#7201,.F.);
#9850=ORIENTED_EDGE('',*,*,#7188,.T.);
#9851=ORIENTED_EDGE('',*,*,#7185,.T.);
#9852=ORIENTED_EDGE('',*,*,#7196,.T.);
#9853=ORIENTED_EDGE('',*,*,#7198,.T.);
#9854=ORIENTED_EDGE('',*,*,#7192,.T.);
#9855=ORIENTED_EDGE('',*,*,#7199,.F.);
#9856=ORIENTED_EDGE('',*,*,#7181,.F.);
#9857=ORIENTED_EDGE('',*,*,#7213,.F.);
#9858=ORIENTED_EDGE('',*,*,#7214,.T.);
#9859=ORIENTED_EDGE('',*,*,#7215,.F.);
#9860=ORIENTED_EDGE('',*,*,#7216,.F.);
#9861=ORIENTED_EDGE('',*,*,#7217,.F.);
#9862=ORIENTED_EDGE('',*,*,#7218,.F.);
#9863=ORIENTED_EDGE('',*,*,#7219,.F.);
#9864=ORIENTED_EDGE('',*,*,#7177,.F.);
#9865=ORIENTED_EDGE('',*,*,#7172,.F.);
#9866=ORIENTED_EDGE('',*,*,#7200,.F.);
#9867=ORIENTED_EDGE('',*,*,#7190,.T.);
#9868=ORIENTED_EDGE('',*,*,#7197,.T.);
#9869=ORIENTED_EDGE('',*,*,#7194,.T.);
#9870=ORIENTED_EDGE('',*,*,#7183,.T.);
#9871=ORIENTED_EDGE('',*,*,#7187,.T.);
#9872=ORIENTED_EDGE('',*,*,#7203,.F.);
#9873=ORIENTED_EDGE('',*,*,#7206,.T.);
#9874=ORIENTED_EDGE('',*,*,#7209,.F.);
#9875=ORIENTED_EDGE('',*,*,#7220,.T.);
#9876=ORIENTED_EDGE('',*,*,#7221,.T.);
#9877=ORIENTED_EDGE('',*,*,#7222,.T.);
#9878=ORIENTED_EDGE('',*,*,#7223,.T.);
#9879=ORIENTED_EDGE('',*,*,#7224,.T.);
#9880=ORIENTED_EDGE('',*,*,#7225,.T.);
#9881=ORIENTED_EDGE('',*,*,#7226,.T.);
#9882=ORIENTED_EDGE('',*,*,#7227,.T.);
#9883=ORIENTED_EDGE('',*,*,#7228,.T.);
#9884=ORIENTED_EDGE('',*,*,#7212,.F.);
#9885=ORIENTED_EDGE('',*,*,#7229,.T.);
#9886=ORIENTED_EDGE('',*,*,#7225,.F.);
#9887=ORIENTED_EDGE('',*,*,#7230,.F.);
#9888=ORIENTED_EDGE('',*,*,#7214,.F.);
#9889=ORIENTED_EDGE('',*,*,#7231,.T.);
#9890=ORIENTED_EDGE('',*,*,#7227,.F.);
#9891=ORIENTED_EDGE('',*,*,#7232,.F.);
#9892=ORIENTED_EDGE('',*,*,#7220,.F.);
#9893=ORIENTED_EDGE('',*,*,#7233,.T.);
#9894=ORIENTED_EDGE('',*,*,#7210,.F.);
#9895=ORIENTED_EDGE('',*,*,#7232,.T.);
#9896=ORIENTED_EDGE('',*,*,#7226,.F.);
#9897=ORIENTED_EDGE('',*,*,#7229,.F.);
#9898=ORIENTED_EDGE('',*,*,#7211,.F.);
#9899=ORIENTED_EDGE('',*,*,#7233,.F.);
#9900=ORIENTED_EDGE('',*,*,#7219,.T.);
#9901=ORIENTED_EDGE('',*,*,#7234,.T.);
#9902=ORIENTED_EDGE('',*,*,#7228,.F.);
#9903=ORIENTED_EDGE('',*,*,#7231,.F.);
#9904=ORIENTED_EDGE('',*,*,#7213,.T.);
#9905=ORIENTED_EDGE('',*,*,#7178,.T.);
#9906=ORIENTED_EDGE('',*,*,#7218,.T.);
#9907=ORIENTED_EDGE('',*,*,#7235,.T.);
#9908=ORIENTED_EDGE('',*,*,#7221,.F.);
#9909=ORIENTED_EDGE('',*,*,#7234,.F.);
#9910=ORIENTED_EDGE('',*,*,#7217,.T.);
#9911=ORIENTED_EDGE('',*,*,#7236,.T.);
#9912=ORIENTED_EDGE('',*,*,#7222,.F.);
#9913=ORIENTED_EDGE('',*,*,#7235,.F.);
#9914=ORIENTED_EDGE('',*,*,#7171,.T.);
#9915=ORIENTED_EDGE('',*,*,#7215,.T.);
#9916=ORIENTED_EDGE('',*,*,#7208,.F.);
#9917=ORIENTED_EDGE('',*,*,#7230,.T.);
#9918=ORIENTED_EDGE('',*,*,#7224,.F.);
#9919=ORIENTED_EDGE('',*,*,#7237,.F.);
#9920=ORIENTED_EDGE('',*,*,#7216,.T.);
#9921=ORIENTED_EDGE('',*,*,#7237,.T.);
#9922=ORIENTED_EDGE('',*,*,#7223,.F.);
#9923=ORIENTED_EDGE('',*,*,#7236,.F.);
#9924=ORIENTED_EDGE('',*,*,#7238,.F.);
#9925=ORIENTED_EDGE('',*,*,#7239,.T.);
#9926=ORIENTED_EDGE('',*,*,#7240,.F.);
#9927=ORIENTED_EDGE('',*,*,#7239,.F.);
#9928=ORIENTED_EDGE('',*,*,#7238,.T.);
#9929=ORIENTED_EDGE('',*,*,#7241,.T.);
#9930=ORIENTED_EDGE('',*,*,#7242,.F.);
#9931=ORIENTED_EDGE('',*,*,#7243,.T.);
#9932=ORIENTED_EDGE('',*,*,#7244,.T.);
#9933=ORIENTED_EDGE('',*,*,#7245,.T.);
#9934=ORIENTED_EDGE('',*,*,#7244,.F.);
#9935=ORIENTED_EDGE('',*,*,#7246,.T.);
#9936=ORIENTED_EDGE('',*,*,#7247,.F.);
#9937=ORIENTED_EDGE('',*,*,#7248,.T.);
#9938=ORIENTED_EDGE('',*,*,#7249,.F.);
#9939=ORIENTED_EDGE('',*,*,#7250,.T.);
#9940=ORIENTED_EDGE('',*,*,#7242,.T.);
#9941=ORIENTED_EDGE('',*,*,#7240,.T.);
#9942=ORIENTED_EDGE('',*,*,#7251,.T.);
#9943=ORIENTED_EDGE('',*,*,#7252,.F.);
#9944=ORIENTED_EDGE('',*,*,#7253,.T.);
#9945=ORIENTED_EDGE('',*,*,#7249,.T.);
#9946=ORIENTED_EDGE('',*,*,#7254,.T.);
#9947=ORIENTED_EDGE('',*,*,#7255,.T.);
#9948=ORIENTED_EDGE('',*,*,#7256,.T.);
#9949=ORIENTED_EDGE('',*,*,#7252,.T.);
#9950=ORIENTED_EDGE('',*,*,#7257,.F.);
#9951=ORIENTED_EDGE('',*,*,#7258,.T.);
#9952=ORIENTED_EDGE('',*,*,#7259,.F.);
#9953=ORIENTED_EDGE('',*,*,#7258,.F.);
#9954=ORIENTED_EDGE('',*,*,#7246,.F.);
#9955=ORIENTED_EDGE('',*,*,#7243,.F.);
#9956=ORIENTED_EDGE('',*,*,#7250,.F.);
#9957=ORIENTED_EDGE('',*,*,#7253,.F.);
#9958=ORIENTED_EDGE('',*,*,#7256,.F.);
#9959=ORIENTED_EDGE('',*,*,#7260,.F.);
#9960=ORIENTED_EDGE('',*,*,#7261,.F.);
#9961=ORIENTED_EDGE('',*,*,#7262,.F.);
#9962=ORIENTED_EDGE('',*,*,#7263,.T.);
#9963=ORIENTED_EDGE('',*,*,#7264,.T.);
#9964=ORIENTED_EDGE('',*,*,#7265,.T.);
#9965=ORIENTED_EDGE('',*,*,#7266,.T.);
#9966=ORIENTED_EDGE('',*,*,#7267,.F.);
#9967=ORIENTED_EDGE('',*,*,#7268,.T.);
#9968=ORIENTED_EDGE('',*,*,#7269,.F.);
#9969=ORIENTED_EDGE('',*,*,#7270,.F.);
#9970=ORIENTED_EDGE('',*,*,#7271,.F.);
#9971=ORIENTED_EDGE('',*,*,#7257,.T.);
#9972=ORIENTED_EDGE('',*,*,#7272,.T.);
#9973=ORIENTED_EDGE('',*,*,#7273,.F.);
#9974=ORIENTED_EDGE('',*,*,#7274,.F.);
#9975=ORIENTED_EDGE('',*,*,#7275,.F.);
#9976=ORIENTED_EDGE('',*,*,#7276,.F.);
#9977=ORIENTED_EDGE('',*,*,#7277,.T.);
#9978=ORIENTED_EDGE('',*,*,#7278,.T.);
#9979=ORIENTED_EDGE('',*,*,#7279,.T.);
#9980=ORIENTED_EDGE('',*,*,#7280,.T.);
#9981=ORIENTED_EDGE('',*,*,#7281,.F.);
#9982=ORIENTED_EDGE('',*,*,#7282,.F.);
#9983=ORIENTED_EDGE('',*,*,#7283,.F.);
#9984=ORIENTED_EDGE('',*,*,#7254,.F.);
#9985=ORIENTED_EDGE('',*,*,#7251,.F.);
#9986=ORIENTED_EDGE('',*,*,#7248,.F.);
#9987=ORIENTED_EDGE('',*,*,#7241,.F.);
#9988=ORIENTED_EDGE('',*,*,#7245,.F.);
#9989=ORIENTED_EDGE('',*,*,#7259,.T.);
#9990=ORIENTED_EDGE('',*,*,#7260,.T.);
#9991=ORIENTED_EDGE('',*,*,#7255,.F.);
#9992=ORIENTED_EDGE('',*,*,#7283,.T.);
#9993=ORIENTED_EDGE('',*,*,#7284,.F.);
#9994=ORIENTED_EDGE('',*,*,#7261,.T.);
#9995=ORIENTED_EDGE('',*,*,#7284,.T.);
#9996=ORIENTED_EDGE('',*,*,#7282,.T.);
#9997=ORIENTED_EDGE('',*,*,#7285,.F.);
#9998=ORIENTED_EDGE('',*,*,#7262,.T.);
#9999=ORIENTED_EDGE('',*,*,#7285,.T.);
#10000=ORIENTED_EDGE('',*,*,#7281,.T.);
#10001=ORIENTED_EDGE('',*,*,#7286,.T.);
#10002=ORIENTED_EDGE('',*,*,#7265,.F.);
#10003=ORIENTED_EDGE('',*,*,#7287,.T.);
#10004=ORIENTED_EDGE('',*,*,#7278,.F.);
#10005=ORIENTED_EDGE('',*,*,#7288,.F.);
#10006=ORIENTED_EDGE('',*,*,#7266,.F.);
#10007=ORIENTED_EDGE('',*,*,#7288,.T.);
#10008=ORIENTED_EDGE('',*,*,#7277,.F.);
#10009=ORIENTED_EDGE('',*,*,#7289,.F.);
#10010=ORIENTED_EDGE('',*,*,#7264,.F.);
#10011=ORIENTED_EDGE('',*,*,#7290,.T.);
#10012=ORIENTED_EDGE('',*,*,#7279,.F.);
#10013=ORIENTED_EDGE('',*,*,#7287,.F.);
#10014=ORIENTED_EDGE('',*,*,#7263,.F.);
#10015=ORIENTED_EDGE('',*,*,#7286,.F.);
#10016=ORIENTED_EDGE('',*,*,#7280,.F.);
#10017=ORIENTED_EDGE('',*,*,#7290,.F.);
#10018=ORIENTED_EDGE('',*,*,#7289,.T.);
#10019=ORIENTED_EDGE('',*,*,#7276,.T.);
#10020=ORIENTED_EDGE('',*,*,#7291,.T.);
#10021=ORIENTED_EDGE('',*,*,#7267,.T.);
#10022=ORIENTED_EDGE('',*,*,#7274,.T.);
#10023=ORIENTED_EDGE('',*,*,#7292,.T.);
#10024=ORIENTED_EDGE('',*,*,#7269,.T.);
#10025=ORIENTED_EDGE('',*,*,#7293,.T.);
#10026=ORIENTED_EDGE('',*,*,#7292,.F.);
#10027=ORIENTED_EDGE('',*,*,#7273,.T.);
#10028=ORIENTED_EDGE('',*,*,#7294,.T.);
#10029=ORIENTED_EDGE('',*,*,#7270,.T.);
#10030=ORIENTED_EDGE('',*,*,#7293,.F.);
#10031=ORIENTED_EDGE('',*,*,#7268,.F.);
#10032=ORIENTED_EDGE('',*,*,#7291,.F.);
#10033=ORIENTED_EDGE('',*,*,#7275,.T.);
#10034=ORIENTED_EDGE('',*,*,#7247,.T.);
#10035=ORIENTED_EDGE('',*,*,#7271,.T.);
#10036=ORIENTED_EDGE('',*,*,#7294,.F.);
#10037=ORIENTED_EDGE('',*,*,#7272,.F.);
#10038=ORIENTED_EDGE('',*,*,#7295,.F.);
#10039=ORIENTED_EDGE('',*,*,#7296,.T.);
#10040=ORIENTED_EDGE('',*,*,#7297,.F.);
#10041=ORIENTED_EDGE('',*,*,#7296,.F.);
#10042=ORIENTED_EDGE('',*,*,#7295,.T.);
#10043=ORIENTED_EDGE('',*,*,#7298,.T.);
#10044=ORIENTED_EDGE('',*,*,#7299,.T.);
#10045=ORIENTED_EDGE('',*,*,#7300,.T.);
#10046=ORIENTED_EDGE('',*,*,#7301,.F.);
#10047=ORIENTED_EDGE('',*,*,#7302,.T.);
#10048=ORIENTED_EDGE('',*,*,#7303,.F.);
#10049=ORIENTED_EDGE('',*,*,#7304,.T.);
#10050=ORIENTED_EDGE('',*,*,#7299,.F.);
#10051=ORIENTED_EDGE('',*,*,#7301,.T.);
#10052=ORIENTED_EDGE('',*,*,#7305,.F.);
#10053=ORIENTED_EDGE('',*,*,#7306,.T.);
#10054=ORIENTED_EDGE('',*,*,#7307,.F.);
#10055=ORIENTED_EDGE('',*,*,#7308,.F.);
#10056=ORIENTED_EDGE('',*,*,#7309,.F.);
#10057=ORIENTED_EDGE('',*,*,#7310,.F.);
#10058=ORIENTED_EDGE('',*,*,#7311,.F.);
#10059=ORIENTED_EDGE('',*,*,#7312,.F.);
#10060=ORIENTED_EDGE('',*,*,#7313,.T.);
#10061=ORIENTED_EDGE('',*,*,#7314,.F.);
#10062=ORIENTED_EDGE('',*,*,#7313,.F.);
#10063=ORIENTED_EDGE('',*,*,#7315,.F.);
#10064=ORIENTED_EDGE('',*,*,#7306,.F.);
#10065=ORIENTED_EDGE('',*,*,#7316,.F.);
#10066=ORIENTED_EDGE('',*,*,#7317,.F.);
#10067=ORIENTED_EDGE('',*,*,#7318,.F.);
#10068=ORIENTED_EDGE('',*,*,#7319,.T.);
#10069=ORIENTED_EDGE('',*,*,#7320,.F.);
#10070=ORIENTED_EDGE('',*,*,#7319,.F.);
#10071=ORIENTED_EDGE('',*,*,#7321,.F.);
#10072=ORIENTED_EDGE('',*,*,#7322,.T.);
#10073=ORIENTED_EDGE('',*,*,#7323,.F.);
#10074=ORIENTED_EDGE('',*,*,#7322,.F.);
#10075=ORIENTED_EDGE('',*,*,#7324,.F.);
#10076=ORIENTED_EDGE('',*,*,#7309,.T.);
#10077=ORIENTED_EDGE('',*,*,#7310,.T.);
#10078=ORIENTED_EDGE('',*,*,#7324,.T.);
#10079=ORIENTED_EDGE('',*,*,#7321,.T.);
#10080=ORIENTED_EDGE('',*,*,#7318,.T.);
#10081=ORIENTED_EDGE('',*,*,#7325,.F.);
#10082=ORIENTED_EDGE('',*,*,#7326,.T.);
#10083=ORIENTED_EDGE('',*,*,#7327,.F.);
#10084=ORIENTED_EDGE('',*,*,#7328,.F.);
#10085=ORIENTED_EDGE('',*,*,#7317,.T.);
#10086=ORIENTED_EDGE('',*,*,#7329,.F.);
#10087=ORIENTED_EDGE('',*,*,#7330,.T.);
#10088=ORIENTED_EDGE('',*,*,#7325,.T.);
#10089=ORIENTED_EDGE('',*,*,#7311,.T.);
#10090=ORIENTED_EDGE('',*,*,#7328,.T.);
#10091=ORIENTED_EDGE('',*,*,#7331,.F.);
#10092=ORIENTED_EDGE('',*,*,#7332,.F.);
#10093=ORIENTED_EDGE('',*,*,#7333,.F.);
#10094=ORIENTED_EDGE('',*,*,#7334,.F.);
#10095=ORIENTED_EDGE('',*,*,#7329,.T.);
#10096=ORIENTED_EDGE('',*,*,#7316,.T.);
#10097=ORIENTED_EDGE('',*,*,#7320,.T.);
#10098=ORIENTED_EDGE('',*,*,#7323,.T.);
#10099=ORIENTED_EDGE('',*,*,#7308,.T.);
#10100=ORIENTED_EDGE('',*,*,#7314,.T.);
#10101=ORIENTED_EDGE('',*,*,#7305,.T.);
#10102=ORIENTED_EDGE('',*,*,#7300,.F.);
#10103=ORIENTED_EDGE('',*,*,#7304,.F.);
#10104=ORIENTED_EDGE('',*,*,#7335,.T.);
#10105=ORIENTED_EDGE('',*,*,#7336,.F.);
#10106=ORIENTED_EDGE('',*,*,#7337,.F.);
#10107=ORIENTED_EDGE('',*,*,#7338,.F.);
#10108=ORIENTED_EDGE('',*,*,#7339,.F.);
#10109=ORIENTED_EDGE('',*,*,#7340,.F.);
#10110=ORIENTED_EDGE('',*,*,#7330,.F.);
#10111=ORIENTED_EDGE('',*,*,#7334,.T.);
#10112=ORIENTED_EDGE('',*,*,#7341,.F.);
#10113=ORIENTED_EDGE('',*,*,#7326,.F.);
#10114=ORIENTED_EDGE('',*,*,#7341,.T.);
#10115=ORIENTED_EDGE('',*,*,#7333,.T.);
#10116=ORIENTED_EDGE('',*,*,#7342,.T.);
#10117=ORIENTED_EDGE('',*,*,#7343,.T.);
#10118=ORIENTED_EDGE('',*,*,#7331,.T.);
#10119=ORIENTED_EDGE('',*,*,#7327,.T.);
#10120=ORIENTED_EDGE('',*,*,#7344,.F.);
#10121=ORIENTED_EDGE('',*,*,#7345,.F.);
#10122=ORIENTED_EDGE('',*,*,#7346,.F.);
#10123=ORIENTED_EDGE('',*,*,#7347,.F.);
#10124=ORIENTED_EDGE('',*,*,#7348,.F.);
#10125=ORIENTED_EDGE('',*,*,#7302,.F.);
#10126=ORIENTED_EDGE('',*,*,#7298,.F.);
#10127=ORIENTED_EDGE('',*,*,#7307,.T.);
#10128=ORIENTED_EDGE('',*,*,#7315,.T.);
#10129=ORIENTED_EDGE('',*,*,#7312,.T.);
#10130=ORIENTED_EDGE('',*,*,#7332,.T.);
#10131=ORIENTED_EDGE('',*,*,#7343,.F.);
#10132=ORIENTED_EDGE('',*,*,#7349,.T.);
#10133=ORIENTED_EDGE('',*,*,#7349,.F.);
#10134=ORIENTED_EDGE('',*,*,#7350,.T.);
#10135=ORIENTED_EDGE('',*,*,#7340,.T.);
#10136=ORIENTED_EDGE('',*,*,#7350,.F.);
#10137=ORIENTED_EDGE('',*,*,#7348,.T.);
#10138=ORIENTED_EDGE('',*,*,#7351,.T.);
#10139=ORIENTED_EDGE('',*,*,#7335,.F.);
#10140=ORIENTED_EDGE('',*,*,#7303,.T.);
#10141=ORIENTED_EDGE('',*,*,#7347,.T.);
#10142=ORIENTED_EDGE('',*,*,#7352,.T.);
#10143=ORIENTED_EDGE('',*,*,#7336,.T.);
#10144=ORIENTED_EDGE('',*,*,#7351,.F.);
#10145=ORIENTED_EDGE('',*,*,#7346,.T.);
#10146=ORIENTED_EDGE('',*,*,#7353,.T.);
#10147=ORIENTED_EDGE('',*,*,#7337,.T.);
#10148=ORIENTED_EDGE('',*,*,#7352,.F.);
#10149=ORIENTED_EDGE('',*,*,#7297,.T.);
#10150=ORIENTED_EDGE('',*,*,#7344,.T.);
#10151=ORIENTED_EDGE('',*,*,#7342,.F.);
#10152=ORIENTED_EDGE('',*,*,#7339,.T.);
#10153=ORIENTED_EDGE('',*,*,#7354,.F.);
#10154=ORIENTED_EDGE('',*,*,#7345,.T.);
#10155=ORIENTED_EDGE('',*,*,#7354,.T.);
#10156=ORIENTED_EDGE('',*,*,#7338,.T.);
#10157=ORIENTED_EDGE('',*,*,#7353,.F.);
#10158=ORIENTED_EDGE('',*,*,#7355,.F.);
#10159=ORIENTED_EDGE('',*,*,#7356,.T.);
#10160=ORIENTED_EDGE('',*,*,#7357,.F.);
#10161=ORIENTED_EDGE('',*,*,#7356,.F.);
#10162=ORIENTED_EDGE('',*,*,#7355,.T.);
#10163=ORIENTED_EDGE('',*,*,#7358,.T.);
#10164=ORIENTED_EDGE('',*,*,#7359,.T.);
#10165=ORIENTED_EDGE('',*,*,#7360,.T.);
#10166=ORIENTED_EDGE('',*,*,#7361,.F.);
#10167=ORIENTED_EDGE('',*,*,#7362,.T.);
#10168=ORIENTED_EDGE('',*,*,#7363,.F.);
#10169=ORIENTED_EDGE('',*,*,#7364,.T.);
#10170=ORIENTED_EDGE('',*,*,#7359,.F.);
#10171=ORIENTED_EDGE('',*,*,#7365,.T.);
#10172=ORIENTED_EDGE('',*,*,#7361,.T.);
#10173=ORIENTED_EDGE('',*,*,#7366,.T.);
#10174=ORIENTED_EDGE('',*,*,#7367,.F.);
#10175=ORIENTED_EDGE('',*,*,#7357,.T.);
#10176=ORIENTED_EDGE('',*,*,#7368,.T.);
#10177=ORIENTED_EDGE('',*,*,#7367,.T.);
#10178=ORIENTED_EDGE('',*,*,#7369,.T.);
#10179=ORIENTED_EDGE('',*,*,#7370,.F.);
#10180=ORIENTED_EDGE('',*,*,#7371,.F.);
#10181=ORIENTED_EDGE('',*,*,#7370,.T.);
#10182=ORIENTED_EDGE('',*,*,#7372,.F.);
#10183=ORIENTED_EDGE('',*,*,#7373,.T.);
#10184=ORIENTED_EDGE('',*,*,#7374,.F.);
#10185=ORIENTED_EDGE('',*,*,#7375,.T.);
#10186=ORIENTED_EDGE('',*,*,#7376,.T.);
#10187=ORIENTED_EDGE('',*,*,#7375,.F.);
#10188=ORIENTED_EDGE('',*,*,#7377,.F.);
#10189=ORIENTED_EDGE('',*,*,#7378,.F.);
#10190=ORIENTED_EDGE('',*,*,#7379,.T.);
#10191=ORIENTED_EDGE('',*,*,#7380,.T.);
#10192=ORIENTED_EDGE('',*,*,#7381,.T.);
#10193=ORIENTED_EDGE('',*,*,#7382,.F.);
#10194=ORIENTED_EDGE('',*,*,#7383,.F.);
#10195=ORIENTED_EDGE('',*,*,#7372,.T.);
#10196=ORIENTED_EDGE('',*,*,#7369,.F.);
#10197=ORIENTED_EDGE('',*,*,#7366,.F.);
#10198=ORIENTED_EDGE('',*,*,#7360,.F.);
#10199=ORIENTED_EDGE('',*,*,#7364,.F.);
#10200=ORIENTED_EDGE('',*,*,#7376,.F.);
#10201=ORIENTED_EDGE('',*,*,#7362,.F.);
#10202=ORIENTED_EDGE('',*,*,#7358,.F.);
#10203=ORIENTED_EDGE('',*,*,#7365,.F.);
#10204=ORIENTED_EDGE('',*,*,#7368,.F.);
#10205=ORIENTED_EDGE('',*,*,#7371,.T.);
#10206=ORIENTED_EDGE('',*,*,#7384,.F.);
#10207=ORIENTED_EDGE('',*,*,#7385,.F.);
#10208=ORIENTED_EDGE('',*,*,#7386,.T.);
#10209=ORIENTED_EDGE('',*,*,#7387,.T.);
#10210=ORIENTED_EDGE('',*,*,#7388,.T.);
#10211=ORIENTED_EDGE('',*,*,#7389,.T.);
#10212=ORIENTED_EDGE('',*,*,#7390,.F.);
#10213=ORIENTED_EDGE('',*,*,#7374,.T.);
#10214=ORIENTED_EDGE('',*,*,#7384,.T.);
#10215=ORIENTED_EDGE('',*,*,#7373,.F.);
#10216=ORIENTED_EDGE('',*,*,#7383,.T.);
#10217=ORIENTED_EDGE('',*,*,#7391,.F.);
#10218=ORIENTED_EDGE('',*,*,#7392,.F.);
#10219=ORIENTED_EDGE('',*,*,#7393,.F.);
#10220=ORIENTED_EDGE('',*,*,#7394,.F.);
#10221=ORIENTED_EDGE('',*,*,#7395,.F.);
#10222=ORIENTED_EDGE('',*,*,#7388,.F.);
#10223=ORIENTED_EDGE('',*,*,#7396,.T.);
#10224=ORIENTED_EDGE('',*,*,#7379,.F.);
#10225=ORIENTED_EDGE('',*,*,#7397,.F.);
#10226=ORIENTED_EDGE('',*,*,#7380,.F.);
#10227=ORIENTED_EDGE('',*,*,#7396,.F.);
#10228=ORIENTED_EDGE('',*,*,#7387,.F.);
#10229=ORIENTED_EDGE('',*,*,#7398,.F.);
#10230=ORIENTED_EDGE('',*,*,#7399,.F.);
#10231=ORIENTED_EDGE('',*,*,#7400,.F.);
#10232=ORIENTED_EDGE('',*,*,#7401,.F.);
#10233=ORIENTED_EDGE('',*,*,#7402,.T.);
#10234=ORIENTED_EDGE('',*,*,#7403,.F.);
#10235=ORIENTED_EDGE('',*,*,#7402,.F.);
#10236=ORIENTED_EDGE('',*,*,#7404,.F.);
#10237=ORIENTED_EDGE('',*,*,#7405,.T.);
#10238=ORIENTED_EDGE('',*,*,#7406,.F.);
#10239=ORIENTED_EDGE('',*,*,#7405,.F.);
#10240=ORIENTED_EDGE('',*,*,#7407,.F.);
#10241=ORIENTED_EDGE('',*,*,#7393,.T.);
#10242=ORIENTED_EDGE('',*,*,#7397,.T.);
#10243=ORIENTED_EDGE('',*,*,#7378,.T.);
#10244=ORIENTED_EDGE('',*,*,#7408,.F.);
#10245=ORIENTED_EDGE('',*,*,#7409,.F.);
#10246=ORIENTED_EDGE('',*,*,#7394,.T.);
#10247=ORIENTED_EDGE('',*,*,#7407,.T.);
#10248=ORIENTED_EDGE('',*,*,#7404,.T.);
#10249=ORIENTED_EDGE('',*,*,#7401,.T.);
#10250=ORIENTED_EDGE('',*,*,#7410,.T.);
#10251=ORIENTED_EDGE('',*,*,#7411,.T.);
#10252=ORIENTED_EDGE('',*,*,#7412,.F.);
#10253=ORIENTED_EDGE('',*,*,#7413,.F.);
#10254=ORIENTED_EDGE('',*,*,#7400,.T.);
#10255=ORIENTED_EDGE('',*,*,#7414,.F.);
#10256=ORIENTED_EDGE('',*,*,#7415,.T.);
#10257=ORIENTED_EDGE('',*,*,#7410,.F.);
#10258=ORIENTED_EDGE('',*,*,#7416,.T.);
#10259=ORIENTED_EDGE('',*,*,#7381,.F.);
#10260=ORIENTED_EDGE('',*,*,#7398,.T.);
#10261=ORIENTED_EDGE('',*,*,#7386,.F.);
#10262=ORIENTED_EDGE('',*,*,#7392,.T.);
#10263=ORIENTED_EDGE('',*,*,#7409,.T.);
#10264=ORIENTED_EDGE('',*,*,#7417,.F.);
#10265=ORIENTED_EDGE('',*,*,#7418,.F.);
#10266=ORIENTED_EDGE('',*,*,#7414,.T.);
#10267=ORIENTED_EDGE('',*,*,#7399,.T.);
#10268=ORIENTED_EDGE('',*,*,#7403,.T.);
#10269=ORIENTED_EDGE('',*,*,#7406,.T.);
#10270=ORIENTED_EDGE('',*,*,#7415,.F.);
#10271=ORIENTED_EDGE('',*,*,#7418,.T.);
#10272=ORIENTED_EDGE('',*,*,#7419,.F.);
#10273=ORIENTED_EDGE('',*,*,#7411,.F.);
#10274=ORIENTED_EDGE('',*,*,#7395,.T.);
#10275=ORIENTED_EDGE('',*,*,#7413,.T.);
#10276=ORIENTED_EDGE('',*,*,#7420,.F.);
#10277=ORIENTED_EDGE('',*,*,#7389,.F.);
#10278=ORIENTED_EDGE('',*,*,#7390,.T.);
#10279=ORIENTED_EDGE('',*,*,#7420,.T.);
#10280=ORIENTED_EDGE('',*,*,#7412,.T.);
#10281=ORIENTED_EDGE('',*,*,#7419,.T.);
#10282=ORIENTED_EDGE('',*,*,#7417,.T.);
#10283=ORIENTED_EDGE('',*,*,#7408,.T.);
#10284=ORIENTED_EDGE('',*,*,#7377,.T.);
#10285=ORIENTED_EDGE('',*,*,#7363,.T.);
#10286=ORIENTED_EDGE('',*,*,#7385,.T.);
#10287=ORIENTED_EDGE('',*,*,#7391,.T.);
#10288=ORIENTED_EDGE('',*,*,#7382,.T.);
#10289=ORIENTED_EDGE('',*,*,#7416,.F.);
#10290=ORIENTED_EDGE('',*,*,#7421,.F.);
#10291=ORIENTED_EDGE('',*,*,#7422,.T.);
#10292=ORIENTED_EDGE('',*,*,#7423,.F.);
#10293=ORIENTED_EDGE('',*,*,#7422,.F.);
#10294=ORIENTED_EDGE('',*,*,#7421,.T.);
#10295=ORIENTED_EDGE('',*,*,#7424,.T.);
#10296=ORIENTED_EDGE('',*,*,#7425,.F.);
#10297=ORIENTED_EDGE('',*,*,#7426,.T.);
#10298=ORIENTED_EDGE('',*,*,#7427,.T.);
#10299=ORIENTED_EDGE('',*,*,#7428,.T.);
#10300=ORIENTED_EDGE('',*,*,#7427,.F.);
#10301=ORIENTED_EDGE('',*,*,#7429,.T.);
#10302=ORIENTED_EDGE('',*,*,#7430,.F.);
#10303=ORIENTED_EDGE('',*,*,#7431,.F.);
#10304=ORIENTED_EDGE('',*,*,#7432,.F.);
#10305=ORIENTED_EDGE('',*,*,#7433,.F.);
#10306=ORIENTED_EDGE('',*,*,#7434,.F.);
#10307=ORIENTED_EDGE('',*,*,#7435,.F.);
#10308=ORIENTED_EDGE('',*,*,#7436,.T.);
#10309=ORIENTED_EDGE('',*,*,#7437,.F.);
#10310=ORIENTED_EDGE('',*,*,#7438,.F.);
#10311=ORIENTED_EDGE('',*,*,#7439,.F.);
#10312=ORIENTED_EDGE('',*,*,#7436,.F.);
#10313=ORIENTED_EDGE('',*,*,#7440,.F.);
#10314=ORIENTED_EDGE('',*,*,#7441,.F.);
#10315=ORIENTED_EDGE('',*,*,#7442,.F.);
#10316=ORIENTED_EDGE('',*,*,#7443,.F.);
#10317=ORIENTED_EDGE('',*,*,#7444,.F.);
#10318=ORIENTED_EDGE('',*,*,#7445,.T.);
#10319=ORIENTED_EDGE('',*,*,#7446,.F.);
#10320=ORIENTED_EDGE('',*,*,#7445,.F.);
#10321=ORIENTED_EDGE('',*,*,#7447,.F.);
#10322=ORIENTED_EDGE('',*,*,#7448,.T.);
#10323=ORIENTED_EDGE('',*,*,#7449,.F.);
#10324=ORIENTED_EDGE('',*,*,#7448,.F.);
#10325=ORIENTED_EDGE('',*,*,#7450,.F.);
#10326=ORIENTED_EDGE('',*,*,#7432,.T.);
#10327=ORIENTED_EDGE('',*,*,#7438,.T.);
#10328=ORIENTED_EDGE('',*,*,#7451,.T.);
#10329=ORIENTED_EDGE('',*,*,#7452,.F.);
#10330=ORIENTED_EDGE('',*,*,#7453,.F.);
#10331=ORIENTED_EDGE('',*,*,#7433,.T.);
#10332=ORIENTED_EDGE('',*,*,#7450,.T.);
#10333=ORIENTED_EDGE('',*,*,#7447,.T.);
#10334=ORIENTED_EDGE('',*,*,#7444,.T.);
#10335=ORIENTED_EDGE('',*,*,#7454,.F.);
#10336=ORIENTED_EDGE('',*,*,#7455,.T.);
#10337=ORIENTED_EDGE('',*,*,#7456,.F.);
#10338=ORIENTED_EDGE('',*,*,#7457,.F.);
#10339=ORIENTED_EDGE('',*,*,#7443,.T.);
#10340=ORIENTED_EDGE('',*,*,#7458,.T.);
#10341=ORIENTED_EDGE('',*,*,#7459,.T.);
#10342=ORIENTED_EDGE('',*,*,#7454,.T.);
#10343=ORIENTED_EDGE('',*,*,#7425,.T.);
#10344=ORIENTED_EDGE('',*,*,#7460,.F.);
#10345=ORIENTED_EDGE('',*,*,#7441,.T.);
#10346=ORIENTED_EDGE('',*,*,#7461,.F.);
#10347=ORIENTED_EDGE('',*,*,#7459,.F.);
#10348=ORIENTED_EDGE('',*,*,#7462,.T.);
#10349=ORIENTED_EDGE('',*,*,#7463,.F.);
#10350=ORIENTED_EDGE('',*,*,#7455,.F.);
#10351=ORIENTED_EDGE('',*,*,#7434,.T.);
#10352=ORIENTED_EDGE('',*,*,#7457,.T.);
#10353=ORIENTED_EDGE('',*,*,#7464,.F.);
#10354=ORIENTED_EDGE('',*,*,#7465,.F.);
#10355=ORIENTED_EDGE('',*,*,#7431,.T.);
#10356=ORIENTED_EDGE('',*,*,#7453,.T.);
#10357=ORIENTED_EDGE('',*,*,#7466,.F.);
#10358=ORIENTED_EDGE('',*,*,#7462,.F.);
#10359=ORIENTED_EDGE('',*,*,#7458,.F.);
#10360=ORIENTED_EDGE('',*,*,#7442,.T.);
#10361=ORIENTED_EDGE('',*,*,#7446,.T.);
#10362=ORIENTED_EDGE('',*,*,#7449,.T.);
#10363=ORIENTED_EDGE('',*,*,#7466,.T.);
#10364=ORIENTED_EDGE('',*,*,#7452,.T.);
#10365=ORIENTED_EDGE('',*,*,#7467,.T.);
#10366=ORIENTED_EDGE('',*,*,#7468,.T.);
#10367=ORIENTED_EDGE('',*,*,#7469,.T.);
#10368=ORIENTED_EDGE('',*,*,#7464,.T.);
#10369=ORIENTED_EDGE('',*,*,#7456,.T.);
#10370=ORIENTED_EDGE('',*,*,#7463,.T.);
#10371=ORIENTED_EDGE('',*,*,#7467,.F.);
#10372=ORIENTED_EDGE('',*,*,#7451,.F.);
#10373=ORIENTED_EDGE('',*,*,#7437,.T.);
#10374=ORIENTED_EDGE('',*,*,#7439,.T.);
#10375=ORIENTED_EDGE('',*,*,#7460,.T.);
#10376=ORIENTED_EDGE('',*,*,#7424,.F.);
#10377=ORIENTED_EDGE('',*,*,#7428,.F.);
#10378=ORIENTED_EDGE('',*,*,#7470,.T.);
#10379=ORIENTED_EDGE('',*,*,#7471,.F.);
#10380=ORIENTED_EDGE('',*,*,#7472,.F.);
#10381=ORIENTED_EDGE('',*,*,#7473,.F.);
#10382=ORIENTED_EDGE('',*,*,#7474,.F.);
#10383=ORIENTED_EDGE('',*,*,#7475,.F.);
#10384=ORIENTED_EDGE('',*,*,#7476,.F.);
#10385=ORIENTED_EDGE('',*,*,#7477,.F.);
#10386=ORIENTED_EDGE('',*,*,#7478,.F.);
#10387=ORIENTED_EDGE('',*,*,#7479,.F.);
#10388=ORIENTED_EDGE('',*,*,#7480,.F.);
#10389=ORIENTED_EDGE('',*,*,#7429,.F.);
#10390=ORIENTED_EDGE('',*,*,#7426,.F.);
#10391=ORIENTED_EDGE('',*,*,#7461,.T.);
#10392=ORIENTED_EDGE('',*,*,#7440,.T.);
#10393=ORIENTED_EDGE('',*,*,#7435,.T.);
#10394=ORIENTED_EDGE('',*,*,#7465,.T.);
#10395=ORIENTED_EDGE('',*,*,#7469,.F.);
#10396=ORIENTED_EDGE('',*,*,#7481,.T.);
#10397=ORIENTED_EDGE('',*,*,#7481,.F.);
#10398=ORIENTED_EDGE('',*,*,#7482,.T.);
#10399=ORIENTED_EDGE('',*,*,#7475,.T.);
#10400=ORIENTED_EDGE('',*,*,#7482,.F.);
#10401=ORIENTED_EDGE('',*,*,#7480,.T.);
#10402=ORIENTED_EDGE('',*,*,#7483,.T.);
#10403=ORIENTED_EDGE('',*,*,#7470,.F.);
#10404=ORIENTED_EDGE('',*,*,#7430,.T.);
#10405=ORIENTED_EDGE('',*,*,#7479,.T.);
#10406=ORIENTED_EDGE('',*,*,#7484,.T.);
#10407=ORIENTED_EDGE('',*,*,#7471,.T.);
#10408=ORIENTED_EDGE('',*,*,#7483,.F.);
#10409=ORIENTED_EDGE('',*,*,#7478,.T.);
#10410=ORIENTED_EDGE('',*,*,#7485,.T.);
#10411=ORIENTED_EDGE('',*,*,#7472,.T.);
#10412=ORIENTED_EDGE('',*,*,#7484,.F.);
#10413=ORIENTED_EDGE('',*,*,#7423,.T.);
#10414=ORIENTED_EDGE('',*,*,#7476,.T.);
#10415=ORIENTED_EDGE('',*,*,#7468,.F.);
#10416=ORIENTED_EDGE('',*,*,#7474,.T.);
#10417=ORIENTED_EDGE('',*,*,#7486,.F.);
#10418=ORIENTED_EDGE('',*,*,#7477,.T.);
#10419=ORIENTED_EDGE('',*,*,#7486,.T.);
#10420=ORIENTED_EDGE('',*,*,#7473,.T.);
#10421=ORIENTED_EDGE('',*,*,#7485,.F.);
#10422=ORIENTED_EDGE('',*,*,#7487,.F.);
#10423=ORIENTED_EDGE('',*,*,#7488,.T.);
#10424=ORIENTED_EDGE('',*,*,#7489,.F.);
#10425=ORIENTED_EDGE('',*,*,#7488,.F.);
#10426=ORIENTED_EDGE('',*,*,#7487,.T.);
#10427=ORIENTED_EDGE('',*,*,#7490,.T.);
#10428=ORIENTED_EDGE('',*,*,#7491,.F.);
#10429=ORIENTED_EDGE('',*,*,#7492,.T.);
#10430=ORIENTED_EDGE('',*,*,#7493,.T.);
#10431=ORIENTED_EDGE('',*,*,#7494,.T.);
#10432=ORIENTED_EDGE('',*,*,#7493,.F.);
#10433=ORIENTED_EDGE('',*,*,#7495,.T.);
#10434=ORIENTED_EDGE('',*,*,#7496,.F.);
#10435=ORIENTED_EDGE('',*,*,#7497,.T.);
#10436=ORIENTED_EDGE('',*,*,#7498,.F.);
#10437=ORIENTED_EDGE('',*,*,#7499,.T.);
#10438=ORIENTED_EDGE('',*,*,#7491,.T.);
#10439=ORIENTED_EDGE('',*,*,#7489,.T.);
#10440=ORIENTED_EDGE('',*,*,#7500,.T.);
#10441=ORIENTED_EDGE('',*,*,#7501,.F.);
#10442=ORIENTED_EDGE('',*,*,#7502,.T.);
#10443=ORIENTED_EDGE('',*,*,#7498,.T.);
#10444=ORIENTED_EDGE('',*,*,#7503,.T.);
#10445=ORIENTED_EDGE('',*,*,#7504,.T.);
#10446=ORIENTED_EDGE('',*,*,#7505,.T.);
#10447=ORIENTED_EDGE('',*,*,#7501,.T.);
#10448=ORIENTED_EDGE('',*,*,#7506,.F.);
#10449=ORIENTED_EDGE('',*,*,#7507,.T.);
#10450=ORIENTED_EDGE('',*,*,#7508,.T.);
#10451=ORIENTED_EDGE('',*,*,#7507,.F.);
#10452=ORIENTED_EDGE('',*,*,#7496,.T.);
#10453=ORIENTED_EDGE('',*,*,#7509,.T.);
#10454=ORIENTED_EDGE('',*,*,#7510,.F.);
#10455=ORIENTED_EDGE('',*,*,#7511,.F.);
#10456=ORIENTED_EDGE('',*,*,#7495,.F.);
#10457=ORIENTED_EDGE('',*,*,#7492,.F.);
#10458=ORIENTED_EDGE('',*,*,#7499,.F.);
#10459=ORIENTED_EDGE('',*,*,#7502,.F.);
#10460=ORIENTED_EDGE('',*,*,#7505,.F.);
#10461=ORIENTED_EDGE('',*,*,#7512,.F.);
#10462=ORIENTED_EDGE('',*,*,#7513,.F.);
#10463=ORIENTED_EDGE('',*,*,#7514,.F.);
#10464=ORIENTED_EDGE('',*,*,#7515,.T.);
#10465=ORIENTED_EDGE('',*,*,#7516,.T.);
#10466=ORIENTED_EDGE('',*,*,#7517,.T.);
#10467=ORIENTED_EDGE('',*,*,#7518,.T.);
#10468=ORIENTED_EDGE('',*,*,#7519,.F.);
#10469=ORIENTED_EDGE('',*,*,#7520,.T.);
#10470=ORIENTED_EDGE('',*,*,#7521,.F.);
#10471=ORIENTED_EDGE('',*,*,#7522,.F.);
#10472=ORIENTED_EDGE('',*,*,#7509,.F.);
#10473=ORIENTED_EDGE('',*,*,#7506,.T.);
#10474=ORIENTED_EDGE('',*,*,#7523,.F.);
#10475=ORIENTED_EDGE('',*,*,#7520,.F.);
#10476=ORIENTED_EDGE('',*,*,#7524,.F.);
#10477=ORIENTED_EDGE('',*,*,#7525,.T.);
#10478=ORIENTED_EDGE('',*,*,#7511,.T.);
#10479=ORIENTED_EDGE('',*,*,#7526,.F.);
#10480=ORIENTED_EDGE('',*,*,#7527,.F.);
#10481=ORIENTED_EDGE('',*,*,#7525,.F.);
#10482=ORIENTED_EDGE('',*,*,#7528,.F.);
#10483=ORIENTED_EDGE('',*,*,#7529,.T.);
#10484=ORIENTED_EDGE('',*,*,#7530,.T.);
#10485=ORIENTED_EDGE('',*,*,#7531,.T.);
#10486=ORIENTED_EDGE('',*,*,#7532,.T.);
#10487=ORIENTED_EDGE('',*,*,#7533,.F.);
#10488=ORIENTED_EDGE('',*,*,#7534,.F.);
#10489=ORIENTED_EDGE('',*,*,#7535,.F.);
#10490=ORIENTED_EDGE('',*,*,#7503,.F.);
#10491=ORIENTED_EDGE('',*,*,#7500,.F.);
#10492=ORIENTED_EDGE('',*,*,#7497,.F.);
#10493=ORIENTED_EDGE('',*,*,#7490,.F.);
#10494=ORIENTED_EDGE('',*,*,#7494,.F.);
#10495=ORIENTED_EDGE('',*,*,#7508,.F.);
#10496=ORIENTED_EDGE('',*,*,#7536,.F.);
#10497=ORIENTED_EDGE('',*,*,#7526,.T.);
#10498=ORIENTED_EDGE('',*,*,#7510,.T.);
#10499=ORIENTED_EDGE('',*,*,#7522,.T.);
#10500=ORIENTED_EDGE('',*,*,#7527,.T.);
#10501=ORIENTED_EDGE('',*,*,#7536,.T.);
#10502=ORIENTED_EDGE('',*,*,#7521,.T.);
#10503=ORIENTED_EDGE('',*,*,#7523,.T.);
#10504=ORIENTED_EDGE('',*,*,#7537,.T.);
#10505=ORIENTED_EDGE('',*,*,#7528,.T.);
#10506=ORIENTED_EDGE('',*,*,#7524,.T.);
#10507=ORIENTED_EDGE('',*,*,#7519,.T.);
#10508=ORIENTED_EDGE('',*,*,#7515,.F.);
#10509=ORIENTED_EDGE('',*,*,#7538,.F.);
#10510=ORIENTED_EDGE('',*,*,#7532,.F.);
#10511=ORIENTED_EDGE('',*,*,#7539,.F.);
#10512=ORIENTED_EDGE('',*,*,#7516,.F.);
#10513=ORIENTED_EDGE('',*,*,#7539,.T.);
#10514=ORIENTED_EDGE('',*,*,#7531,.F.);
#10515=ORIENTED_EDGE('',*,*,#7540,.F.);
#10516=ORIENTED_EDGE('',*,*,#7518,.F.);
#10517=ORIENTED_EDGE('',*,*,#7541,.T.);
#10518=ORIENTED_EDGE('',*,*,#7529,.F.);
#10519=ORIENTED_EDGE('',*,*,#7537,.F.);
#10520=ORIENTED_EDGE('',*,*,#7517,.F.);
#10521=ORIENTED_EDGE('',*,*,#7540,.T.);
#10522=ORIENTED_EDGE('',*,*,#7530,.F.);
#10523=ORIENTED_EDGE('',*,*,#7541,.F.);
#10524=ORIENTED_EDGE('',*,*,#7514,.T.);
#10525=ORIENTED_EDGE('',*,*,#7542,.T.);
#10526=ORIENTED_EDGE('',*,*,#7533,.T.);
#10527=ORIENTED_EDGE('',*,*,#7538,.T.);
#10528=ORIENTED_EDGE('',*,*,#7513,.T.);
#10529=ORIENTED_EDGE('',*,*,#7543,.T.);
#10530=ORIENTED_EDGE('',*,*,#7534,.T.);
#10531=ORIENTED_EDGE('',*,*,#7542,.F.);
#10532=ORIENTED_EDGE('',*,*,#7512,.T.);
#10533=ORIENTED_EDGE('',*,*,#7504,.F.);
#10534=ORIENTED_EDGE('',*,*,#7535,.T.);
#10535=ORIENTED_EDGE('',*,*,#7543,.F.);
#10536=ORIENTED_EDGE('',*,*,#7544,.F.);
#10537=ORIENTED_EDGE('',*,*,#7545,.T.);
#10538=ORIENTED_EDGE('',*,*,#7546,.F.);
#10539=ORIENTED_EDGE('',*,*,#7545,.F.);
#10540=ORIENTED_EDGE('',*,*,#7544,.T.);
#10541=ORIENTED_EDGE('',*,*,#7547,.T.);
#10542=ORIENTED_EDGE('',*,*,#7548,.F.);
#10543=ORIENTED_EDGE('',*,*,#7549,.T.);
#10544=ORIENTED_EDGE('',*,*,#7550,.T.);
#10545=ORIENTED_EDGE('',*,*,#7551,.T.);
#10546=ORIENTED_EDGE('',*,*,#7550,.F.);
#10547=ORIENTED_EDGE('',*,*,#7552,.T.);
#10548=ORIENTED_EDGE('',*,*,#7553,.F.);
#10549=ORIENTED_EDGE('',*,*,#7548,.T.);
#10550=ORIENTED_EDGE('',*,*,#7554,.F.);
#10551=ORIENTED_EDGE('',*,*,#7555,.T.);
#10552=ORIENTED_EDGE('',*,*,#7556,.F.);
#10553=ORIENTED_EDGE('',*,*,#7557,.F.);
#10554=ORIENTED_EDGE('',*,*,#7558,.F.);
#10555=ORIENTED_EDGE('',*,*,#7559,.F.);
#10556=ORIENTED_EDGE('',*,*,#7560,.F.);
#10557=ORIENTED_EDGE('',*,*,#7561,.F.);
#10558=ORIENTED_EDGE('',*,*,#7562,.T.);
#10559=ORIENTED_EDGE('',*,*,#7563,.F.);
#10560=ORIENTED_EDGE('',*,*,#7562,.F.);
#10561=ORIENTED_EDGE('',*,*,#7564,.F.);
#10562=ORIENTED_EDGE('',*,*,#7555,.F.);
#10563=ORIENTED_EDGE('',*,*,#7565,.F.);
#10564=ORIENTED_EDGE('',*,*,#7566,.F.);
#10565=ORIENTED_EDGE('',*,*,#7567,.F.);
#10566=ORIENTED_EDGE('',*,*,#7568,.T.);
#10567=ORIENTED_EDGE('',*,*,#7569,.F.);
#10568=ORIENTED_EDGE('',*,*,#7568,.F.);
#10569=ORIENTED_EDGE('',*,*,#7570,.F.);
#10570=ORIENTED_EDGE('',*,*,#7571,.T.);
#10571=ORIENTED_EDGE('',*,*,#7572,.F.);
#10572=ORIENTED_EDGE('',*,*,#7571,.F.);
#10573=ORIENTED_EDGE('',*,*,#7573,.F.);
#10574=ORIENTED_EDGE('',*,*,#7558,.T.);
#10575=ORIENTED_EDGE('',*,*,#7559,.T.);
#10576=ORIENTED_EDGE('',*,*,#7573,.T.);
#10577=ORIENTED_EDGE('',*,*,#7570,.T.);
#10578=ORIENTED_EDGE('',*,*,#7567,.T.);
#10579=ORIENTED_EDGE('',*,*,#7574,.T.);
#10580=ORIENTED_EDGE('',*,*,#7575,.T.);
#10581=ORIENTED_EDGE('',*,*,#7576,.F.);
#10582=ORIENTED_EDGE('',*,*,#7577,.F.);
#10583=ORIENTED_EDGE('',*,*,#7566,.T.);
#10584=ORIENTED_EDGE('',*,*,#7578,.F.);
#10585=ORIENTED_EDGE('',*,*,#7579,.F.);
#10586=ORIENTED_EDGE('',*,*,#7574,.F.);
#10587=ORIENTED_EDGE('',*,*,#7579,.T.);
#10588=ORIENTED_EDGE('',*,*,#7580,.T.);
#10589=ORIENTED_EDGE('',*,*,#7581,.F.);
#10590=ORIENTED_EDGE('',*,*,#7575,.F.);
#10591=ORIENTED_EDGE('',*,*,#7560,.T.);
#10592=ORIENTED_EDGE('',*,*,#7577,.T.);
#10593=ORIENTED_EDGE('',*,*,#7582,.F.);
#10594=ORIENTED_EDGE('',*,*,#7583,.F.);
#10595=ORIENTED_EDGE('',*,*,#7584,.F.);
#10596=ORIENTED_EDGE('',*,*,#7580,.F.);
#10597=ORIENTED_EDGE('',*,*,#7578,.T.);
#10598=ORIENTED_EDGE('',*,*,#7565,.T.);
#10599=ORIENTED_EDGE('',*,*,#7569,.T.);
#10600=ORIENTED_EDGE('',*,*,#7572,.T.);
#10601=ORIENTED_EDGE('',*,*,#7557,.T.);
#10602=ORIENTED_EDGE('',*,*,#7563,.T.);
#10603=ORIENTED_EDGE('',*,*,#7554,.T.);
#10604=ORIENTED_EDGE('',*,*,#7547,.F.);
#10605=ORIENTED_EDGE('',*,*,#7551,.F.);
#10606=ORIENTED_EDGE('',*,*,#7585,.T.);
#10607=ORIENTED_EDGE('',*,*,#7586,.F.);
#10608=ORIENTED_EDGE('',*,*,#7587,.F.);
#10609=ORIENTED_EDGE('',*,*,#7588,.F.);
#10610=ORIENTED_EDGE('',*,*,#7589,.F.);
#10611=ORIENTED_EDGE('',*,*,#7590,.F.);
#10612=ORIENTED_EDGE('',*,*,#7584,.T.);
#10613=ORIENTED_EDGE('',*,*,#7591,.T.);
#10614=ORIENTED_EDGE('',*,*,#7592,.T.);
#10615=ORIENTED_EDGE('',*,*,#7582,.T.);
#10616=ORIENTED_EDGE('',*,*,#7576,.T.);
#10617=ORIENTED_EDGE('',*,*,#7581,.T.);
#10618=ORIENTED_EDGE('',*,*,#7593,.F.);
#10619=ORIENTED_EDGE('',*,*,#7594,.F.);
#10620=ORIENTED_EDGE('',*,*,#7595,.F.);
#10621=ORIENTED_EDGE('',*,*,#7596,.F.);
#10622=ORIENTED_EDGE('',*,*,#7597,.F.);
#10623=ORIENTED_EDGE('',*,*,#7552,.F.);
#10624=ORIENTED_EDGE('',*,*,#7549,.F.);
#10625=ORIENTED_EDGE('',*,*,#7556,.T.);
#10626=ORIENTED_EDGE('',*,*,#7564,.T.);
#10627=ORIENTED_EDGE('',*,*,#7561,.T.);
#10628=ORIENTED_EDGE('',*,*,#7583,.T.);
#10629=ORIENTED_EDGE('',*,*,#7592,.F.);
#10630=ORIENTED_EDGE('',*,*,#7598,.T.);
#10631=ORIENTED_EDGE('',*,*,#7598,.F.);
#10632=ORIENTED_EDGE('',*,*,#7599,.T.);
#10633=ORIENTED_EDGE('',*,*,#7590,.T.);
#10634=ORIENTED_EDGE('',*,*,#7599,.F.);
#10635=ORIENTED_EDGE('',*,*,#7597,.T.);
#10636=ORIENTED_EDGE('',*,*,#7600,.T.);
#10637=ORIENTED_EDGE('',*,*,#7585,.F.);
#10638=ORIENTED_EDGE('',*,*,#7553,.T.);
#10639=ORIENTED_EDGE('',*,*,#7596,.T.);
#10640=ORIENTED_EDGE('',*,*,#7601,.T.);
#10641=ORIENTED_EDGE('',*,*,#7586,.T.);
#10642=ORIENTED_EDGE('',*,*,#7600,.F.);
#10643=ORIENTED_EDGE('',*,*,#7595,.T.);
#10644=ORIENTED_EDGE('',*,*,#7602,.T.);
#10645=ORIENTED_EDGE('',*,*,#7587,.T.);
#10646=ORIENTED_EDGE('',*,*,#7601,.F.);
#10647=ORIENTED_EDGE('',*,*,#7546,.T.);
#10648=ORIENTED_EDGE('',*,*,#7593,.T.);
#10649=ORIENTED_EDGE('',*,*,#7591,.F.);
#10650=ORIENTED_EDGE('',*,*,#7589,.T.);
#10651=ORIENTED_EDGE('',*,*,#7603,.F.);
#10652=ORIENTED_EDGE('',*,*,#7594,.T.);
#10653=ORIENTED_EDGE('',*,*,#7603,.T.);
#10654=ORIENTED_EDGE('',*,*,#7588,.T.);
#10655=ORIENTED_EDGE('',*,*,#7602,.F.);
#10656=ORIENTED_EDGE('',*,*,#7604,.F.);
#10657=ORIENTED_EDGE('',*,*,#7605,.T.);
#10658=ORIENTED_EDGE('',*,*,#7606,.F.);
#10659=ORIENTED_EDGE('',*,*,#7605,.F.);
#10660=ORIENTED_EDGE('',*,*,#7604,.T.);
#10661=ORIENTED_EDGE('',*,*,#7607,.F.);
#10662=ORIENTED_EDGE('',*,*,#7608,.F.);
#10663=ORIENTED_EDGE('',*,*,#7609,.F.);
#10664=ORIENTED_EDGE('',*,*,#7610,.F.);
#10665=ORIENTED_EDGE('',*,*,#7611,.F.);
#10666=ORIENTED_EDGE('',*,*,#7612,.F.);
#10667=ORIENTED_EDGE('',*,*,#7613,.F.);
#10668=ORIENTED_EDGE('',*,*,#7614,.F.);
#10669=ORIENTED_EDGE('',*,*,#7615,.F.);
#10670=ORIENTED_EDGE('',*,*,#7616,.F.);
#10671=ORIENTED_EDGE('',*,*,#7617,.F.);
#10672=ORIENTED_EDGE('',*,*,#7618,.F.);
#10673=ORIENTED_EDGE('',*,*,#7619,.F.);
#10674=ORIENTED_EDGE('',*,*,#7620,.T.);
#10675=ORIENTED_EDGE('',*,*,#7621,.F.);
#10676=ORIENTED_EDGE('',*,*,#7622,.T.);
#10677=ORIENTED_EDGE('',*,*,#7613,.T.);
#10678=ORIENTED_EDGE('',*,*,#7623,.F.);
#10679=ORIENTED_EDGE('',*,*,#7617,.T.);
#10680=ORIENTED_EDGE('',*,*,#7624,.T.);
#10681=ORIENTED_EDGE('',*,*,#7606,.T.);
#10682=ORIENTED_EDGE('',*,*,#7612,.T.);
#10683=ORIENTED_EDGE('',*,*,#7625,.F.);
#10684=ORIENTED_EDGE('',*,*,#7618,.T.);
#10685=ORIENTED_EDGE('',*,*,#7623,.T.);
#10686=ORIENTED_EDGE('',*,*,#7611,.T.);
#10687=ORIENTED_EDGE('',*,*,#7626,.F.);
#10688=ORIENTED_EDGE('',*,*,#7619,.T.);
#10689=ORIENTED_EDGE('',*,*,#7625,.T.);
#10690=ORIENTED_EDGE('',*,*,#7607,.T.);
#10691=ORIENTED_EDGE('',*,*,#7627,.F.);
#10692=ORIENTED_EDGE('',*,*,#7615,.T.);
#10693=ORIENTED_EDGE('',*,*,#7628,.T.);
#10694=ORIENTED_EDGE('',*,*,#7610,.T.);
#10695=ORIENTED_EDGE('',*,*,#7629,.F.);
#10696=ORIENTED_EDGE('',*,*,#7620,.F.);
#10697=ORIENTED_EDGE('',*,*,#7626,.T.);
#10698=ORIENTED_EDGE('',*,*,#7608,.T.);
#10699=ORIENTED_EDGE('',*,*,#7628,.F.);
#10700=ORIENTED_EDGE('',*,*,#7622,.F.);
#10701=ORIENTED_EDGE('',*,*,#7630,.T.);
#10702=ORIENTED_EDGE('',*,*,#7614,.T.);
#10703=ORIENTED_EDGE('',*,*,#7624,.F.);
#10704=ORIENTED_EDGE('',*,*,#7616,.T.);
#10705=ORIENTED_EDGE('',*,*,#7627,.T.);
#10706=ORIENTED_EDGE('',*,*,#7609,.T.);
#10707=ORIENTED_EDGE('',*,*,#7630,.F.);
#10708=ORIENTED_EDGE('',*,*,#7621,.T.);
#10709=ORIENTED_EDGE('',*,*,#7629,.T.);
#10710=ORIENTED_EDGE('',*,*,#7631,.T.);
#10711=ORIENTED_EDGE('',*,*,#7632,.F.);
#10712=ORIENTED_EDGE('',*,*,#7633,.T.);
#10713=ORIENTED_EDGE('',*,*,#7634,.T.);
#10714=ORIENTED_EDGE('',*,*,#7635,.T.);
#10715=ORIENTED_EDGE('',*,*,#7634,.F.);
#10716=ORIENTED_EDGE('',*,*,#7636,.T.);
#10717=ORIENTED_EDGE('',*,*,#7637,.F.);
#10718=ORIENTED_EDGE('',*,*,#7637,.T.);
#10719=ORIENTED_EDGE('',*,*,#7638,.F.);
#10720=ORIENTED_EDGE('',*,*,#7639,.T.);
#10721=ORIENTED_EDGE('',*,*,#7640,.F.);
#10722=ORIENTED_EDGE('',*,*,#7641,.F.);
#10723=ORIENTED_EDGE('',*,*,#7642,.F.);
#10724=ORIENTED_EDGE('',*,*,#7643,.F.);
#10725=ORIENTED_EDGE('',*,*,#7644,.F.);
#10726=ORIENTED_EDGE('',*,*,#7645,.F.);
#10727=ORIENTED_EDGE('',*,*,#7646,.T.);
#10728=ORIENTED_EDGE('',*,*,#7647,.F.);
#10729=ORIENTED_EDGE('',*,*,#7648,.F.);
#10730=ORIENTED_EDGE('',*,*,#7649,.F.);
#10731=ORIENTED_EDGE('',*,*,#7646,.F.);
#10732=ORIENTED_EDGE('',*,*,#7650,.F.);
#10733=ORIENTED_EDGE('',*,*,#7651,.F.);
#10734=ORIENTED_EDGE('',*,*,#7652,.F.);
#10735=ORIENTED_EDGE('',*,*,#7653,.F.);
#10736=ORIENTED_EDGE('',*,*,#7654,.F.);
#10737=ORIENTED_EDGE('',*,*,#7655,.T.);
#10738=ORIENTED_EDGE('',*,*,#7656,.F.);
#10739=ORIENTED_EDGE('',*,*,#7655,.F.);
#10740=ORIENTED_EDGE('',*,*,#7657,.F.);
#10741=ORIENTED_EDGE('',*,*,#7658,.T.);
#10742=ORIENTED_EDGE('',*,*,#7659,.F.);
#10743=ORIENTED_EDGE('',*,*,#7658,.F.);
#10744=ORIENTED_EDGE('',*,*,#7660,.F.);
#10745=ORIENTED_EDGE('',*,*,#7642,.T.);
#10746=ORIENTED_EDGE('',*,*,#7648,.T.);
#10747=ORIENTED_EDGE('',*,*,#7661,.T.);
#10748=ORIENTED_EDGE('',*,*,#7662,.F.);
#10749=ORIENTED_EDGE('',*,*,#7663,.F.);
#10750=ORIENTED_EDGE('',*,*,#7664,.T.);
#10751=ORIENTED_EDGE('',*,*,#7665,.T.);
#10752=ORIENTED_EDGE('',*,*,#7666,.F.);
#10753=ORIENTED_EDGE('',*,*,#7661,.F.);
#10754=ORIENTED_EDGE('',*,*,#7647,.T.);
#10755=ORIENTED_EDGE('',*,*,#7649,.T.);
#10756=ORIENTED_EDGE('',*,*,#7667,.T.);
#10757=ORIENTED_EDGE('',*,*,#7631,.F.);
#10758=ORIENTED_EDGE('',*,*,#7635,.F.);
#10759=ORIENTED_EDGE('',*,*,#7640,.T.);
#10760=ORIENTED_EDGE('',*,*,#7668,.T.);
#10761=ORIENTED_EDGE('',*,*,#7643,.T.);
#10762=ORIENTED_EDGE('',*,*,#7660,.T.);
#10763=ORIENTED_EDGE('',*,*,#7657,.T.);
#10764=ORIENTED_EDGE('',*,*,#7654,.T.);
#10765=ORIENTED_EDGE('',*,*,#7669,.F.);
#10766=ORIENTED_EDGE('',*,*,#7670,.T.);
#10767=ORIENTED_EDGE('',*,*,#7671,.F.);
#10768=ORIENTED_EDGE('',*,*,#7672,.F.);
#10769=ORIENTED_EDGE('',*,*,#7653,.T.);
#10770=ORIENTED_EDGE('',*,*,#7673,.F.);
#10771=ORIENTED_EDGE('',*,*,#7674,.F.);
#10772=ORIENTED_EDGE('',*,*,#7675,.T.);
#10773=ORIENTED_EDGE('',*,*,#7676,.T.);
#10774=ORIENTED_EDGE('',*,*,#7669,.T.);
#10775=ORIENTED_EDGE('',*,*,#7632,.T.);
#10776=ORIENTED_EDGE('',*,*,#7667,.F.);
#10777=ORIENTED_EDGE('',*,*,#7651,.T.);
#10778=ORIENTED_EDGE('',*,*,#7677,.F.);
#10779=ORIENTED_EDGE('',*,*,#7678,.T.);
#10780=ORIENTED_EDGE('',*,*,#7679,.F.);
#10781=ORIENTED_EDGE('',*,*,#7638,.T.);
#10782=ORIENTED_EDGE('',*,*,#7636,.F.);
#10783=ORIENTED_EDGE('',*,*,#7633,.F.);
#10784=ORIENTED_EDGE('',*,*,#7677,.T.);
#10785=ORIENTED_EDGE('',*,*,#7650,.T.);
#10786=ORIENTED_EDGE('',*,*,#7645,.T.);
#10787=ORIENTED_EDGE('',*,*,#7680,.T.);
#10788=ORIENTED_EDGE('',*,*,#7681,.F.);
#10789=ORIENTED_EDGE('',*,*,#7682,.F.);
#10790=ORIENTED_EDGE('',*,*,#7641,.T.);
#10791=ORIENTED_EDGE('',*,*,#7663,.T.);
#10792=ORIENTED_EDGE('',*,*,#7683,.F.);
#10793=ORIENTED_EDGE('',*,*,#7684,.F.);
#10794=ORIENTED_EDGE('',*,*,#7673,.T.);
#10795=ORIENTED_EDGE('',*,*,#7652,.T.);
#10796=ORIENTED_EDGE('',*,*,#7656,.T.);
#10797=ORIENTED_EDGE('',*,*,#7659,.T.);
#10798=ORIENTED_EDGE('',*,*,#7674,.T.);
#10799=ORIENTED_EDGE('',*,*,#7684,.T.);
#10800=ORIENTED_EDGE('',*,*,#7685,.F.);
#10801=ORIENTED_EDGE('',*,*,#7686,.F.);
#10802=ORIENTED_EDGE('',*,*,#7675,.F.);
#10803=ORIENTED_EDGE('',*,*,#7686,.T.);
#10804=ORIENTED_EDGE('',*,*,#7687,.F.);
#10805=ORIENTED_EDGE('',*,*,#7688,.F.);
#10806=ORIENTED_EDGE('',*,*,#7676,.F.);
#10807=ORIENTED_EDGE('',*,*,#7688,.T.);
#10808=ORIENTED_EDGE('',*,*,#7689,.F.);
#10809=ORIENTED_EDGE('',*,*,#7670,.F.);
#10810=ORIENTED_EDGE('',*,*,#7644,.T.);
#10811=ORIENTED_EDGE('',*,*,#7672,.T.);
#10812=ORIENTED_EDGE('',*,*,#7690,.F.);
#10813=ORIENTED_EDGE('',*,*,#7680,.F.);
#10814=ORIENTED_EDGE('',*,*,#7690,.T.);
#10815=ORIENTED_EDGE('',*,*,#7671,.T.);
#10816=ORIENTED_EDGE('',*,*,#7689,.T.);
#10817=ORIENTED_EDGE('',*,*,#7687,.T.);
#10818=ORIENTED_EDGE('',*,*,#7685,.T.);
#10819=ORIENTED_EDGE('',*,*,#7683,.T.);
#10820=ORIENTED_EDGE('',*,*,#7662,.T.);
#10821=ORIENTED_EDGE('',*,*,#7666,.T.);
#10822=ORIENTED_EDGE('',*,*,#7691,.T.);
#10823=ORIENTED_EDGE('',*,*,#7681,.T.);
#10824=ORIENTED_EDGE('',*,*,#7692,.T.);
#10825=ORIENTED_EDGE('',*,*,#7682,.T.);
#10826=ORIENTED_EDGE('',*,*,#7691,.F.);
#10827=ORIENTED_EDGE('',*,*,#7665,.F.);
#10828=ORIENTED_EDGE('',*,*,#7693,.T.);
#10829=ORIENTED_EDGE('',*,*,#7668,.F.);
#10830=ORIENTED_EDGE('',*,*,#7639,.F.);
#10831=ORIENTED_EDGE('',*,*,#7679,.T.);
#10832=ORIENTED_EDGE('',*,*,#7678,.F.);
#10833=ORIENTED_EDGE('',*,*,#7692,.F.);
#10834=ORIENTED_EDGE('',*,*,#7664,.F.);
#10835=ORIENTED_EDGE('',*,*,#7693,.F.);
#10836=ORIENTED_EDGE('',*,*,#7694,.F.);
#10837=ORIENTED_EDGE('',*,*,#7695,.T.);
#10838=ORIENTED_EDGE('',*,*,#7696,.F.);
#10839=ORIENTED_EDGE('',*,*,#7695,.F.);
#10840=ORIENTED_EDGE('',*,*,#7694,.T.);
#10841=ORIENTED_EDGE('',*,*,#7697,.T.);
#10842=ORIENTED_EDGE('',*,*,#7698,.F.);
#10843=ORIENTED_EDGE('',*,*,#7699,.T.);
#10844=ORIENTED_EDGE('',*,*,#7700,.T.);
#10845=ORIENTED_EDGE('',*,*,#7701,.T.);
#10846=ORIENTED_EDGE('',*,*,#7700,.F.);
#10847=ORIENTED_EDGE('',*,*,#7702,.T.);
#10848=ORIENTED_EDGE('',*,*,#7703,.F.);
#10849=ORIENTED_EDGE('',*,*,#7704,.F.);
#10850=ORIENTED_EDGE('',*,*,#7705,.F.);
#10851=ORIENTED_EDGE('',*,*,#7706,.F.);
#10852=ORIENTED_EDGE('',*,*,#7707,.T.);
#10853=ORIENTED_EDGE('',*,*,#7708,.F.);
#10854=ORIENTED_EDGE('',*,*,#7709,.F.);
#10855=ORIENTED_EDGE('',*,*,#7710,.F.);
#10856=ORIENTED_EDGE('',*,*,#7707,.F.);
#10857=ORIENTED_EDGE('',*,*,#7711,.F.);
#10858=ORIENTED_EDGE('',*,*,#7712,.F.);
#10859=ORIENTED_EDGE('',*,*,#7713,.F.);
#10860=ORIENTED_EDGE('',*,*,#7714,.F.);
#10861=ORIENTED_EDGE('',*,*,#7715,.F.);
#10862=ORIENTED_EDGE('',*,*,#7716,.T.);
#10863=ORIENTED_EDGE('',*,*,#7717,.F.);
#10864=ORIENTED_EDGE('',*,*,#7716,.F.);
#10865=ORIENTED_EDGE('',*,*,#7718,.F.);
#10866=ORIENTED_EDGE('',*,*,#7719,.T.);
#10867=ORIENTED_EDGE('',*,*,#7709,.T.);
#10868=ORIENTED_EDGE('',*,*,#7720,.T.);
#10869=ORIENTED_EDGE('',*,*,#7721,.F.);
#10870=ORIENTED_EDGE('',*,*,#7722,.F.);
#10871=ORIENTED_EDGE('',*,*,#7723,.F.);
#10872=ORIENTED_EDGE('',*,*,#7720,.F.);
#10873=ORIENTED_EDGE('',*,*,#7708,.T.);
#10874=ORIENTED_EDGE('',*,*,#7710,.T.);
#10875=ORIENTED_EDGE('',*,*,#7724,.T.);
#10876=ORIENTED_EDGE('',*,*,#7697,.F.);
#10877=ORIENTED_EDGE('',*,*,#7701,.F.);
#10878=ORIENTED_EDGE('',*,*,#7725,.T.);
#10879=ORIENTED_EDGE('',*,*,#7726,.F.);
#10880=ORIENTED_EDGE('',*,*,#7727,.F.);
#10881=ORIENTED_EDGE('',*,*,#7728,.F.);
#10882=ORIENTED_EDGE('',*,*,#7729,.F.);
#10883=ORIENTED_EDGE('',*,*,#7730,.F.);
#10884=ORIENTED_EDGE('',*,*,#7712,.T.);
#10885=ORIENTED_EDGE('',*,*,#7731,.F.);
#10886=ORIENTED_EDGE('',*,*,#7698,.T.);
#10887=ORIENTED_EDGE('',*,*,#7724,.F.);
#10888=ORIENTED_EDGE('',*,*,#7714,.T.);
#10889=ORIENTED_EDGE('',*,*,#7732,.F.);
#10890=ORIENTED_EDGE('',*,*,#7733,.F.);
#10891=ORIENTED_EDGE('',*,*,#7734,.F.);
#10892=ORIENTED_EDGE('',*,*,#7735,.F.);
#10893=ORIENTED_EDGE('',*,*,#7705,.T.);
#10894=ORIENTED_EDGE('',*,*,#7736,.F.);
#10895=ORIENTED_EDGE('',*,*,#7719,.F.);
#10896=ORIENTED_EDGE('',*,*,#7733,.T.);
#10897=ORIENTED_EDGE('',*,*,#7737,.T.);
#10898=ORIENTED_EDGE('',*,*,#7738,.F.);
#10899=ORIENTED_EDGE('',*,*,#7739,.F.);
#10900=ORIENTED_EDGE('',*,*,#7704,.T.);
#10901=ORIENTED_EDGE('',*,*,#7722,.T.);
#10902=ORIENTED_EDGE('',*,*,#7740,.F.);
#10903=ORIENTED_EDGE('',*,*,#7737,.F.);
#10904=ORIENTED_EDGE('',*,*,#7732,.T.);
#10905=ORIENTED_EDGE('',*,*,#7713,.T.);
#10906=ORIENTED_EDGE('',*,*,#7717,.T.);
#10907=ORIENTED_EDGE('',*,*,#7736,.T.);
#10908=ORIENTED_EDGE('',*,*,#7740,.T.);
#10909=ORIENTED_EDGE('',*,*,#7721,.T.);
#10910=ORIENTED_EDGE('',*,*,#7723,.T.);
#10911=ORIENTED_EDGE('',*,*,#7741,.T.);
#10912=ORIENTED_EDGE('',*,*,#7742,.T.);
#10913=ORIENTED_EDGE('',*,*,#7738,.T.);
#10914=ORIENTED_EDGE('',*,*,#7743,.F.);
#10915=ORIENTED_EDGE('',*,*,#7702,.F.);
#10916=ORIENTED_EDGE('',*,*,#7699,.F.);
#10917=ORIENTED_EDGE('',*,*,#7731,.T.);
#10918=ORIENTED_EDGE('',*,*,#7711,.T.);
#10919=ORIENTED_EDGE('',*,*,#7706,.T.);
#10920=ORIENTED_EDGE('',*,*,#7735,.T.);
#10921=ORIENTED_EDGE('',*,*,#7718,.T.);
#10922=ORIENTED_EDGE('',*,*,#7715,.T.);
#10923=ORIENTED_EDGE('',*,*,#7734,.T.);
#10924=ORIENTED_EDGE('',*,*,#7739,.T.);
#10925=ORIENTED_EDGE('',*,*,#7742,.F.);
#10926=ORIENTED_EDGE('',*,*,#7744,.T.);
#10927=ORIENTED_EDGE('',*,*,#7745,.F.);
#10928=ORIENTED_EDGE('',*,*,#7746,.F.);
#10929=ORIENTED_EDGE('',*,*,#7747,.F.);
#10930=ORIENTED_EDGE('',*,*,#7748,.T.);
#10931=ORIENTED_EDGE('',*,*,#7748,.F.);
#10932=ORIENTED_EDGE('',*,*,#7749,.T.);
#10933=ORIENTED_EDGE('',*,*,#7730,.T.);
#10934=ORIENTED_EDGE('',*,*,#7749,.F.);
#10935=ORIENTED_EDGE('',*,*,#7725,.F.);
#10936=ORIENTED_EDGE('',*,*,#7703,.T.);
#10937=ORIENTED_EDGE('',*,*,#7743,.T.);
#10938=ORIENTED_EDGE('',*,*,#7750,.T.);
#10939=ORIENTED_EDGE('',*,*,#7726,.T.);
#10940=ORIENTED_EDGE('',*,*,#7750,.F.);
#10941=ORIENTED_EDGE('',*,*,#7747,.T.);
#10942=ORIENTED_EDGE('',*,*,#7751,.T.);
#10943=ORIENTED_EDGE('',*,*,#7727,.T.);
#10944=ORIENTED_EDGE('',*,*,#7751,.F.);
#10945=ORIENTED_EDGE('',*,*,#7746,.T.);
#10946=ORIENTED_EDGE('',*,*,#7752,.T.);
#10947=ORIENTED_EDGE('',*,*,#7696,.T.);
#10948=ORIENTED_EDGE('',*,*,#7729,.T.);
#10949=ORIENTED_EDGE('',*,*,#7753,.F.);
#10950=ORIENTED_EDGE('',*,*,#7744,.F.);
#10951=ORIENTED_EDGE('',*,*,#7741,.F.);
#10952=ORIENTED_EDGE('',*,*,#7728,.T.);
#10953=ORIENTED_EDGE('',*,*,#7752,.F.);
#10954=ORIENTED_EDGE('',*,*,#7745,.T.);
#10955=ORIENTED_EDGE('',*,*,#7753,.T.);
#10956=CYLINDRICAL_SURFACE('',#11652,3.1);
#10957=CYLINDRICAL_SURFACE('',#11654,3.1);
#10958=CYLINDRICAL_SURFACE('',#11661,3.99999999999999);
#10959=CYLINDRICAL_SURFACE('',#11674,5.);
#10960=CYLINDRICAL_SURFACE('',#11700,3.99999999999999);
#10961=CYLINDRICAL_SURFACE('',#11709,5.);
#10962=CYLINDRICAL_SURFACE('',#11726,3.99999999999999);
#10963=CYLINDRICAL_SURFACE('',#11746,5.);
#10964=CYLINDRICAL_SURFACE('',#11752,3.99999999999999);
#10965=CYLINDRICAL_SURFACE('',#11761,5.);
#10966=CYLINDRICAL_SURFACE('',#11778,4.);
#10967=CYLINDRICAL_SURFACE('',#11799,5.);
#10968=CYLINDRICAL_SURFACE('',#11805,3.99999999999999);
#10969=CYLINDRICAL_SURFACE('',#11814,5.);
#10970=CYLINDRICAL_SURFACE('',#11831,4.00000000000002);
#10971=CYLINDRICAL_SURFACE('',#11852,5.);
#10972=CYLINDRICAL_SURFACE('',#11858,3.99999999999999);
#10973=CYLINDRICAL_SURFACE('',#11867,5.);
#10974=CYLINDRICAL_SURFACE('',#11887,3.99999999999999);
#10975=CYLINDRICAL_SURFACE('',#11908,5.);
#10976=CYLINDRICAL_SURFACE('',#11914,3.99999999999999);
#10977=CYLINDRICAL_SURFACE('',#11923,5.);
#10978=CYLINDRICAL_SURFACE('',#11940,3.99999999999999);
#10979=CYLINDRICAL_SURFACE('',#11963,5.);
#10980=CYLINDRICAL_SURFACE('',#11969,3.99999999999999);
#10981=CYLINDRICAL_SURFACE('',#11978,5.);
#10982=CYLINDRICAL_SURFACE('',#11995,4.);
#10983=CYLINDRICAL_SURFACE('',#11999,5.);
#10984=CYLINDRICAL_SURFACE('',#12011,5.);
#10985=CYLINDRICAL_SURFACE('',#12032,3.99999999999999);
#10986=CYLINDRICAL_SURFACE('',#12041,5.);
#10987=CYLINDRICAL_SURFACE('',#12058,4.00000000000002);
#10988=CYLINDRICAL_SURFACE('',#12079,5.);
#10989=CYLINDRICAL_SURFACE('',#12085,3.99999999999999);
#10990=CYLINDRICAL_SURFACE('',#12094,5.);
#10991=CYLINDRICAL_SURFACE('',#12114,3.99999999999999);
#10992=CYLINDRICAL_SURFACE('',#12140,5.);
#10993=CYLINDRICAL_SURFACE('',#12146,3.99999999999999);
#10994=CYLINDRICAL_SURFACE('',#12155,5.);
#10995=CYLINDRICAL_SURFACE('',#12172,4.00000000000002);
#10996=CYLINDRICAL_SURFACE('',#12193,5.);
#10997=CYLINDRICAL_SURFACE('',#12199,3.99999999999999);
#10998=CYLINDRICAL_SURFACE('',#12208,5.);
#10999=CYLINDRICAL_SURFACE('',#12228,3.99999999999999);
#11000=CYLINDRICAL_SURFACE('',#12251,5.);
#11001=CYLINDRICAL_SURFACE('',#12257,3.99999999999999);
#11002=CYLINDRICAL_SURFACE('',#12266,5.);
#11003=CYLINDRICAL_SURFACE('',#12283,4.00000000000002);
#11004=CYLINDRICAL_SURFACE('',#12304,5.);
#11005=CYLINDRICAL_SURFACE('',#12310,3.99999999999999);
#11006=CYLINDRICAL_SURFACE('',#12325,5.);
#11007=CYLINDRICAL_SURFACE('',#12350,5.);
#11008=CYLINDRICAL_SURFACE('',#12351,4.00000000000001);
#11009=CYLINDRICAL_SURFACE('',#12372,5.);
#11010=ADVANCED_FACE('',(#698),#10956,.F.);
#11011=ADVANCED_FACE('',(#699),#10957,.F.);
#11012=ADVANCED_FACE('',(#700),#138,.T.);
#11013=ADVANCED_FACE('',(#701),#139,.F.);
#11014=ADVANCED_FACE('',(#702),#140,.F.);
#11015=ADVANCED_FACE('',(#703),#141,.T.);
#11016=ADVANCED_FACE('',(#704),#10958,.T.);
#11017=ADVANCED_FACE('',(#705),#142,.T.);
#11018=ADVANCED_FACE('',(#706),#143,.F.);
#11019=ADVANCED_FACE('',(#707),#144,.T.);
#11020=ADVANCED_FACE('',(#708),#145,.T.);
#11021=ADVANCED_FACE('',(#709),#146,.T.);
#11022=ADVANCED_FACE('',(#710),#147,.T.);
#11023=ADVANCED_FACE('',(#711,#67),#148,.T.);
#11024=ADVANCED_FACE('',(#712),#149,.T.);
#11025=ADVANCED_FACE('',(#713),#150,.F.);
#11026=ADVANCED_FACE('',(#714,#68,#69),#10959,.F.);
#11027=ADVANCED_FACE('',(#715),#151,.T.);
#11028=ADVANCED_FACE('',(#716),#152,.T.);
#11029=ADVANCED_FACE('',(#717),#153,.T.);
#11030=ADVANCED_FACE('',(#718),#154,.T.);
#11031=ADVANCED_FACE('',(#719,#70),#155,.T.);
#11032=ADVANCED_FACE('',(#720),#156,.T.);
#11033=ADVANCED_FACE('',(#721),#157,.T.);
#11034=ADVANCED_FACE('',(#722),#158,.T.);
#11035=ADVANCED_FACE('',(#723),#159,.T.);
#11036=ADVANCED_FACE('',(#724),#160,.F.);
#11037=ADVANCED_FACE('',(#725),#161,.F.);
#11038=ADVANCED_FACE('',(#726),#162,.F.);
#11039=ADVANCED_FACE('',(#727),#163,.F.);
#11040=ADVANCED_FACE('',(#728),#164,.F.);
#11041=ADVANCED_FACE('',(#729),#165,.T.);
#11042=ADVANCED_FACE('',(#730),#166,.T.);
#11043=ADVANCED_FACE('',(#731),#167,.T.);
#11044=ADVANCED_FACE('',(#732),#168,.T.);
#11045=ADVANCED_FACE('',(#733),#169,.T.);
#11046=ADVANCED_FACE('',(#734),#170,.T.);
#11047=ADVANCED_FACE('',(#735),#171,.T.);
#11048=ADVANCED_FACE('',(#736),#10960,.T.);
#11049=ADVANCED_FACE('',(#737),#172,.T.);
#11050=ADVANCED_FACE('',(#738),#173,.T.);
#11051=ADVANCED_FACE('',(#739),#174,.T.);
#11052=ADVANCED_FACE('',(#740,#71),#175,.T.);
#11053=ADVANCED_FACE('',(#741),#176,.T.);
#11054=ADVANCED_FACE('',(#742),#177,.F.);
#11055=ADVANCED_FACE('',(#743),#10961,.F.);
#11056=ADVANCED_FACE('',(#744,#72),#178,.T.);
#11057=ADVANCED_FACE('',(#745,#73),#179,.T.);
#11058=ADVANCED_FACE('',(#746),#180,.T.);
#11059=ADVANCED_FACE('',(#747),#181,.F.);
#11060=ADVANCED_FACE('',(#748),#182,.F.);
#11061=ADVANCED_FACE('',(#749),#183,.F.);
#11062=ADVANCED_FACE('',(#750),#184,.F.);
#11063=ADVANCED_FACE('',(#751),#185,.F.);
#11064=ADVANCED_FACE('',(#752),#186,.T.);
#11065=ADVANCED_FACE('',(#753),#187,.T.);
#11066=ADVANCED_FACE('',(#754),#188,.T.);
#11067=ADVANCED_FACE('',(#755),#189,.T.);
#11068=ADVANCED_FACE('',(#756),#190,.T.);
#11069=ADVANCED_FACE('',(#757),#191,.T.);
#11070=ADVANCED_FACE('',(#758),#10962,.T.);
#11071=ADVANCED_FACE('',(#759),#192,.T.);
#11072=ADVANCED_FACE('',(#760),#193,.T.);
#11073=ADVANCED_FACE('',(#761),#194,.T.);
#11074=ADVANCED_FACE('',(#762),#195,.T.);
#11075=ADVANCED_FACE('',(#763),#196,.T.);
#11076=ADVANCED_FACE('',(#764),#197,.F.);
#11077=ADVANCED_FACE('',(#765),#198,.F.);
#11078=ADVANCED_FACE('',(#766),#199,.F.);
#11079=ADVANCED_FACE('',(#767),#200,.F.);
#11080=ADVANCED_FACE('',(#768),#201,.F.);
#11081=ADVANCED_FACE('',(#769),#202,.T.);
#11082=ADVANCED_FACE('',(#770),#203,.T.);
#11083=ADVANCED_FACE('',(#771),#204,.T.);
#11084=ADVANCED_FACE('',(#772,#74),#205,.T.);
#11085=ADVANCED_FACE('',(#773,#75),#206,.T.);
#11086=ADVANCED_FACE('',(#774),#10963,.F.);
#11087=ADVANCED_FACE('',(#775),#207,.F.);
#11088=ADVANCED_FACE('',(#776),#208,.T.);
#11089=ADVANCED_FACE('',(#777,#76),#209,.T.);
#11090=ADVANCED_FACE('',(#778),#210,.T.);
#11091=ADVANCED_FACE('',(#779),#211,.T.);
#11092=ADVANCED_FACE('',(#780),#10964,.T.);
#11093=ADVANCED_FACE('',(#781),#212,.T.);
#11094=ADVANCED_FACE('',(#782),#213,.T.);
#11095=ADVANCED_FACE('',(#783),#214,.T.);
#11096=ADVANCED_FACE('',(#784,#77),#215,.T.);
#11097=ADVANCED_FACE('',(#785),#216,.T.);
#11098=ADVANCED_FACE('',(#786),#217,.F.);
#11099=ADVANCED_FACE('',(#787),#10965,.F.);
#11100=ADVANCED_FACE('',(#788),#218,.T.);
#11101=ADVANCED_FACE('',(#789,#78),#219,.T.);
#11102=ADVANCED_FACE('',(#790),#220,.T.);
#11103=ADVANCED_FACE('',(#791),#221,.T.);
#11104=ADVANCED_FACE('',(#792,#79),#222,.T.);
#11105=ADVANCED_FACE('',(#793),#223,.T.);
#11106=ADVANCED_FACE('',(#794),#224,.F.);
#11107=ADVANCED_FACE('',(#795),#225,.F.);
#11108=ADVANCED_FACE('',(#796),#226,.F.);
#11109=ADVANCED_FACE('',(#797),#227,.F.);
#11110=ADVANCED_FACE('',(#798),#228,.F.);
#11111=ADVANCED_FACE('',(#799),#229,.T.);
#11112=ADVANCED_FACE('',(#800),#230,.T.);
#11113=ADVANCED_FACE('',(#801),#231,.T.);
#11114=ADVANCED_FACE('',(#802),#10966,.T.);
#11115=ADVANCED_FACE('',(#803),#232,.T.);
#11116=ADVANCED_FACE('',(#804),#233,.F.);
#11117=ADVANCED_FACE('',(#805),#234,.T.);
#11118=ADVANCED_FACE('',(#806),#235,.T.);
#11119=ADVANCED_FACE('',(#807),#236,.F.);
#11120=ADVANCED_FACE('',(#808),#237,.T.);
#11121=ADVANCED_FACE('',(#809),#238,.T.);
#11122=ADVANCED_FACE('',(#810),#239,.F.);
#11123=ADVANCED_FACE('',(#811),#240,.F.);
#11124=ADVANCED_FACE('',(#812),#241,.F.);
#11125=ADVANCED_FACE('',(#813),#242,.F.);
#11126=ADVANCED_FACE('',(#814),#243,.F.);
#11127=ADVANCED_FACE('',(#815),#244,.T.);
#11128=ADVANCED_FACE('',(#816),#245,.T.);
#11129=ADVANCED_FACE('',(#817,#80),#246,.T.);
#11130=ADVANCED_FACE('',(#818,#81),#247,.T.);
#11131=ADVANCED_FACE('',(#819),#10967,.F.);
#11132=ADVANCED_FACE('',(#820),#248,.F.);
#11133=ADVANCED_FACE('',(#821),#249,.T.);
#11134=ADVANCED_FACE('',(#822,#82),#250,.T.);
#11135=ADVANCED_FACE('',(#823),#251,.T.);
#11136=ADVANCED_FACE('',(#824),#252,.T.);
#11137=ADVANCED_FACE('',(#825),#10968,.T.);
#11138=ADVANCED_FACE('',(#826),#253,.T.);
#11139=ADVANCED_FACE('',(#827),#254,.T.);
#11140=ADVANCED_FACE('',(#828),#255,.T.);
#11141=ADVANCED_FACE('',(#829,#83),#256,.T.);
#11142=ADVANCED_FACE('',(#830),#257,.T.);
#11143=ADVANCED_FACE('',(#831),#258,.F.);
#11144=ADVANCED_FACE('',(#832),#10969,.F.);
#11145=ADVANCED_FACE('',(#833),#259,.T.);
#11146=ADVANCED_FACE('',(#834,#84),#260,.T.);
#11147=ADVANCED_FACE('',(#835),#261,.T.);
#11148=ADVANCED_FACE('',(#836,#85),#262,.T.);
#11149=ADVANCED_FACE('',(#837),#263,.T.);
#11150=ADVANCED_FACE('',(#838),#264,.T.);
#11151=ADVANCED_FACE('',(#839),#265,.F.);
#11152=ADVANCED_FACE('',(#840),#266,.F.);
#11153=ADVANCED_FACE('',(#841),#267,.F.);
#11154=ADVANCED_FACE('',(#842),#268,.F.);
#11155=ADVANCED_FACE('',(#843),#269,.F.);
#11156=ADVANCED_FACE('',(#844),#270,.T.);
#11157=ADVANCED_FACE('',(#845),#271,.T.);
#11158=ADVANCED_FACE('',(#846),#272,.T.);
#11159=ADVANCED_FACE('',(#847),#10970,.T.);
#11160=ADVANCED_FACE('',(#848),#273,.T.);
#11161=ADVANCED_FACE('',(#849),#274,.F.);
#11162=ADVANCED_FACE('',(#850),#275,.T.);
#11163=ADVANCED_FACE('',(#851),#276,.T.);
#11164=ADVANCED_FACE('',(#852),#277,.T.);
#11165=ADVANCED_FACE('',(#853),#278,.F.);
#11166=ADVANCED_FACE('',(#854),#279,.T.);
#11167=ADVANCED_FACE('',(#855),#280,.F.);
#11168=ADVANCED_FACE('',(#856),#281,.F.);
#11169=ADVANCED_FACE('',(#857),#282,.F.);
#11170=ADVANCED_FACE('',(#858),#283,.F.);
#11171=ADVANCED_FACE('',(#859),#284,.F.);
#11172=ADVANCED_FACE('',(#860),#285,.T.);
#11173=ADVANCED_FACE('',(#861),#286,.T.);
#11174=ADVANCED_FACE('',(#862,#86),#287,.T.);
#11175=ADVANCED_FACE('',(#863,#87),#288,.T.);
#11176=ADVANCED_FACE('',(#864),#10971,.F.);
#11177=ADVANCED_FACE('',(#865),#289,.F.);
#11178=ADVANCED_FACE('',(#866),#290,.T.);
#11179=ADVANCED_FACE('',(#867,#88),#291,.T.);
#11180=ADVANCED_FACE('',(#868),#292,.T.);
#11181=ADVANCED_FACE('',(#869),#293,.T.);
#11182=ADVANCED_FACE('',(#870),#10972,.T.);
#11183=ADVANCED_FACE('',(#871),#294,.T.);
#11184=ADVANCED_FACE('',(#872),#295,.T.);
#11185=ADVANCED_FACE('',(#873),#296,.T.);
#11186=ADVANCED_FACE('',(#874,#89),#297,.T.);
#11187=ADVANCED_FACE('',(#875),#298,.T.);
#11188=ADVANCED_FACE('',(#876),#299,.F.);
#11189=ADVANCED_FACE('',(#877),#10973,.F.);
#11190=ADVANCED_FACE('',(#878,#90),#300,.T.);
#11191=ADVANCED_FACE('',(#879,#91),#301,.T.);
#11192=ADVANCED_FACE('',(#880),#302,.T.);
#11193=ADVANCED_FACE('',(#881),#303,.T.);
#11194=ADVANCED_FACE('',(#882),#304,.F.);
#11195=ADVANCED_FACE('',(#883),#305,.F.);
#11196=ADVANCED_FACE('',(#884),#306,.F.);
#11197=ADVANCED_FACE('',(#885),#307,.F.);
#11198=ADVANCED_FACE('',(#886),#308,.F.);
#11199=ADVANCED_FACE('',(#887),#309,.T.);
#11200=ADVANCED_FACE('',(#888),#310,.T.);
#11201=ADVANCED_FACE('',(#889),#311,.F.);
#11202=ADVANCED_FACE('',(#890),#312,.F.);
#11203=ADVANCED_FACE('',(#891),#313,.T.);
#11204=ADVANCED_FACE('',(#892),#314,.T.);
#11205=ADVANCED_FACE('',(#893),#315,.T.);
#11206=ADVANCED_FACE('',(#894),#316,.T.);
#11207=ADVANCED_FACE('',(#895),#10974,.T.);
#11208=ADVANCED_FACE('',(#896),#317,.T.);
#11209=ADVANCED_FACE('',(#897),#318,.T.);
#11210=ADVANCED_FACE('',(#898),#319,.T.);
#11211=ADVANCED_FACE('',(#899),#320,.T.);
#11212=ADVANCED_FACE('',(#900),#321,.F.);
#11213=ADVANCED_FACE('',(#901),#322,.F.);
#11214=ADVANCED_FACE('',(#902),#323,.T.);
#11215=ADVANCED_FACE('',(#903),#324,.F.);
#11216=ADVANCED_FACE('',(#904),#325,.F.);
#11217=ADVANCED_FACE('',(#905),#326,.F.);
#11218=ADVANCED_FACE('',(#906),#327,.F.);
#11219=ADVANCED_FACE('',(#907),#328,.F.);
#11220=ADVANCED_FACE('',(#908),#329,.T.);
#11221=ADVANCED_FACE('',(#909),#330,.T.);
#11222=ADVANCED_FACE('',(#910,#92),#331,.T.);
#11223=ADVANCED_FACE('',(#911,#93),#332,.T.);
#11224=ADVANCED_FACE('',(#912),#10975,.F.);
#11225=ADVANCED_FACE('',(#913),#333,.F.);
#11226=ADVANCED_FACE('',(#914),#334,.T.);
#11227=ADVANCED_FACE('',(#915,#94),#335,.T.);
#11228=ADVANCED_FACE('',(#916),#336,.T.);
#11229=ADVANCED_FACE('',(#917),#337,.T.);
#11230=ADVANCED_FACE('',(#918),#10976,.T.);
#11231=ADVANCED_FACE('',(#919),#338,.T.);
#11232=ADVANCED_FACE('',(#920),#339,.T.);
#11233=ADVANCED_FACE('',(#921),#340,.T.);
#11234=ADVANCED_FACE('',(#922,#95),#341,.T.);
#11235=ADVANCED_FACE('',(#923),#342,.T.);
#11236=ADVANCED_FACE('',(#924),#343,.F.);
#11237=ADVANCED_FACE('',(#925),#10977,.F.);
#11238=ADVANCED_FACE('',(#926),#344,.T.);
#11239=ADVANCED_FACE('',(#927,#96),#345,.T.);
#11240=ADVANCED_FACE('',(#928),#346,.T.);
#11241=ADVANCED_FACE('',(#929,#97),#347,.T.);
#11242=ADVANCED_FACE('',(#930),#348,.T.);
#11243=ADVANCED_FACE('',(#931),#349,.T.);
#11244=ADVANCED_FACE('',(#932),#350,.F.);
#11245=ADVANCED_FACE('',(#933),#351,.F.);
#11246=ADVANCED_FACE('',(#934),#352,.F.);
#11247=ADVANCED_FACE('',(#935),#353,.F.);
#11248=ADVANCED_FACE('',(#936),#354,.F.);
#11249=ADVANCED_FACE('',(#937),#355,.T.);
#11250=ADVANCED_FACE('',(#938),#356,.T.);
#11251=ADVANCED_FACE('',(#939),#357,.T.);
#11252=ADVANCED_FACE('',(#940),#10978,.T.);
#11253=ADVANCED_FACE('',(#941),#358,.T.);
#11254=ADVANCED_FACE('',(#942),#359,.T.);
#11255=ADVANCED_FACE('',(#943),#360,.T.);
#11256=ADVANCED_FACE('',(#944),#361,.T.);
#11257=ADVANCED_FACE('',(#945),#362,.T.);
#11258=ADVANCED_FACE('',(#946),#363,.F.);
#11259=ADVANCED_FACE('',(#947),#364,.F.);
#11260=ADVANCED_FACE('',(#948),#365,.T.);
#11261=ADVANCED_FACE('',(#949),#366,.T.);
#11262=ADVANCED_FACE('',(#950),#367,.F.);
#11263=ADVANCED_FACE('',(#951),#368,.F.);
#11264=ADVANCED_FACE('',(#952),#369,.F.);
#11265=ADVANCED_FACE('',(#953),#370,.F.);
#11266=ADVANCED_FACE('',(#954),#371,.F.);
#11267=ADVANCED_FACE('',(#955),#372,.T.);
#11268=ADVANCED_FACE('',(#956),#373,.T.);
#11269=ADVANCED_FACE('',(#957,#98),#374,.T.);
#11270=ADVANCED_FACE('',(#958,#99),#375,.T.);
#11271=ADVANCED_FACE('',(#959),#10979,.F.);
#11272=ADVANCED_FACE('',(#960),#376,.F.);
#11273=ADVANCED_FACE('',(#961),#377,.T.);
#11274=ADVANCED_FACE('',(#962,#100),#378,.T.);
#11275=ADVANCED_FACE('',(#963),#379,.T.);
#11276=ADVANCED_FACE('',(#964),#380,.T.);
#11277=ADVANCED_FACE('',(#965),#10980,.T.);
#11278=ADVANCED_FACE('',(#966),#381,.T.);
#11279=ADVANCED_FACE('',(#967),#382,.T.);
#11280=ADVANCED_FACE('',(#968),#383,.T.);
#11281=ADVANCED_FACE('',(#969,#101),#384,.T.);
#11282=ADVANCED_FACE('',(#970),#385,.T.);
#11283=ADVANCED_FACE('',(#971),#386,.F.);
#11284=ADVANCED_FACE('',(#972),#10981,.F.);
#11285=ADVANCED_FACE('',(#973,#102),#387,.T.);
#11286=ADVANCED_FACE('',(#974,#103),#388,.T.);
#11287=ADVANCED_FACE('',(#975),#389,.T.);
#11288=ADVANCED_FACE('',(#976),#390,.T.);
#11289=ADVANCED_FACE('',(#977),#391,.T.);
#11290=ADVANCED_FACE('',(#978),#392,.F.);
#11291=ADVANCED_FACE('',(#979),#393,.F.);
#11292=ADVANCED_FACE('',(#980),#394,.F.);
#11293=ADVANCED_FACE('',(#981),#395,.F.);
#11294=ADVANCED_FACE('',(#982),#396,.F.);
#11295=ADVANCED_FACE('',(#983),#397,.T.);
#11296=ADVANCED_FACE('',(#984),#398,.T.);
#11297=ADVANCED_FACE('',(#985),#399,.T.);
#11298=ADVANCED_FACE('',(#986),#400,.T.);
#11299=ADVANCED_FACE('',(#987),#10982,.T.);
#11300=ADVANCED_FACE('',(#988),#401,.T.);
#11301=ADVANCED_FACE('',(#989),#10983,.F.);
#11302=ADVANCED_FACE('',(#990),#402,.F.);
#11303=ADVANCED_FACE('',(#991),#403,.T.);
#11304=ADVANCED_FACE('',(#992,#104),#404,.T.);
#11305=ADVANCED_FACE('',(#993),#405,.T.);
#11306=ADVANCED_FACE('',(#994),#406,.T.);
#11307=ADVANCED_FACE('',(#995),#407,.T.);
#11308=ADVANCED_FACE('',(#996),#408,.T.);
#11309=ADVANCED_FACE('',(#997),#409,.F.);
#11310=ADVANCED_FACE('',(#998),#410,.F.);
#11311=ADVANCED_FACE('',(#999),#10984,.F.);
#11312=ADVANCED_FACE('',(#1000),#411,.T.);
#11313=ADVANCED_FACE('',(#1001),#412,.T.);
#11314=ADVANCED_FACE('',(#1002),#413,.T.);
#11315=ADVANCED_FACE('',(#1003),#414,.T.);
#11316=ADVANCED_FACE('',(#1004),#415,.F.);
#11317=ADVANCED_FACE('',(#1005),#416,.F.);
#11318=ADVANCED_FACE('',(#1006),#417,.F.);
#11319=ADVANCED_FACE('',(#1007),#418,.F.);
#11320=ADVANCED_FACE('',(#1008),#419,.F.);
#11321=ADVANCED_FACE('',(#1009),#420,.F.);
#11322=ADVANCED_FACE('',(#1010),#421,.T.);
#11323=ADVANCED_FACE('',(#1011),#422,.F.);
#11324=ADVANCED_FACE('',(#1012),#423,.F.);
#11325=ADVANCED_FACE('',(#1013),#424,.T.);
#11326=ADVANCED_FACE('',(#1014),#425,.T.);
#11327=ADVANCED_FACE('',(#1015),#426,.T.);
#11328=ADVANCED_FACE('',(#1016),#427,.T.);
#11329=ADVANCED_FACE('',(#1017),#428,.T.);
#11330=ADVANCED_FACE('',(#1018),#10985,.T.);
#11331=ADVANCED_FACE('',(#1019),#429,.T.);
#11332=ADVANCED_FACE('',(#1020),#430,.T.);
#11333=ADVANCED_FACE('',(#1021),#431,.T.);
#11334=ADVANCED_FACE('',(#1022,#105),#432,.T.);
#11335=ADVANCED_FACE('',(#1023),#433,.T.);
#11336=ADVANCED_FACE('',(#1024),#434,.F.);
#11337=ADVANCED_FACE('',(#1025),#10986,.F.);
#11338=ADVANCED_FACE('',(#1026),#435,.T.);
#11339=ADVANCED_FACE('',(#1027,#106),#436,.T.);
#11340=ADVANCED_FACE('',(#1028),#437,.T.);
#11341=ADVANCED_FACE('',(#1029,#107),#438,.T.);
#11342=ADVANCED_FACE('',(#1030),#439,.T.);
#11343=ADVANCED_FACE('',(#1031),#440,.T.);
#11344=ADVANCED_FACE('',(#1032),#441,.F.);
#11345=ADVANCED_FACE('',(#1033),#442,.F.);
#11346=ADVANCED_FACE('',(#1034),#443,.F.);
#11347=ADVANCED_FACE('',(#1035),#444,.F.);
#11348=ADVANCED_FACE('',(#1036),#445,.F.);
#11349=ADVANCED_FACE('',(#1037),#446,.T.);
#11350=ADVANCED_FACE('',(#1038),#447,.T.);
#11351=ADVANCED_FACE('',(#1039),#448,.T.);
#11352=ADVANCED_FACE('',(#1040),#10987,.T.);
#11353=ADVANCED_FACE('',(#1041),#449,.T.);
#11354=ADVANCED_FACE('',(#1042),#450,.T.);
#11355=ADVANCED_FACE('',(#1043),#451,.T.);
#11356=ADVANCED_FACE('',(#1044),#452,.F.);
#11357=ADVANCED_FACE('',(#1045),#453,.F.);
#11358=ADVANCED_FACE('',(#1046),#454,.F.);
#11359=ADVANCED_FACE('',(#1047),#455,.F.);
#11360=ADVANCED_FACE('',(#1048),#456,.F.);
#11361=ADVANCED_FACE('',(#1049),#457,.T.);
#11362=ADVANCED_FACE('',(#1050),#458,.T.);
#11363=ADVANCED_FACE('',(#1051),#459,.F.);
#11364=ADVANCED_FACE('',(#1052),#460,.T.);
#11365=ADVANCED_FACE('',(#1053),#461,.T.);
#11366=ADVANCED_FACE('',(#1054),#462,.F.);
#11367=ADVANCED_FACE('',(#1055,#108),#463,.T.);
#11368=ADVANCED_FACE('',(#1056,#109),#464,.T.);
#11369=ADVANCED_FACE('',(#1057),#10988,.F.);
#11370=ADVANCED_FACE('',(#1058),#465,.F.);
#11371=ADVANCED_FACE('',(#1059),#466,.T.);
#11372=ADVANCED_FACE('',(#1060,#110),#467,.T.);
#11373=ADVANCED_FACE('',(#1061),#468,.T.);
#11374=ADVANCED_FACE('',(#1062),#469,.T.);
#11375=ADVANCED_FACE('',(#1063),#10989,.T.);
#11376=ADVANCED_FACE('',(#1064),#470,.T.);
#11377=ADVANCED_FACE('',(#1065),#471,.T.);
#11378=ADVANCED_FACE('',(#1066),#472,.T.);
#11379=ADVANCED_FACE('',(#1067,#111),#473,.T.);
#11380=ADVANCED_FACE('',(#1068),#474,.T.);
#11381=ADVANCED_FACE('',(#1069),#475,.F.);
#11382=ADVANCED_FACE('',(#1070),#10990,.F.);
#11383=ADVANCED_FACE('',(#1071,#112),#476,.T.);
#11384=ADVANCED_FACE('',(#1072,#113),#477,.T.);
#11385=ADVANCED_FACE('',(#1073),#478,.T.);
#11386=ADVANCED_FACE('',(#1074),#479,.T.);
#11387=ADVANCED_FACE('',(#1075),#480,.F.);
#11388=ADVANCED_FACE('',(#1076),#481,.F.);
#11389=ADVANCED_FACE('',(#1077),#482,.F.);
#11390=ADVANCED_FACE('',(#1078),#483,.F.);
#11391=ADVANCED_FACE('',(#1079),#484,.F.);
#11392=ADVANCED_FACE('',(#1080),#485,.T.);
#11393=ADVANCED_FACE('',(#1081),#486,.T.);
#11394=ADVANCED_FACE('',(#1082),#487,.F.);
#11395=ADVANCED_FACE('',(#1083),#488,.F.);
#11396=ADVANCED_FACE('',(#1084),#489,.T.);
#11397=ADVANCED_FACE('',(#1085),#490,.T.);
#11398=ADVANCED_FACE('',(#1086),#491,.T.);
#11399=ADVANCED_FACE('',(#1087),#492,.T.);
#11400=ADVANCED_FACE('',(#1088),#10991,.T.);
#11401=ADVANCED_FACE('',(#1089),#493,.T.);
#11402=ADVANCED_FACE('',(#1090),#494,.T.);
#11403=ADVANCED_FACE('',(#1091),#495,.T.);
#11404=ADVANCED_FACE('',(#1092),#496,.T.);
#11405=ADVANCED_FACE('',(#1093),#497,.T.);
#11406=ADVANCED_FACE('',(#1094),#498,.F.);
#11407=ADVANCED_FACE('',(#1095),#499,.F.);
#11408=ADVANCED_FACE('',(#1096),#500,.F.);
#11409=ADVANCED_FACE('',(#1097),#501,.F.);
#11410=ADVANCED_FACE('',(#1098),#502,.F.);
#11411=ADVANCED_FACE('',(#1099),#503,.F.);
#11412=ADVANCED_FACE('',(#1100),#504,.F.);
#11413=ADVANCED_FACE('',(#1101),#505,.T.);
#11414=ADVANCED_FACE('',(#1102),#506,.T.);
#11415=ADVANCED_FACE('',(#1103),#507,.T.);
#11416=ADVANCED_FACE('',(#1104,#114),#508,.T.);
#11417=ADVANCED_FACE('',(#1105),#509,.T.);
#11418=ADVANCED_FACE('',(#1106),#510,.T.);
#11419=ADVANCED_FACE('',(#1107),#511,.T.);
#11420=ADVANCED_FACE('',(#1108),#10992,.F.);
#11421=ADVANCED_FACE('',(#1109),#512,.F.);
#11422=ADVANCED_FACE('',(#1110),#513,.T.);
#11423=ADVANCED_FACE('',(#1111,#115),#514,.T.);
#11424=ADVANCED_FACE('',(#1112),#515,.T.);
#11425=ADVANCED_FACE('',(#1113),#516,.T.);
#11426=ADVANCED_FACE('',(#1114),#10993,.T.);
#11427=ADVANCED_FACE('',(#1115),#517,.T.);
#11428=ADVANCED_FACE('',(#1116),#518,.T.);
#11429=ADVANCED_FACE('',(#1117),#519,.T.);
#11430=ADVANCED_FACE('',(#1118,#116),#520,.T.);
#11431=ADVANCED_FACE('',(#1119),#521,.T.);
#11432=ADVANCED_FACE('',(#1120),#522,.F.);
#11433=ADVANCED_FACE('',(#1121),#10994,.F.);
#11434=ADVANCED_FACE('',(#1122,#117),#523,.T.);
#11435=ADVANCED_FACE('',(#1123,#118),#524,.T.);
#11436=ADVANCED_FACE('',(#1124),#525,.T.);
#11437=ADVANCED_FACE('',(#1125),#526,.T.);
#11438=ADVANCED_FACE('',(#1126),#527,.T.);
#11439=ADVANCED_FACE('',(#1127),#528,.F.);
#11440=ADVANCED_FACE('',(#1128),#529,.F.);
#11441=ADVANCED_FACE('',(#1129),#530,.F.);
#11442=ADVANCED_FACE('',(#1130),#531,.F.);
#11443=ADVANCED_FACE('',(#1131),#532,.F.);
#11444=ADVANCED_FACE('',(#1132),#533,.T.);
#11445=ADVANCED_FACE('',(#1133),#534,.T.);
#11446=ADVANCED_FACE('',(#1134),#535,.T.);
#11447=ADVANCED_FACE('',(#1135),#536,.T.);
#11448=ADVANCED_FACE('',(#1136),#10995,.T.);
#11449=ADVANCED_FACE('',(#1137),#537,.T.);
#11450=ADVANCED_FACE('',(#1138),#538,.T.);
#11451=ADVANCED_FACE('',(#1139),#539,.T.);
#11452=ADVANCED_FACE('',(#1140),#540,.F.);
#11453=ADVANCED_FACE('',(#1141),#541,.F.);
#11454=ADVANCED_FACE('',(#1142),#542,.F.);
#11455=ADVANCED_FACE('',(#1143),#543,.F.);
#11456=ADVANCED_FACE('',(#1144),#544,.F.);
#11457=ADVANCED_FACE('',(#1145),#545,.F.);
#11458=ADVANCED_FACE('',(#1146),#546,.T.);
#11459=ADVANCED_FACE('',(#1147),#547,.F.);
#11460=ADVANCED_FACE('',(#1148),#548,.T.);
#11461=ADVANCED_FACE('',(#1149,#119),#549,.T.);
#11462=ADVANCED_FACE('',(#1150),#550,.T.);
#11463=ADVANCED_FACE('',(#1151),#551,.T.);
#11464=ADVANCED_FACE('',(#1152,#120),#552,.T.);
#11465=ADVANCED_FACE('',(#1153),#10996,.F.);
#11466=ADVANCED_FACE('',(#1154),#553,.F.);
#11467=ADVANCED_FACE('',(#1155),#554,.T.);
#11468=ADVANCED_FACE('',(#1156,#121),#555,.T.);
#11469=ADVANCED_FACE('',(#1157),#556,.T.);
#11470=ADVANCED_FACE('',(#1158),#557,.T.);
#11471=ADVANCED_FACE('',(#1159),#10997,.T.);
#11472=ADVANCED_FACE('',(#1160),#558,.T.);
#11473=ADVANCED_FACE('',(#1161),#559,.T.);
#11474=ADVANCED_FACE('',(#1162),#560,.T.);
#11475=ADVANCED_FACE('',(#1163,#122),#561,.T.);
#11476=ADVANCED_FACE('',(#1164),#562,.T.);
#11477=ADVANCED_FACE('',(#1165),#563,.F.);
#11478=ADVANCED_FACE('',(#1166),#10998,.F.);
#11479=ADVANCED_FACE('',(#1167,#123),#564,.T.);
#11480=ADVANCED_FACE('',(#1168,#124),#565,.T.);
#11481=ADVANCED_FACE('',(#1169),#566,.T.);
#11482=ADVANCED_FACE('',(#1170),#567,.F.);
#11483=ADVANCED_FACE('',(#1171),#568,.F.);
#11484=ADVANCED_FACE('',(#1172),#569,.F.);
#11485=ADVANCED_FACE('',(#1173),#570,.F.);
#11486=ADVANCED_FACE('',(#1174),#571,.F.);
#11487=ADVANCED_FACE('',(#1175),#572,.T.);
#11488=ADVANCED_FACE('',(#1176),#573,.T.);
#11489=ADVANCED_FACE('',(#1177),#574,.F.);
#11490=ADVANCED_FACE('',(#1178),#575,.F.);
#11491=ADVANCED_FACE('',(#1179),#576,.T.);
#11492=ADVANCED_FACE('',(#1180),#577,.T.);
#11493=ADVANCED_FACE('',(#1181),#578,.T.);
#11494=ADVANCED_FACE('',(#1182),#579,.T.);
#11495=ADVANCED_FACE('',(#1183),#580,.T.);
#11496=ADVANCED_FACE('',(#1184),#10999,.T.);
#11497=ADVANCED_FACE('',(#1185),#581,.T.);
#11498=ADVANCED_FACE('',(#1186),#582,.T.);
#11499=ADVANCED_FACE('',(#1187),#583,.T.);
#11500=ADVANCED_FACE('',(#1188),#584,.F.);
#11501=ADVANCED_FACE('',(#1189),#585,.F.);
#11502=ADVANCED_FACE('',(#1190),#586,.F.);
#11503=ADVANCED_FACE('',(#1191),#587,.F.);
#11504=ADVANCED_FACE('',(#1192),#588,.F.);
#11505=ADVANCED_FACE('',(#1193),#589,.T.);
#11506=ADVANCED_FACE('',(#1194),#590,.T.);
#11507=ADVANCED_FACE('',(#1195),#591,.F.);
#11508=ADVANCED_FACE('',(#1196),#592,.F.);
#11509=ADVANCED_FACE('',(#1197),#593,.T.);
#11510=ADVANCED_FACE('',(#1198),#594,.T.);
#11511=ADVANCED_FACE('',(#1199),#595,.T.);
#11512=ADVANCED_FACE('',(#1200),#596,.T.);
#11513=ADVANCED_FACE('',(#1201,#125),#597,.T.);
#11514=ADVANCED_FACE('',(#1202,#126),#598,.T.);
#11515=ADVANCED_FACE('',(#1203),#11000,.F.);
#11516=ADVANCED_FACE('',(#1204),#599,.F.);
#11517=ADVANCED_FACE('',(#1205),#600,.T.);
#11518=ADVANCED_FACE('',(#1206,#127),#601,.T.);
#11519=ADVANCED_FACE('',(#1207),#602,.T.);
#11520=ADVANCED_FACE('',(#1208),#603,.T.);
#11521=ADVANCED_FACE('',(#1209),#11001,.T.);
#11522=ADVANCED_FACE('',(#1210),#604,.T.);
#11523=ADVANCED_FACE('',(#1211),#605,.T.);
#11524=ADVANCED_FACE('',(#1212),#606,.T.);
#11525=ADVANCED_FACE('',(#1213,#128),#607,.T.);
#11526=ADVANCED_FACE('',(#1214),#608,.T.);
#11527=ADVANCED_FACE('',(#1215),#609,.F.);
#11528=ADVANCED_FACE('',(#1216),#11002,.F.);
#11529=ADVANCED_FACE('',(#1217),#610,.T.);
#11530=ADVANCED_FACE('',(#1218,#129),#611,.T.);
#11531=ADVANCED_FACE('',(#1219),#612,.T.);
#11532=ADVANCED_FACE('',(#1220,#130),#613,.T.);
#11533=ADVANCED_FACE('',(#1221),#614,.T.);
#11534=ADVANCED_FACE('',(#1222),#615,.T.);
#11535=ADVANCED_FACE('',(#1223),#616,.F.);
#11536=ADVANCED_FACE('',(#1224),#617,.F.);
#11537=ADVANCED_FACE('',(#1225),#618,.F.);
#11538=ADVANCED_FACE('',(#1226),#619,.F.);
#11539=ADVANCED_FACE('',(#1227),#620,.F.);
#11540=ADVANCED_FACE('',(#1228),#621,.T.);
#11541=ADVANCED_FACE('',(#1229),#622,.T.);
#11542=ADVANCED_FACE('',(#1230),#623,.T.);
#11543=ADVANCED_FACE('',(#1231),#11003,.T.);
#11544=ADVANCED_FACE('',(#1232),#624,.T.);
#11545=ADVANCED_FACE('',(#1233),#625,.T.);
#11546=ADVANCED_FACE('',(#1234),#626,.T.);
#11547=ADVANCED_FACE('',(#1235),#627,.F.);
#11548=ADVANCED_FACE('',(#1236),#628,.F.);
#11549=ADVANCED_FACE('',(#1237),#629,.F.);
#11550=ADVANCED_FACE('',(#1238),#630,.F.);
#11551=ADVANCED_FACE('',(#1239),#631,.F.);
#11552=ADVANCED_FACE('',(#1240),#632,.F.);
#11553=ADVANCED_FACE('',(#1241),#633,.T.);
#11554=ADVANCED_FACE('',(#1242),#634,.F.);
#11555=ADVANCED_FACE('',(#1243),#635,.T.);
#11556=ADVANCED_FACE('',(#1244),#636,.T.);
#11557=ADVANCED_FACE('',(#1245,#131),#637,.T.);
#11558=ADVANCED_FACE('',(#1246),#638,.T.);
#11559=ADVANCED_FACE('',(#1247,#132),#639,.T.);
#11560=ADVANCED_FACE('',(#1248),#11004,.F.);
#11561=ADVANCED_FACE('',(#1249),#640,.F.);
#11562=ADVANCED_FACE('',(#1250),#641,.T.);
#11563=ADVANCED_FACE('',(#1251,#133),#642,.T.);
#11564=ADVANCED_FACE('',(#1252),#643,.T.);
#11565=ADVANCED_FACE('',(#1253),#644,.T.);
#11566=ADVANCED_FACE('',(#1254),#11005,.T.);
#11567=ADVANCED_FACE('',(#1255),#645,.T.);
#11568=ADVANCED_FACE('',(#1256),#646,.F.);
#11569=ADVANCED_FACE('',(#1257),#647,.F.);
#11570=ADVANCED_FACE('',(#1258,#134),#648,.T.);
#11571=ADVANCED_FACE('',(#1259),#649,.T.);
#11572=ADVANCED_FACE('',(#1260),#650,.F.);
#11573=ADVANCED_FACE('',(#1261),#651,.T.);
#11574=ADVANCED_FACE('',(#1262),#652,.T.);
#11575=ADVANCED_FACE('',(#1263),#653,.T.);
#11576=ADVANCED_FACE('',(#1264),#654,.T.);
#11577=ADVANCED_FACE('',(#1265),#11006,.F.);
#11578=ADVANCED_FACE('',(#1266),#655,.T.);
#11579=ADVANCED_FACE('',(#1267),#656,.T.);
#11580=ADVANCED_FACE('',(#1268),#657,.F.);
#11581=ADVANCED_FACE('',(#1269),#658,.F.);
#11582=ADVANCED_FACE('',(#1270),#659,.F.);
#11583=ADVANCED_FACE('',(#1271),#660,.F.);
#11584=ADVANCED_FACE('',(#1272),#661,.F.);
#11585=ADVANCED_FACE('',(#1273),#662,.F.);
#11586=ADVANCED_FACE('',(#1274),#663,.T.);
#11587=ADVANCED_FACE('',(#1275),#664,.T.);
#11588=ADVANCED_FACE('',(#1276),#665,.T.);
#11589=ADVANCED_FACE('',(#1277),#666,.F.);
#11590=ADVANCED_FACE('',(#1278),#667,.F.);
#11591=ADVANCED_FACE('',(#1279),#668,.T.);
#11592=ADVANCED_FACE('',(#1280),#669,.T.);
#11593=ADVANCED_FACE('',(#1281),#670,.T.);
#11594=ADVANCED_FACE('',(#1282),#671,.T.);
#11595=ADVANCED_FACE('',(#1283),#672,.T.);
#11596=ADVANCED_FACE('',(#1284),#673,.T.);
#11597=ADVANCED_FACE('',(#1285),#674,.T.);
#11598=ADVANCED_FACE('',(#1286),#675,.T.);
#11599=ADVANCED_FACE('',(#1287),#676,.T.);
#11600=ADVANCED_FACE('',(#1288),#11007,.F.);
#11601=ADVANCED_FACE('',(#1289),#11008,.T.);
#11602=ADVANCED_FACE('',(#1290),#677,.T.);
#11603=ADVANCED_FACE('',(#1291),#678,.T.);
#11604=ADVANCED_FACE('',(#1292),#679,.T.);
#11605=ADVANCED_FACE('',(#1293),#680,.F.);
#11606=ADVANCED_FACE('',(#1294),#681,.F.);
#11607=ADVANCED_FACE('',(#1295),#682,.F.);
#11608=ADVANCED_FACE('',(#1296),#683,.F.);
#11609=ADVANCED_FACE('',(#1297),#684,.T.);
#11610=ADVANCED_FACE('',(#1298,#135),#685,.T.);
#11611=ADVANCED_FACE('',(#1299),#686,.F.);
#11612=ADVANCED_FACE('',(#1300),#687,.F.);
#11613=ADVANCED_FACE('',(#1301),#688,.F.);
#11614=ADVANCED_FACE('',(#1302),#689,.T.);
#11615=ADVANCED_FACE('',(#1303),#690,.T.);
#11616=ADVANCED_FACE('',(#1304),#691,.T.);
#11617=ADVANCED_FACE('',(#1305,#136),#692,.T.);
#11618=ADVANCED_FACE('',(#1306),#11009,.F.);
#11619=ADVANCED_FACE('',(#1307),#693,.F.);
#11620=ADVANCED_FACE('',(#1308),#694,.T.);
#11621=ADVANCED_FACE('',(#1309,#137),#695,.T.);
#11622=ADVANCED_FACE('',(#1310),#696,.T.);
#11623=ADVANCED_FACE('',(#1311),#697,.T.);
#11624=CLOSED_SHELL('',(#11010,#11011,#11012,#11013,#11014,#11015,#11016,
#11017,#11018,#11019,#11020,#11021,#11022,#11023,#11024,#11025,#11026,#11027,
#11028,#11029,#11030,#11031,#11032,#11033,#11034,#11035,#11036,#11037,#11038,
#11039,#11040,#11041,#11042,#11043,#11044,#11045,#11046,#11047));
#11625=CLOSED_SHELL('',(#11048,#11049,#11050,#11051,#11052,#11053,#11054,
#11055,#11056,#11057,#11058,#11059,#11060,#11061,#11062,#11063,#11064,#11065,
#11066,#11067,#11068,#11069));
#11626=CLOSED_SHELL('',(#11070,#11071,#11072,#11073,#11074,#11075,#11076,
#11077,#11078,#11079,#11080,#11081,#11082,#11083,#11084,#11085,#11086,#11087,
#11088,#11089,#11090,#11091));
#11627=CLOSED_SHELL('',(#11092,#11093,#11094,#11095,#11096,#11097,#11098,
#11099,#11100,#11101,#11102,#11103,#11104,#11105,#11106,#11107,#11108,#11109,
#11110,#11111,#11112,#11113));
#11628=CLOSED_SHELL('',(#11114,#11115,#11116,#11117,#11118,#11119,#11120,
#11121,#11122,#11123,#11124,#11125,#11126,#11127,#11128,#11129,#11130,#11131,
#11132,#11133,#11134,#11135,#11136));
#11629=CLOSED_SHELL('',(#11137,#11138,#11139,#11140,#11141,#11142,#11143,
#11144,#11145,#11146,#11147,#11148,#11149,#11150,#11151,#11152,#11153,#11154,
#11155,#11156,#11157,#11158));
#11630=CLOSED_SHELL('',(#11159,#11160,#11161,#11162,#11163,#11164,#11165,
#11166,#11167,#11168,#11169,#11170,#11171,#11172,#11173,#11174,#11175,#11176,
#11177,#11178,#11179,#11180,#11181));
#11631=CLOSED_SHELL('',(#11182,#11183,#11184,#11185,#11186,#11187,#11188,
#11189,#11190,#11191,#11192,#11193,#11194,#11195,#11196,#11197,#11198,#11199,
#11200,#11201,#11202,#11203,#11204,#11205,#11206));
#11632=CLOSED_SHELL('',(#11207,#11208,#11209,#11210,#11211,#11212,#11213,
#11214,#11215,#11216,#11217,#11218,#11219,#11220,#11221,#11222,#11223,#11224,
#11225,#11226,#11227,#11228,#11229));
#11633=CLOSED_SHELL('',(#11230,#11231,#11232,#11233,#11234,#11235,#11236,
#11237,#11238,#11239,#11240,#11241,#11242,#11243,#11244,#11245,#11246,#11247,
#11248,#11249,#11250,#11251));
#11634=CLOSED_SHELL('',(#11252,#11253,#11254,#11255,#11256,#11257,#11258,
#11259,#11260,#11261,#11262,#11263,#11264,#11265,#11266,#11267,#11268,#11269,
#11270,#11271,#11272,#11273,#11274,#11275,#11276));
#11635=CLOSED_SHELL('',(#11277,#11278,#11279,#11280,#11281,#11282,#11283,
#11284,#11285,#11286,#11287,#11288,#11289,#11290,#11291,#11292,#11293,#11294,
#11295,#11296,#11297,#11298));
#11636=CLOSED_SHELL('',(#11299,#11300,#11301,#11302,#11303,#11304,#11305,
#11306,#11307,#11308,#11309,#11310));
#11637=CLOSED_SHELL('',(#11311,#11312,#11313,#11314,#11315,#11316,#11317,
#11318,#11319,#11320,#11321,#11322,#11323,#11324,#11325,#11326,#11327,#11328,
#11329));
#11638=CLOSED_SHELL('',(#11330,#11331,#11332,#11333,#11334,#11335,#11336,
#11337,#11338,#11339,#11340,#11341,#11342,#11343,#11344,#11345,#11346,#11347,
#11348,#11349,#11350,#11351));
#11639=CLOSED_SHELL('',(#11352,#11353,#11354,#11355,#11356,#11357,#11358,
#11359,#11360,#11361,#11362,#11363,#11364,#11365,#11366,#11367,#11368,#11369,
#11370,#11371,#11372,#11373,#11374));
#11640=CLOSED_SHELL('',(#11375,#11376,#11377,#11378,#11379,#11380,#11381,
#11382,#11383,#11384,#11385,#11386,#11387,#11388,#11389,#11390,#11391,#11392,
#11393,#11394,#11395,#11396,#11397,#11398,#11399));
#11641=CLOSED_SHELL('',(#11400,#11401,#11402,#11403,#11404,#11405,#11406,
#11407,#11408,#11409,#11410,#11411,#11412,#11413,#11414,#11415,#11416,#11417,
#11418,#11419,#11420,#11421,#11422,#11423,#11424,#11425));
#11642=CLOSED_SHELL('',(#11426,#11427,#11428,#11429,#11430,#11431,#11432,
#11433,#11434,#11435,#11436,#11437,#11438,#11439,#11440,#11441,#11442,#11443,
#11444,#11445,#11446,#11447));
#11643=CLOSED_SHELL('',(#11448,#11449,#11450,#11451,#11452,#11453,#11454,
#11455,#11456,#11457,#11458,#11459,#11460,#11461,#11462,#11463,#11464,#11465,
#11466,#11467,#11468,#11469,#11470));
#11644=CLOSED_SHELL('',(#11471,#11472,#11473,#11474,#11475,#11476,#11477,
#11478,#11479,#11480,#11481,#11482,#11483,#11484,#11485,#11486,#11487,#11488,
#11489,#11490,#11491,#11492,#11493,#11494,#11495));
#11645=CLOSED_SHELL('',(#11496,#11497,#11498,#11499,#11500,#11501,#11502,
#11503,#11504,#11505,#11506,#11507,#11508,#11509,#11510,#11511,#11512,#11513,
#11514,#11515,#11516,#11517,#11518,#11519,#11520));
#11646=CLOSED_SHELL('',(#11521,#11522,#11523,#11524,#11525,#11526,#11527,
#11528,#11529,#11530,#11531,#11532,#11533,#11534,#11535,#11536,#11537,#11538,
#11539,#11540,#11541,#11542));
#11647=CLOSED_SHELL('',(#11543,#11544,#11545,#11546,#11547,#11548,#11549,
#11550,#11551,#11552,#11553,#11554,#11555,#11556,#11557,#11558,#11559,#11560,
#11561,#11562,#11563,#11564,#11565));
#11648=CLOSED_SHELL('',(#11566,#11567,#11568,#11569,#11570,#11571,#11572,
#11573,#11574,#11575,#11576,#11577));
#11649=CLOSED_SHELL('',(#11578,#11579,#11580,#11581,#11582,#11583,#11584,
#11585,#11586,#11587,#11588,#11589,#11590,#11591,#11592,#11593,#11594,#11595,
#11596,#11597,#11598,#11599,#11600));
#11650=CLOSED_SHELL('',(#11601,#11602,#11603,#11604,#11605,#11606,#11607,
#11608,#11609,#11610,#11611,#11612,#11613,#11614,#11615,#11616,#11617,#11618,
#11619,#11620,#11621,#11622,#11623));
#11651=AXIS2_PLACEMENT_3D('',#15321,#12378,#12379);
#11652=AXIS2_PLACEMENT_3D('',#15322,#12380,#12381);
#11653=AXIS2_PLACEMENT_3D('',#15327,#12383,#12384);
#11654=AXIS2_PLACEMENT_3D('',#15329,#12386,#12387);
#11655=AXIS2_PLACEMENT_3D('',#15335,#12390,#12391);
#11656=AXIS2_PLACEMENT_3D('',#15336,#12392,#12393);
#11657=AXIS2_PLACEMENT_3D('',#15340,#12395,#12396);
#11658=AXIS2_PLACEMENT_3D('',#15342,#12398,#12399);
#11659=AXIS2_PLACEMENT_3D('',#15346,#12402,#12403);
#11660=AXIS2_PLACEMENT_3D('',#15352,#12407,#12408);
#11661=AXIS2_PLACEMENT_3D('',#15354,#12410,#12411);
#11662=AXIS2_PLACEMENT_3D('',#15356,#12412,#12413);
#11663=AXIS2_PLACEMENT_3D('',#15359,#12415,#12416);
#11664=AXIS2_PLACEMENT_3D('',#15360,#12417,#12418);
#11665=AXIS2_PLACEMENT_3D('',#15361,#12419,#12420);
#11666=AXIS2_PLACEMENT_3D('',#15374,#12426,#12427);
#11667=AXIS2_PLACEMENT_3D('',#15378,#12430,#12431);
#11668=AXIS2_PLACEMENT_3D('',#15384,#12435,#12436);
#11669=AXIS2_PLACEMENT_3D('',#15390,#12440,#12441);
#11670=AXIS2_PLACEMENT_3D('',#15396,#12445,#12446);
#11671=AXIS2_PLACEMENT_3D('',#15406,#12452,#12453);
#11672=AXIS2_PLACEMENT_3D('',#15410,#12456,#12457);
#11673=AXIS2_PLACEMENT_3D('',#15414,#12460,#12461);
#11674=AXIS2_PLACEMENT_3D('',#15422,#12466,#12467);
#11675=AXIS2_PLACEMENT_3D('',#15424,#12468,#12469);
#11676=AXIS2_PLACEMENT_3D('',#15428,#12471,#12472);
#11677=AXIS2_PLACEMENT_3D('',#15432,#12475,#12476);
#11678=AXIS2_PLACEMENT_3D('',#15435,#12478,#12479);
#11679=AXIS2_PLACEMENT_3D('',#15436,#12480,#12481);
#11680=AXIS2_PLACEMENT_3D('',#15442,#12485,#12486);
#11681=AXIS2_PLACEMENT_3D('',#15446,#12489,#12490);
#11682=AXIS2_PLACEMENT_3D('',#15450,#12493,#12494);
#11683=AXIS2_PLACEMENT_3D('',#15452,#12496,#12497);
#11684=AXIS2_PLACEMENT_3D('',#15476,#12510,#12511);
#11685=AXIS2_PLACEMENT_3D('',#15478,#12513,#12514);
#11686=AXIS2_PLACEMENT_3D('',#15482,#12517,#12518);
#11687=AXIS2_PLACEMENT_3D('',#15486,#12521,#12522);
#11688=AXIS2_PLACEMENT_3D('',#15490,#12525,#12526);
#11689=AXIS2_PLACEMENT_3D('',#15494,#12529,#12530);
#11690=AXIS2_PLACEMENT_3D('',#15498,#12533,#12534);
#11691=AXIS2_PLACEMENT_3D('',#15504,#12538,#12539);
#11692=AXIS2_PLACEMENT_3D('',#15506,#12541,#12542);
#11693=AXIS2_PLACEMENT_3D('',#15510,#12545,#12546);
#11694=AXIS2_PLACEMENT_3D('',#15516,#12550,#12551);
#11695=AXIS2_PLACEMENT_3D('',#15521,#12555,#12556);
#11696=AXIS2_PLACEMENT_3D('',#15522,#12557,#12558);
#11697=AXIS2_PLACEMENT_3D('',#15525,#12561,#12562);
#11698=AXIS2_PLACEMENT_3D('',#15526,#12563,#12564);
#11699=AXIS2_PLACEMENT_3D('',#15527,#12565,#12566);
#11700=AXIS2_PLACEMENT_3D('',#15528,#12567,#12568);
#11701=AXIS2_PLACEMENT_3D('',#15530,#12569,#12570);
#11702=AXIS2_PLACEMENT_3D('',#15533,#12572,#12573);
#11703=AXIS2_PLACEMENT_3D('',#15534,#12574,#12575);
#11704=AXIS2_PLACEMENT_3D('',#15535,#12576,#12577);
#11705=AXIS2_PLACEMENT_3D('',#15544,#12582,#12583);
#11706=AXIS2_PLACEMENT_3D('',#15550,#12587,#12588);
#11707=AXIS2_PLACEMENT_3D('',#15556,#12592,#12593);
#11708=AXIS2_PLACEMENT_3D('',#15562,#12597,#12598);
#11709=AXIS2_PLACEMENT_3D('',#15568,#12602,#12603);
#11710=AXIS2_PLACEMENT_3D('',#15570,#12604,#12605);
#11711=AXIS2_PLACEMENT_3D('',#15573,#12607,#12608);
#11712=AXIS2_PLACEMENT_3D('',#15574,#12609,#12610);
#11713=AXIS2_PLACEMENT_3D('',#15598,#12623,#12624);
#11714=AXIS2_PLACEMENT_3D('',#15622,#12637,#12638);
#11715=AXIS2_PLACEMENT_3D('',#15624,#12640,#12641);
#11716=AXIS2_PLACEMENT_3D('',#15627,#12644,#12645);
#11717=AXIS2_PLACEMENT_3D('',#15629,#12647,#12648);
#11718=AXIS2_PLACEMENT_3D('',#15631,#12650,#12651);
#11719=AXIS2_PLACEMENT_3D('',#15633,#12653,#12654);
#11720=AXIS2_PLACEMENT_3D('',#15635,#12656,#12657);
#11721=AXIS2_PLACEMENT_3D('',#15638,#12660,#12661);
#11722=AXIS2_PLACEMENT_3D('',#15640,#12663,#12664);
#11723=AXIS2_PLACEMENT_3D('',#15641,#12665,#12666);
#11724=AXIS2_PLACEMENT_3D('',#15642,#12667,#12668);
#11725=AXIS2_PLACEMENT_3D('',#15644,#12670,#12671);
#11726=AXIS2_PLACEMENT_3D('',#15645,#12672,#12673);
#11727=AXIS2_PLACEMENT_3D('',#15647,#12674,#12675);
#11728=AXIS2_PLACEMENT_3D('',#15650,#12677,#12678);
#11729=AXIS2_PLACEMENT_3D('',#15651,#12679,#12680);
#11730=AXIS2_PLACEMENT_3D('',#15652,#12681,#12682);
#11731=AXIS2_PLACEMENT_3D('',#15661,#12687,#12688);
#11732=AXIS2_PLACEMENT_3D('',#15670,#12693,#12694);
#11733=AXIS2_PLACEMENT_3D('',#15676,#12698,#12699);
#11734=AXIS2_PLACEMENT_3D('',#15679,#12702,#12703);
#11735=AXIS2_PLACEMENT_3D('',#15685,#12707,#12708);
#11736=AXIS2_PLACEMENT_3D('',#15694,#12713,#12714);
#11737=AXIS2_PLACEMENT_3D('',#15700,#12718,#12719);
#11738=AXIS2_PLACEMENT_3D('',#15706,#12723,#12724);
#11739=AXIS2_PLACEMENT_3D('',#15709,#12727,#12728);
#11740=AXIS2_PLACEMENT_3D('',#15715,#12732,#12733);
#11741=AXIS2_PLACEMENT_3D('',#15721,#12737,#12738);
#11742=AXIS2_PLACEMENT_3D('',#15727,#12742,#12743);
#11743=AXIS2_PLACEMENT_3D('',#15738,#12749,#12750);
#11744=AXIS2_PLACEMENT_3D('',#15739,#12751,#12752);
#11745=AXIS2_PLACEMENT_3D('',#15750,#12758,#12759);
#11746=AXIS2_PLACEMENT_3D('',#15751,#12760,#12761);
#11747=AXIS2_PLACEMENT_3D('',#15753,#12763,#12764);
#11748=AXIS2_PLACEMENT_3D('',#15755,#12766,#12767);
#11749=AXIS2_PLACEMENT_3D('',#15757,#12769,#12770);
#11750=AXIS2_PLACEMENT_3D('',#15759,#12772,#12773);
#11751=AXIS2_PLACEMENT_3D('',#15761,#12775,#12776);
#11752=AXIS2_PLACEMENT_3D('',#15762,#12777,#12778);
#11753=AXIS2_PLACEMENT_3D('',#15764,#12779,#12780);
#11754=AXIS2_PLACEMENT_3D('',#15767,#12782,#12783);
#11755=AXIS2_PLACEMENT_3D('',#15768,#12784,#12785);
#11756=AXIS2_PLACEMENT_3D('',#15769,#12786,#12787);
#11757=AXIS2_PLACEMENT_3D('',#15778,#12792,#12793);
#11758=AXIS2_PLACEMENT_3D('',#15784,#12797,#12798);
#11759=AXIS2_PLACEMENT_3D('',#15790,#12802,#12803);
#11760=AXIS2_PLACEMENT_3D('',#15796,#12807,#12808);
#11761=AXIS2_PLACEMENT_3D('',#15802,#12812,#12813);
#11762=AXIS2_PLACEMENT_3D('',#15804,#12814,#12815);
#11763=AXIS2_PLACEMENT_3D('',#15807,#12817,#12818);
#11764=AXIS2_PLACEMENT_3D('',#15808,#12819,#12820);
#11765=AXIS2_PLACEMENT_3D('',#15814,#12824,#12825);
#11766=AXIS2_PLACEMENT_3D('',#15836,#12837,#12838);
#11767=AXIS2_PLACEMENT_3D('',#15842,#12842,#12843);
#11768=AXIS2_PLACEMENT_3D('',#15846,#12846,#12847);
#11769=AXIS2_PLACEMENT_3D('',#15863,#12857,#12858);
#11770=AXIS2_PLACEMENT_3D('',#15864,#12859,#12860);
#11771=AXIS2_PLACEMENT_3D('',#15866,#12862,#12863);
#11772=AXIS2_PLACEMENT_3D('',#15869,#12866,#12867);
#11773=AXIS2_PLACEMENT_3D('',#15871,#12869,#12870);
#11774=AXIS2_PLACEMENT_3D('',#15872,#12871,#12872);
#11775=AXIS2_PLACEMENT_3D('',#15874,#12874,#12875);
#11776=AXIS2_PLACEMENT_3D('',#15876,#12877,#12878);
#11777=AXIS2_PLACEMENT_3D('',#15878,#12880,#12881);
#11778=AXIS2_PLACEMENT_3D('',#15879,#12882,#12883);
#11779=AXIS2_PLACEMENT_3D('',#15881,#12884,#12885);
#11780=AXIS2_PLACEMENT_3D('',#15884,#12887,#12888);
#11781=AXIS2_PLACEMENT_3D('',#15885,#12889,#12890);
#11782=AXIS2_PLACEMENT_3D('',#15886,#12891,#12892);
#11783=AXIS2_PLACEMENT_3D('',#15895,#12897,#12898);
#11784=AXIS2_PLACEMENT_3D('',#15908,#12905,#12906);
#11785=AXIS2_PLACEMENT_3D('',#15911,#12909,#12910);
#11786=AXIS2_PLACEMENT_3D('',#15920,#12915,#12916);
#11787=AXIS2_PLACEMENT_3D('',#15926,#12920,#12921);
#11788=AXIS2_PLACEMENT_3D('',#15934,#12926,#12927);
#11789=AXIS2_PLACEMENT_3D('',#15942,#12932,#12933);
#11790=AXIS2_PLACEMENT_3D('',#15946,#12936,#12937);
#11791=AXIS2_PLACEMENT_3D('',#15950,#12940,#12941);
#11792=AXIS2_PLACEMENT_3D('',#15953,#12944,#12945);
#11793=AXIS2_PLACEMENT_3D('',#15955,#12947,#12948);
#11794=AXIS2_PLACEMENT_3D('',#15964,#12953,#12954);
#11795=AXIS2_PLACEMENT_3D('',#15967,#12957,#12958);
#11796=AXIS2_PLACEMENT_3D('',#15978,#12964,#12965);
#11797=AXIS2_PLACEMENT_3D('',#15979,#12966,#12967);
#11798=AXIS2_PLACEMENT_3D('',#15990,#12973,#12974);
#11799=AXIS2_PLACEMENT_3D('',#15991,#12975,#12976);
#11800=AXIS2_PLACEMENT_3D('',#15993,#12978,#12979);
#11801=AXIS2_PLACEMENT_3D('',#15995,#12981,#12982);
#11802=AXIS2_PLACEMENT_3D('',#15997,#12984,#12985);
#11803=AXIS2_PLACEMENT_3D('',#15999,#12987,#12988);
#11804=AXIS2_PLACEMENT_3D('',#16001,#12990,#12991);
#11805=AXIS2_PLACEMENT_3D('',#16002,#12992,#12993);
#11806=AXIS2_PLACEMENT_3D('',#16004,#12994,#12995);
#11807=AXIS2_PLACEMENT_3D('',#16007,#12997,#12998);
#11808=AXIS2_PLACEMENT_3D('',#16008,#12999,#13000);
#11809=AXIS2_PLACEMENT_3D('',#16009,#13001,#13002);
#11810=AXIS2_PLACEMENT_3D('',#16018,#13007,#13008);
#11811=AXIS2_PLACEMENT_3D('',#16024,#13012,#13013);
#11812=AXIS2_PLACEMENT_3D('',#16030,#13017,#13018);
#11813=AXIS2_PLACEMENT_3D('',#16036,#13022,#13023);
#11814=AXIS2_PLACEMENT_3D('',#16042,#13027,#13028);
#11815=AXIS2_PLACEMENT_3D('',#16044,#13029,#13030);
#11816=AXIS2_PLACEMENT_3D('',#16047,#13032,#13033);
#11817=AXIS2_PLACEMENT_3D('',#16048,#13034,#13035);
#11818=AXIS2_PLACEMENT_3D('',#16054,#13039,#13040);
#11819=AXIS2_PLACEMENT_3D('',#16076,#13052,#13053);
#11820=AXIS2_PLACEMENT_3D('',#16082,#13057,#13058);
#11821=AXIS2_PLACEMENT_3D('',#16101,#13069,#13070);
#11822=AXIS2_PLACEMENT_3D('',#16103,#13072,#13073);
#11823=AXIS2_PLACEMENT_3D('',#16104,#13074,#13075);
#11824=AXIS2_PLACEMENT_3D('',#16106,#13077,#13078);
#11825=AXIS2_PLACEMENT_3D('',#16109,#13081,#13082);
#11826=AXIS2_PLACEMENT_3D('',#16111,#13084,#13085);
#11827=AXIS2_PLACEMENT_3D('',#16113,#13087,#13088);
#11828=AXIS2_PLACEMENT_3D('',#16114,#13089,#13090);
#11829=AXIS2_PLACEMENT_3D('',#16116,#13092,#13093);
#11830=AXIS2_PLACEMENT_3D('',#16118,#13095,#13096);
#11831=AXIS2_PLACEMENT_3D('',#16119,#13097,#13098);
#11832=AXIS2_PLACEMENT_3D('',#16121,#13099,#13100);
#11833=AXIS2_PLACEMENT_3D('',#16124,#13102,#13103);
#11834=AXIS2_PLACEMENT_3D('',#16125,#13104,#13105);
#11835=AXIS2_PLACEMENT_3D('',#16126,#13106,#13107);
#11836=AXIS2_PLACEMENT_3D('',#16135,#13112,#13113);
#11837=AXIS2_PLACEMENT_3D('',#16148,#13120,#13121);
#11838=AXIS2_PLACEMENT_3D('',#16151,#13124,#13125);
#11839=AXIS2_PLACEMENT_3D('',#16161,#13131,#13132);
#11840=AXIS2_PLACEMENT_3D('',#16170,#13137,#13138);
#11841=AXIS2_PLACEMENT_3D('',#16174,#13141,#13142);
#11842=AXIS2_PLACEMENT_3D('',#16180,#13146,#13147);
#11843=AXIS2_PLACEMENT_3D('',#16184,#13150,#13151);
#11844=AXIS2_PLACEMENT_3D('',#16186,#13153,#13154);
#11845=AXIS2_PLACEMENT_3D('',#16192,#13158,#13159);
#11846=AXIS2_PLACEMENT_3D('',#16195,#13162,#13163);
#11847=AXIS2_PLACEMENT_3D('',#16204,#13168,#13169);
#11848=AXIS2_PLACEMENT_3D('',#16207,#13172,#13173);
#11849=AXIS2_PLACEMENT_3D('',#16218,#13179,#13180);
#11850=AXIS2_PLACEMENT_3D('',#16219,#13181,#13182);
#11851=AXIS2_PLACEMENT_3D('',#16230,#13188,#13189);
#11852=AXIS2_PLACEMENT_3D('',#16231,#13190,#13191);
#11853=AXIS2_PLACEMENT_3D('',#16233,#13193,#13194);
#11854=AXIS2_PLACEMENT_3D('',#16235,#13196,#13197);
#11855=AXIS2_PLACEMENT_3D('',#16237,#13199,#13200);
#11856=AXIS2_PLACEMENT_3D('',#16239,#13202,#13203);
#11857=AXIS2_PLACEMENT_3D('',#16241,#13205,#13206);
#11858=AXIS2_PLACEMENT_3D('',#16242,#13207,#13208);
#11859=AXIS2_PLACEMENT_3D('',#16244,#13209,#13210);
#11860=AXIS2_PLACEMENT_3D('',#16247,#13212,#13213);
#11861=AXIS2_PLACEMENT_3D('',#16248,#13214,#13215);
#11862=AXIS2_PLACEMENT_3D('',#16249,#13216,#13217);
#11863=AXIS2_PLACEMENT_3D('',#16258,#13222,#13223);
#11864=AXIS2_PLACEMENT_3D('',#16264,#13227,#13228);
#11865=AXIS2_PLACEMENT_3D('',#16270,#13232,#13233);
#11866=AXIS2_PLACEMENT_3D('',#16276,#13237,#13238);
#11867=AXIS2_PLACEMENT_3D('',#16282,#13242,#13243);
#11868=AXIS2_PLACEMENT_3D('',#16284,#13244,#13245);
#11869=AXIS2_PLACEMENT_3D('',#16287,#13247,#13248);
#11870=AXIS2_PLACEMENT_3D('',#16288,#13249,#13250);
#11871=AXIS2_PLACEMENT_3D('',#16302,#13258,#13259);
#11872=AXIS2_PLACEMENT_3D('',#16316,#13267,#13268);
#11873=AXIS2_PLACEMENT_3D('',#16319,#13271,#13272);
#11874=AXIS2_PLACEMENT_3D('',#16320,#13273,#13274);
#11875=AXIS2_PLACEMENT_3D('',#16331,#13281,#13282);
#11876=AXIS2_PLACEMENT_3D('',#16333,#13284,#13285);
#11877=AXIS2_PLACEMENT_3D('',#16342,#13290,#13291);
#11878=AXIS2_PLACEMENT_3D('',#16348,#13295,#13296);
#11879=AXIS2_PLACEMENT_3D('',#16351,#13299,#13300);
#11880=AXIS2_PLACEMENT_3D('',#16355,#13303,#13304);
#11881=AXIS2_PLACEMENT_3D('',#16363,#13309,#13310);
#11882=AXIS2_PLACEMENT_3D('',#16367,#13313,#13314);
#11883=AXIS2_PLACEMENT_3D('',#16368,#13315,#13316);
#11884=AXIS2_PLACEMENT_3D('',#16372,#13319,#13320);
#11885=AXIS2_PLACEMENT_3D('',#16374,#13322,#13323);
#11886=AXIS2_PLACEMENT_3D('',#16376,#13325,#13326);
#11887=AXIS2_PLACEMENT_3D('',#16377,#13327,#13328);
#11888=AXIS2_PLACEMENT_3D('',#16379,#13329,#13330);
#11889=AXIS2_PLACEMENT_3D('',#16382,#13332,#13333);
#11890=AXIS2_PLACEMENT_3D('',#16383,#13334,#13335);
#11891=AXIS2_PLACEMENT_3D('',#16384,#13336,#13337);
#11892=AXIS2_PLACEMENT_3D('',#16397,#13344,#13345);
#11893=AXIS2_PLACEMENT_3D('',#16403,#13349,#13350);
#11894=AXIS2_PLACEMENT_3D('',#16409,#13354,#13355);
#11895=AXIS2_PLACEMENT_3D('',#16418,#13360,#13361);
#11896=AXIS2_PLACEMENT_3D('',#16424,#13365,#13366);
#11897=AXIS2_PLACEMENT_3D('',#16432,#13371,#13372);
#11898=AXIS2_PLACEMENT_3D('',#16438,#13376,#13377);
#11899=AXIS2_PLACEMENT_3D('',#16442,#13380,#13381);
#11900=AXIS2_PLACEMENT_3D('',#16444,#13383,#13384);
#11901=AXIS2_PLACEMENT_3D('',#16450,#13388,#13389);
#11902=AXIS2_PLACEMENT_3D('',#16453,#13392,#13393);
#11903=AXIS2_PLACEMENT_3D('',#16462,#13398,#13399);
#11904=AXIS2_PLACEMENT_3D('',#16465,#13402,#13403);
#11905=AXIS2_PLACEMENT_3D('',#16476,#13409,#13410);
#11906=AXIS2_PLACEMENT_3D('',#16477,#13411,#13412);
#11907=AXIS2_PLACEMENT_3D('',#16488,#13418,#13419);
#11908=AXIS2_PLACEMENT_3D('',#16489,#13420,#13421);
#11909=AXIS2_PLACEMENT_3D('',#16491,#13423,#13424);
#11910=AXIS2_PLACEMENT_3D('',#16493,#13426,#13427);
#11911=AXIS2_PLACEMENT_3D('',#16495,#13429,#13430);
#11912=AXIS2_PLACEMENT_3D('',#16497,#13432,#13433);
#11913=AXIS2_PLACEMENT_3D('',#16499,#13435,#13436);
#11914=AXIS2_PLACEMENT_3D('',#16500,#13437,#13438);
#11915=AXIS2_PLACEMENT_3D('',#16502,#13439,#13440);
#11916=AXIS2_PLACEMENT_3D('',#16505,#13442,#13443);
#11917=AXIS2_PLACEMENT_3D('',#16506,#13444,#13445);
#11918=AXIS2_PLACEMENT_3D('',#16507,#13446,#13447);
#11919=AXIS2_PLACEMENT_3D('',#16516,#13452,#13453);
#11920=AXIS2_PLACEMENT_3D('',#16522,#13457,#13458);
#11921=AXIS2_PLACEMENT_3D('',#16528,#13462,#13463);
#11922=AXIS2_PLACEMENT_3D('',#16534,#13467,#13468);
#11923=AXIS2_PLACEMENT_3D('',#16540,#13472,#13473);
#11924=AXIS2_PLACEMENT_3D('',#16542,#13474,#13475);
#11925=AXIS2_PLACEMENT_3D('',#16545,#13477,#13478);
#11926=AXIS2_PLACEMENT_3D('',#16546,#13479,#13480);
#11927=AXIS2_PLACEMENT_3D('',#16552,#13484,#13485);
#11928=AXIS2_PLACEMENT_3D('',#16574,#13497,#13498);
#11929=AXIS2_PLACEMENT_3D('',#16580,#13502,#13503);
#11930=AXIS2_PLACEMENT_3D('',#16599,#13514,#13515);
#11931=AXIS2_PLACEMENT_3D('',#16601,#13517,#13518);
#11932=AXIS2_PLACEMENT_3D('',#16602,#13519,#13520);
#11933=AXIS2_PLACEMENT_3D('',#16604,#13522,#13523);
#11934=AXIS2_PLACEMENT_3D('',#16607,#13526,#13527);
#11935=AXIS2_PLACEMENT_3D('',#16609,#13529,#13530);
#11936=AXIS2_PLACEMENT_3D('',#16611,#13532,#13533);
#11937=AXIS2_PLACEMENT_3D('',#16612,#13534,#13535);
#11938=AXIS2_PLACEMENT_3D('',#16614,#13537,#13538);
#11939=AXIS2_PLACEMENT_3D('',#16616,#13540,#13541);
#11940=AXIS2_PLACEMENT_3D('',#16617,#13542,#13543);
#11941=AXIS2_PLACEMENT_3D('',#16619,#13544,#13545);
#11942=AXIS2_PLACEMENT_3D('',#16622,#13547,#13548);
#11943=AXIS2_PLACEMENT_3D('',#16623,#13549,#13550);
#11944=AXIS2_PLACEMENT_3D('',#16624,#13551,#13552);
#11945=AXIS2_PLACEMENT_3D('',#16641,#13561,#13562);
#11946=AXIS2_PLACEMENT_3D('',#16647,#13566,#13567);
#11947=AXIS2_PLACEMENT_3D('',#16653,#13571,#13572);
#11948=AXIS2_PLACEMENT_3D('',#16665,#13579,#13580);
#11949=AXIS2_PLACEMENT_3D('',#16674,#13585,#13586);
#11950=AXIS2_PLACEMENT_3D('',#16678,#13589,#13590);
#11951=AXIS2_PLACEMENT_3D('',#16686,#13595,#13596);
#11952=AXIS2_PLACEMENT_3D('',#16690,#13599,#13600);
#11953=AXIS2_PLACEMENT_3D('',#16693,#13603,#13604);
#11954=AXIS2_PLACEMENT_3D('',#16695,#13606,#13607);
#11955=AXIS2_PLACEMENT_3D('',#16696,#13608,#13609);
#11956=AXIS2_PLACEMENT_3D('',#16702,#13613,#13614);
#11957=AXIS2_PLACEMENT_3D('',#16705,#13617,#13618);
#11958=AXIS2_PLACEMENT_3D('',#16714,#13623,#13624);
#11959=AXIS2_PLACEMENT_3D('',#16717,#13627,#13628);
#11960=AXIS2_PLACEMENT_3D('',#16728,#13634,#13635);
#11961=AXIS2_PLACEMENT_3D('',#16729,#13636,#13637);
#11962=AXIS2_PLACEMENT_3D('',#16740,#13643,#13644);
#11963=AXIS2_PLACEMENT_3D('',#16741,#13645,#13646);
#11964=AXIS2_PLACEMENT_3D('',#16743,#13648,#13649);
#11965=AXIS2_PLACEMENT_3D('',#16745,#13651,#13652);
#11966=AXIS2_PLACEMENT_3D('',#16747,#13654,#13655);
#11967=AXIS2_PLACEMENT_3D('',#16749,#13657,#13658);
#11968=AXIS2_PLACEMENT_3D('',#16751,#13660,#13661);
#11969=AXIS2_PLACEMENT_3D('',#16752,#13662,#13663);
#11970=AXIS2_PLACEMENT_3D('',#16754,#13664,#13665);
#11971=AXIS2_PLACEMENT_3D('',#16757,#13667,#13668);
#11972=AXIS2_PLACEMENT_3D('',#16758,#13669,#13670);
#11973=AXIS2_PLACEMENT_3D('',#16759,#13671,#13672);
#11974=AXIS2_PLACEMENT_3D('',#16768,#13677,#13678);
#11975=AXIS2_PLACEMENT_3D('',#16774,#13682,#13683);
#11976=AXIS2_PLACEMENT_3D('',#16780,#13687,#13688);
#11977=AXIS2_PLACEMENT_3D('',#16786,#13692,#13693);
#11978=AXIS2_PLACEMENT_3D('',#16792,#13697,#13698);
#11979=AXIS2_PLACEMENT_3D('',#16794,#13699,#13700);
#11980=AXIS2_PLACEMENT_3D('',#16797,#13702,#13703);
#11981=AXIS2_PLACEMENT_3D('',#16798,#13704,#13705);
#11982=AXIS2_PLACEMENT_3D('',#16822,#13718,#13719);
#11983=AXIS2_PLACEMENT_3D('',#16846,#13732,#13733);
#11984=AXIS2_PLACEMENT_3D('',#16848,#13735,#13736);
#11985=AXIS2_PLACEMENT_3D('',#16850,#13738,#13739);
#11986=AXIS2_PLACEMENT_3D('',#16852,#13741,#13742);
#11987=AXIS2_PLACEMENT_3D('',#16855,#13745,#13746);
#11988=AXIS2_PLACEMENT_3D('',#16857,#13748,#13749);
#11989=AXIS2_PLACEMENT_3D('',#16859,#13751,#13752);
#11990=AXIS2_PLACEMENT_3D('',#16860,#13753,#13754);
#11991=AXIS2_PLACEMENT_3D('',#16862,#13756,#13757);
#11992=AXIS2_PLACEMENT_3D('',#16865,#13760,#13761);
#11993=AXIS2_PLACEMENT_3D('',#16867,#13763,#13764);
#11994=AXIS2_PLACEMENT_3D('',#16868,#13765,#13766);
#11995=AXIS2_PLACEMENT_3D('',#16869,#13767,#13768);
#11996=AXIS2_PLACEMENT_3D('',#16871,#13769,#13770);
#11997=AXIS2_PLACEMENT_3D('',#16874,#13772,#13773);
#11998=AXIS2_PLACEMENT_3D('',#16875,#13774,#13775);
#11999=AXIS2_PLACEMENT_3D('',#16876,#13776,#13777);
#12000=AXIS2_PLACEMENT_3D('',#16879,#13778,#13779);
#12001=AXIS2_PLACEMENT_3D('',#16883,#13781,#13782);
#12002=AXIS2_PLACEMENT_3D('',#16885,#13784,#13785);
#12003=AXIS2_PLACEMENT_3D('',#16894,#13790,#13791);
#12004=AXIS2_PLACEMENT_3D('',#16900,#13795,#13796);
#12005=AXIS2_PLACEMENT_3D('',#16906,#13800,#13801);
#12006=AXIS2_PLACEMENT_3D('',#16915,#13806,#13807);
#12007=AXIS2_PLACEMENT_3D('',#16918,#13810,#13811);
#12008=AXIS2_PLACEMENT_3D('',#16921,#13814,#13815);
#12009=AXIS2_PLACEMENT_3D('',#16924,#13818,#13819);
#12010=AXIS2_PLACEMENT_3D('',#16925,#13820,#13821);
#12011=AXIS2_PLACEMENT_3D('',#16926,#13822,#13823);
#12012=AXIS2_PLACEMENT_3D('',#16931,#13825,#13826);
#12013=AXIS2_PLACEMENT_3D('',#16934,#13828,#13829);
#12014=AXIS2_PLACEMENT_3D('',#16935,#13830,#13831);
#12015=AXIS2_PLACEMENT_3D('',#16963,#13846,#13847);
#12016=AXIS2_PLACEMENT_3D('',#16967,#13850,#13851);
#12017=AXIS2_PLACEMENT_3D('',#16973,#13855,#13856);
#12018=AXIS2_PLACEMENT_3D('',#16977,#13859,#13860);
#12019=AXIS2_PLACEMENT_3D('',#16981,#13863,#13864);
#12020=AXIS2_PLACEMENT_3D('',#16991,#13870,#13871);
#12021=AXIS2_PLACEMENT_3D('',#16993,#13873,#13874);
#12022=AXIS2_PLACEMENT_3D('',#16999,#13878,#13879);
#12023=AXIS2_PLACEMENT_3D('',#17003,#13882,#13883);
#12024=AXIS2_PLACEMENT_3D('',#17005,#13885,#13886);
#12025=AXIS2_PLACEMENT_3D('',#17013,#13891,#13892);
#12026=AXIS2_PLACEMENT_3D('',#17015,#13894,#13895);
#12027=AXIS2_PLACEMENT_3D('',#17019,#13898,#13899);
#12028=AXIS2_PLACEMENT_3D('',#17024,#13903,#13904);
#12029=AXIS2_PLACEMENT_3D('',#17025,#13905,#13906);
#12030=AXIS2_PLACEMENT_3D('',#17027,#13908,#13909);
#12031=AXIS2_PLACEMENT_3D('',#17029,#13911,#13912);
#12032=AXIS2_PLACEMENT_3D('',#17030,#13913,#13914);
#12033=AXIS2_PLACEMENT_3D('',#17032,#13915,#13916);
#12034=AXIS2_PLACEMENT_3D('',#17035,#13918,#13919);
#12035=AXIS2_PLACEMENT_3D('',#17036,#13920,#13921);
#12036=AXIS2_PLACEMENT_3D('',#17037,#13922,#13923);
#12037=AXIS2_PLACEMENT_3D('',#17046,#13928,#13929);
#12038=AXIS2_PLACEMENT_3D('',#17052,#13933,#13934);
#12039=AXIS2_PLACEMENT_3D('',#17058,#13938,#13939);
#12040=AXIS2_PLACEMENT_3D('',#17064,#13943,#13944);
#12041=AXIS2_PLACEMENT_3D('',#17070,#13948,#13949);
#12042=AXIS2_PLACEMENT_3D('',#17072,#13950,#13951);
#12043=AXIS2_PLACEMENT_3D('',#17075,#13953,#13954);
#12044=AXIS2_PLACEMENT_3D('',#17076,#13955,#13956);
#12045=AXIS2_PLACEMENT_3D('',#17082,#13960,#13961);
#12046=AXIS2_PLACEMENT_3D('',#17104,#13973,#13974);
#12047=AXIS2_PLACEMENT_3D('',#17110,#13978,#13979);
#12048=AXIS2_PLACEMENT_3D('',#17129,#13990,#13991);
#12049=AXIS2_PLACEMENT_3D('',#17131,#13993,#13994);
#12050=AXIS2_PLACEMENT_3D('',#17132,#13995,#13996);
#12051=AXIS2_PLACEMENT_3D('',#17134,#13998,#13999);
#12052=AXIS2_PLACEMENT_3D('',#17137,#14002,#14003);
#12053=AXIS2_PLACEMENT_3D('',#17139,#14005,#14006);
#12054=AXIS2_PLACEMENT_3D('',#17141,#14008,#14009);
#12055=AXIS2_PLACEMENT_3D('',#17142,#14010,#14011);
#12056=AXIS2_PLACEMENT_3D('',#17144,#14013,#14014);
#12057=AXIS2_PLACEMENT_3D('',#17146,#14016,#14017);
#12058=AXIS2_PLACEMENT_3D('',#17147,#14018,#14019);
#12059=AXIS2_PLACEMENT_3D('',#17149,#14020,#14021);
#12060=AXIS2_PLACEMENT_3D('',#17152,#14023,#14024);
#12061=AXIS2_PLACEMENT_3D('',#17153,#14025,#14026);
#12062=AXIS2_PLACEMENT_3D('',#17154,#14027,#14028);
#12063=AXIS2_PLACEMENT_3D('',#17163,#14033,#14034);
#12064=AXIS2_PLACEMENT_3D('',#17169,#14038,#14039);
#12065=AXIS2_PLACEMENT_3D('',#17178,#14044,#14045);
#12066=AXIS2_PLACEMENT_3D('',#17187,#14050,#14051);
#12067=AXIS2_PLACEMENT_3D('',#17193,#14055,#14056);
#12068=AXIS2_PLACEMENT_3D('',#17199,#14060,#14061);
#12069=AXIS2_PLACEMENT_3D('',#17206,#14066,#14067);
#12070=AXIS2_PLACEMENT_3D('',#17214,#14072,#14073);
#12071=AXIS2_PLACEMENT_3D('',#17218,#14076,#14077);
#12072=AXIS2_PLACEMENT_3D('',#17221,#14080,#14081);
#12073=AXIS2_PLACEMENT_3D('',#17227,#14085,#14086);
#12074=AXIS2_PLACEMENT_3D('',#17233,#14090,#14091);
#12075=AXIS2_PLACEMENT_3D('',#17235,#14093,#14094);
#12076=AXIS2_PLACEMENT_3D('',#17246,#14100,#14101);
#12077=AXIS2_PLACEMENT_3D('',#17247,#14102,#14103);
#12078=AXIS2_PLACEMENT_3D('',#17258,#14109,#14110);
#12079=AXIS2_PLACEMENT_3D('',#17259,#14111,#14112);
#12080=AXIS2_PLACEMENT_3D('',#17261,#14114,#14115);
#12081=AXIS2_PLACEMENT_3D('',#17263,#14117,#14118);
#12082=AXIS2_PLACEMENT_3D('',#17265,#14120,#14121);
#12083=AXIS2_PLACEMENT_3D('',#17267,#14123,#14124);
#12084=AXIS2_PLACEMENT_3D('',#17269,#14126,#14127);
#12085=AXIS2_PLACEMENT_3D('',#17270,#14128,#14129);
#12086=AXIS2_PLACEMENT_3D('',#17272,#14130,#14131);
#12087=AXIS2_PLACEMENT_3D('',#17275,#14133,#14134);
#12088=AXIS2_PLACEMENT_3D('',#17276,#14135,#14136);
#12089=AXIS2_PLACEMENT_3D('',#17277,#14137,#14138);
#12090=AXIS2_PLACEMENT_3D('',#17286,#14143,#14144);
#12091=AXIS2_PLACEMENT_3D('',#17292,#14148,#14149);
#12092=AXIS2_PLACEMENT_3D('',#17298,#14153,#14154);
#12093=AXIS2_PLACEMENT_3D('',#17304,#14158,#14159);
#12094=AXIS2_PLACEMENT_3D('',#17310,#14163,#14164);
#12095=AXIS2_PLACEMENT_3D('',#17312,#14165,#14166);
#12096=AXIS2_PLACEMENT_3D('',#17315,#14168,#14169);
#12097=AXIS2_PLACEMENT_3D('',#17316,#14170,#14171);
#12098=AXIS2_PLACEMENT_3D('',#17330,#14179,#14180);
#12099=AXIS2_PLACEMENT_3D('',#17344,#14188,#14189);
#12100=AXIS2_PLACEMENT_3D('',#17347,#14192,#14193);
#12101=AXIS2_PLACEMENT_3D('',#17348,#14194,#14195);
#12102=AXIS2_PLACEMENT_3D('',#17359,#14202,#14203);
#12103=AXIS2_PLACEMENT_3D('',#17361,#14205,#14206);
#12104=AXIS2_PLACEMENT_3D('',#17370,#14211,#14212);
#12105=AXIS2_PLACEMENT_3D('',#17376,#14216,#14217);
#12106=AXIS2_PLACEMENT_3D('',#17379,#14220,#14221);
#12107=AXIS2_PLACEMENT_3D('',#17383,#14224,#14225);
#12108=AXIS2_PLACEMENT_3D('',#17391,#14230,#14231);
#12109=AXIS2_PLACEMENT_3D('',#17395,#14234,#14235);
#12110=AXIS2_PLACEMENT_3D('',#17396,#14236,#14237);
#12111=AXIS2_PLACEMENT_3D('',#17400,#14240,#14241);
#12112=AXIS2_PLACEMENT_3D('',#17402,#14243,#14244);
#12113=AXIS2_PLACEMENT_3D('',#17404,#14246,#14247);
#12114=AXIS2_PLACEMENT_3D('',#17405,#14248,#14249);
#12115=AXIS2_PLACEMENT_3D('',#17407,#14250,#14251);
#12116=AXIS2_PLACEMENT_3D('',#17410,#14253,#14254);
#12117=AXIS2_PLACEMENT_3D('',#17411,#14255,#14256);
#12118=AXIS2_PLACEMENT_3D('',#17412,#14257,#14258);
#12119=AXIS2_PLACEMENT_3D('',#17423,#14264,#14265);
#12120=AXIS2_PLACEMENT_3D('',#17431,#14270,#14271);
#12121=AXIS2_PLACEMENT_3D('',#17434,#14274,#14275);
#12122=AXIS2_PLACEMENT_3D('',#17435,#14276,#14277);
#12123=AXIS2_PLACEMENT_3D('',#17444,#14282,#14283);
#12124=AXIS2_PLACEMENT_3D('',#17450,#14287,#14288);
#12125=AXIS2_PLACEMENT_3D('',#17459,#14293,#14294);
#12126=AXIS2_PLACEMENT_3D('',#17465,#14298,#14299);
#12127=AXIS2_PLACEMENT_3D('',#17468,#14302,#14303);
#12128=AXIS2_PLACEMENT_3D('',#17471,#14306,#14307);
#12129=AXIS2_PLACEMENT_3D('',#17477,#14311,#14312);
#12130=AXIS2_PLACEMENT_3D('',#17483,#14316,#14317);
#12131=AXIS2_PLACEMENT_3D('',#17489,#14321,#14322);
#12132=AXIS2_PLACEMENT_3D('',#17492,#14323,#14324);
#12133=AXIS2_PLACEMENT_3D('',#17494,#14325,#14326);
#12134=AXIS2_PLACEMENT_3D('',#17499,#14330,#14331);
#12135=AXIS2_PLACEMENT_3D('',#17510,#14337,#14338);
#12136=AXIS2_PLACEMENT_3D('',#17511,#14339,#14340);
#12137=AXIS2_PLACEMENT_3D('',#17524,#14346,#14347);
#12138=AXIS2_PLACEMENT_3D('',#17528,#14350,#14351);
#12139=AXIS2_PLACEMENT_3D('',#17531,#14354,#14355);
#12140=AXIS2_PLACEMENT_3D('',#17534,#14358,#14359);
#12141=AXIS2_PLACEMENT_3D('',#17536,#14361,#14362);
#12142=AXIS2_PLACEMENT_3D('',#17538,#14364,#14365);
#12143=AXIS2_PLACEMENT_3D('',#17540,#14367,#14368);
#12144=AXIS2_PLACEMENT_3D('',#17542,#14370,#14371);
#12145=AXIS2_PLACEMENT_3D('',#17544,#14373,#14374);
#12146=AXIS2_PLACEMENT_3D('',#17545,#14375,#14376);
#12147=AXIS2_PLACEMENT_3D('',#17547,#14377,#14378);
#12148=AXIS2_PLACEMENT_3D('',#17550,#14380,#14381);
#12149=AXIS2_PLACEMENT_3D('',#17551,#14382,#14383);
#12150=AXIS2_PLACEMENT_3D('',#17552,#14384,#14385);
#12151=AXIS2_PLACEMENT_3D('',#17561,#14390,#14391);
#12152=AXIS2_PLACEMENT_3D('',#17567,#14395,#14396);
#12153=AXIS2_PLACEMENT_3D('',#17573,#14400,#14401);
#12154=AXIS2_PLACEMENT_3D('',#17579,#14405,#14406);
#12155=AXIS2_PLACEMENT_3D('',#17585,#14410,#14411);
#12156=AXIS2_PLACEMENT_3D('',#17587,#14412,#14413);
#12157=AXIS2_PLACEMENT_3D('',#17590,#14415,#14416);
#12158=AXIS2_PLACEMENT_3D('',#17591,#14417,#14418);
#12159=AXIS2_PLACEMENT_3D('',#17615,#14431,#14432);
#12160=AXIS2_PLACEMENT_3D('',#17639,#14445,#14446);
#12161=AXIS2_PLACEMENT_3D('',#17641,#14448,#14449);
#12162=AXIS2_PLACEMENT_3D('',#17643,#14451,#14452);
#12163=AXIS2_PLACEMENT_3D('',#17645,#14454,#14455);
#12164=AXIS2_PLACEMENT_3D('',#17648,#14458,#14459);
#12165=AXIS2_PLACEMENT_3D('',#17650,#14461,#14462);
#12166=AXIS2_PLACEMENT_3D('',#17652,#14464,#14465);
#12167=AXIS2_PLACEMENT_3D('',#17653,#14466,#14467);
#12168=AXIS2_PLACEMENT_3D('',#17655,#14469,#14470);
#12169=AXIS2_PLACEMENT_3D('',#17658,#14473,#14474);
#12170=AXIS2_PLACEMENT_3D('',#17660,#14476,#14477);
#12171=AXIS2_PLACEMENT_3D('',#17661,#14478,#14479);
#12172=AXIS2_PLACEMENT_3D('',#17662,#14480,#14481);
#12173=AXIS2_PLACEMENT_3D('',#17664,#14482,#14483);
#12174=AXIS2_PLACEMENT_3D('',#17667,#14485,#14486);
#12175=AXIS2_PLACEMENT_3D('',#17668,#14487,#14488);
#12176=AXIS2_PLACEMENT_3D('',#17669,#14489,#14490);
#12177=AXIS2_PLACEMENT_3D('',#17678,#14495,#14496);
#12178=AXIS2_PLACEMENT_3D('',#17684,#14500,#14501);
#12179=AXIS2_PLACEMENT_3D('',#17690,#14505,#14506);
#12180=AXIS2_PLACEMENT_3D('',#17703,#14513,#14514);
#12181=AXIS2_PLACEMENT_3D('',#17706,#14517,#14518);
#12182=AXIS2_PLACEMENT_3D('',#17715,#14523,#14524);
#12183=AXIS2_PLACEMENT_3D('',#17721,#14528,#14529);
#12184=AXIS2_PLACEMENT_3D('',#17724,#14532,#14533);
#12185=AXIS2_PLACEMENT_3D('',#17732,#14538,#14539);
#12186=AXIS2_PLACEMENT_3D('',#17736,#14542,#14543);
#12187=AXIS2_PLACEMENT_3D('',#17740,#14546,#14547);
#12188=AXIS2_PLACEMENT_3D('',#17755,#14555,#14556);
#12189=AXIS2_PLACEMENT_3D('',#17756,#14557,#14558);
#12190=AXIS2_PLACEMENT_3D('',#17758,#14560,#14561);
#12191=AXIS2_PLACEMENT_3D('',#17762,#14564,#14565);
#12192=AXIS2_PLACEMENT_3D('',#17773,#14571,#14572);
#12193=AXIS2_PLACEMENT_3D('',#17774,#14573,#14574);
#12194=AXIS2_PLACEMENT_3D('',#17776,#14576,#14577);
#12195=AXIS2_PLACEMENT_3D('',#17778,#14579,#14580);
#12196=AXIS2_PLACEMENT_3D('',#17780,#14582,#14583);
#12197=AXIS2_PLACEMENT_3D('',#17782,#14585,#14586);
#12198=AXIS2_PLACEMENT_3D('',#17784,#14588,#14589);
#12199=AXIS2_PLACEMENT_3D('',#17785,#14590,#14591);
#12200=AXIS2_PLACEMENT_3D('',#17787,#14592,#14593);
#12201=AXIS2_PLACEMENT_3D('',#17790,#14595,#14596);
#12202=AXIS2_PLACEMENT_3D('',#17791,#14597,#14598);
#12203=AXIS2_PLACEMENT_3D('',#17792,#14599,#14600);
#12204=AXIS2_PLACEMENT_3D('',#17801,#14605,#14606);
#12205=AXIS2_PLACEMENT_3D('',#17807,#14610,#14611);
#12206=AXIS2_PLACEMENT_3D('',#17813,#14615,#14616);
#12207=AXIS2_PLACEMENT_3D('',#17819,#14620,#14621);
#12208=AXIS2_PLACEMENT_3D('',#17825,#14625,#14626);
#12209=AXIS2_PLACEMENT_3D('',#17827,#14627,#14628);
#12210=AXIS2_PLACEMENT_3D('',#17830,#14630,#14631);
#12211=AXIS2_PLACEMENT_3D('',#17831,#14632,#14633);
#12212=AXIS2_PLACEMENT_3D('',#17845,#14641,#14642);
#12213=AXIS2_PLACEMENT_3D('',#17859,#14650,#14651);
#12214=AXIS2_PLACEMENT_3D('',#17861,#14653,#14654);
#12215=AXIS2_PLACEMENT_3D('',#17872,#14661,#14662);
#12216=AXIS2_PLACEMENT_3D('',#17874,#14664,#14665);
#12217=AXIS2_PLACEMENT_3D('',#17883,#14670,#14671);
#12218=AXIS2_PLACEMENT_3D('',#17889,#14675,#14676);
#12219=AXIS2_PLACEMENT_3D('',#17892,#14679,#14680);
#12220=AXIS2_PLACEMENT_3D('',#17896,#14683,#14684);
#12221=AXIS2_PLACEMENT_3D('',#17904,#14689,#14690);
#12222=AXIS2_PLACEMENT_3D('',#17908,#14693,#14694);
#12223=AXIS2_PLACEMENT_3D('',#17910,#14696,#14697);
#12224=AXIS2_PLACEMENT_3D('',#17914,#14700,#14701);
#12225=AXIS2_PLACEMENT_3D('',#17916,#14703,#14704);
#12226=AXIS2_PLACEMENT_3D('',#17918,#14706,#14707);
#12227=AXIS2_PLACEMENT_3D('',#17919,#14708,#14709);
#12228=AXIS2_PLACEMENT_3D('',#17920,#14710,#14711);
#12229=AXIS2_PLACEMENT_3D('',#17922,#14712,#14713);
#12230=AXIS2_PLACEMENT_3D('',#17925,#14715,#14716);
#12231=AXIS2_PLACEMENT_3D('',#17926,#14717,#14718);
#12232=AXIS2_PLACEMENT_3D('',#17927,#14719,#14720);
#12233=AXIS2_PLACEMENT_3D('',#17936,#14725,#14726);
#12234=AXIS2_PLACEMENT_3D('',#17942,#14730,#14731);
#12235=AXIS2_PLACEMENT_3D('',#17959,#14740,#14741);
#12236=AXIS2_PLACEMENT_3D('',#17965,#14745,#14746);
#12237=AXIS2_PLACEMENT_3D('',#17974,#14751,#14752);
#12238=AXIS2_PLACEMENT_3D('',#17980,#14756,#14757);
#12239=AXIS2_PLACEMENT_3D('',#17983,#14760,#14761);
#12240=AXIS2_PLACEMENT_3D('',#17989,#14765,#14766);
#12241=AXIS2_PLACEMENT_3D('',#17997,#14771,#14772);
#12242=AXIS2_PLACEMENT_3D('',#18001,#14775,#14776);
#12243=AXIS2_PLACEMENT_3D('',#18004,#14779,#14780);
#12244=AXIS2_PLACEMENT_3D('',#18008,#14783,#14784);
#12245=AXIS2_PLACEMENT_3D('',#18012,#14787,#14788);
#12246=AXIS2_PLACEMENT_3D('',#18014,#14790,#14791);
#12247=AXIS2_PLACEMENT_3D('',#18020,#14795,#14796);
#12248=AXIS2_PLACEMENT_3D('',#18031,#14802,#14803);
#12249=AXIS2_PLACEMENT_3D('',#18032,#14804,#14805);
#12250=AXIS2_PLACEMENT_3D('',#18043,#14811,#14812);
#12251=AXIS2_PLACEMENT_3D('',#18044,#14813,#14814);
#12252=AXIS2_PLACEMENT_3D('',#18046,#14816,#14817);
#12253=AXIS2_PLACEMENT_3D('',#18048,#14819,#14820);
#12254=AXIS2_PLACEMENT_3D('',#18050,#14822,#14823);
#12255=AXIS2_PLACEMENT_3D('',#18052,#14825,#14826);
#12256=AXIS2_PLACEMENT_3D('',#18054,#14828,#14829);
#12257=AXIS2_PLACEMENT_3D('',#18055,#14830,#14831);
#12258=AXIS2_PLACEMENT_3D('',#18057,#14832,#14833);
#12259=AXIS2_PLACEMENT_3D('',#18060,#14835,#14836);
#12260=AXIS2_PLACEMENT_3D('',#18061,#14837,#14838);
#12261=AXIS2_PLACEMENT_3D('',#18062,#14839,#14840);
#12262=AXIS2_PLACEMENT_3D('',#18071,#14845,#14846);
#12263=AXIS2_PLACEMENT_3D('',#18077,#14850,#14851);
#12264=AXIS2_PLACEMENT_3D('',#18083,#14855,#14856);
#12265=AXIS2_PLACEMENT_3D('',#18089,#14860,#14861);
#12266=AXIS2_PLACEMENT_3D('',#18095,#14865,#14866);
#12267=AXIS2_PLACEMENT_3D('',#18097,#14867,#14868);
#12268=AXIS2_PLACEMENT_3D('',#18100,#14870,#14871);
#12269=AXIS2_PLACEMENT_3D('',#18101,#14872,#14873);
#12270=AXIS2_PLACEMENT_3D('',#18107,#14877,#14878);
#12271=AXIS2_PLACEMENT_3D('',#18129,#14890,#14891);
#12272=AXIS2_PLACEMENT_3D('',#18135,#14895,#14896);
#12273=AXIS2_PLACEMENT_3D('',#18154,#14907,#14908);
#12274=AXIS2_PLACEMENT_3D('',#18156,#14910,#14911);
#12275=AXIS2_PLACEMENT_3D('',#18157,#14912,#14913);
#12276=AXIS2_PLACEMENT_3D('',#18159,#14915,#14916);
#12277=AXIS2_PLACEMENT_3D('',#18162,#14919,#14920);
#12278=AXIS2_PLACEMENT_3D('',#18164,#14922,#14923);
#12279=AXIS2_PLACEMENT_3D('',#18166,#14925,#14926);
#12280=AXIS2_PLACEMENT_3D('',#18167,#14927,#14928);
#12281=AXIS2_PLACEMENT_3D('',#18169,#14930,#14931);
#12282=AXIS2_PLACEMENT_3D('',#18171,#14933,#14934);
#12283=AXIS2_PLACEMENT_3D('',#18172,#14935,#14936);
#12284=AXIS2_PLACEMENT_3D('',#18174,#14937,#14938);
#12285=AXIS2_PLACEMENT_3D('',#18177,#14940,#14941);
#12286=AXIS2_PLACEMENT_3D('',#18178,#14942,#14943);
#12287=AXIS2_PLACEMENT_3D('',#18179,#14944,#14945);
#12288=AXIS2_PLACEMENT_3D('',#18188,#14950,#14951);
#12289=AXIS2_PLACEMENT_3D('',#18194,#14955,#14956);
#12290=AXIS2_PLACEMENT_3D('',#18200,#14960,#14961);
#12291=AXIS2_PLACEMENT_3D('',#18213,#14968,#14969);
#12292=AXIS2_PLACEMENT_3D('',#18216,#14972,#14973);
#12293=AXIS2_PLACEMENT_3D('',#18225,#14978,#14979);
#12294=AXIS2_PLACEMENT_3D('',#18231,#14983,#14984);
#12295=AXIS2_PLACEMENT_3D('',#18234,#14987,#14988);
#12296=AXIS2_PLACEMENT_3D('',#18242,#14993,#14994);
#12297=AXIS2_PLACEMENT_3D('',#18246,#14997,#14998);
#12298=AXIS2_PLACEMENT_3D('',#18250,#15001,#15002);
#12299=AXIS2_PLACEMENT_3D('',#18254,#15005,#15006);
#12300=AXIS2_PLACEMENT_3D('',#18267,#15013,#15014);
#12301=AXIS2_PLACEMENT_3D('',#18268,#15015,#15016);
#12302=AXIS2_PLACEMENT_3D('',#18272,#15019,#15020);
#12303=AXIS2_PLACEMENT_3D('',#18283,#15026,#15027);
#12304=AXIS2_PLACEMENT_3D('',#18284,#15028,#15029);
#12305=AXIS2_PLACEMENT_3D('',#18286,#15031,#15032);
#12306=AXIS2_PLACEMENT_3D('',#18288,#15034,#15035);
#12307=AXIS2_PLACEMENT_3D('',#18290,#15037,#15038);
#12308=AXIS2_PLACEMENT_3D('',#18292,#15040,#15041);
#12309=AXIS2_PLACEMENT_3D('',#18294,#15043,#15044);
#12310=AXIS2_PLACEMENT_3D('',#18295,#15045,#15046);
#12311=AXIS2_PLACEMENT_3D('',#18297,#15047,#15048);
#12312=AXIS2_PLACEMENT_3D('',#18300,#15050,#15051);
#12313=AXIS2_PLACEMENT_3D('',#18301,#15052,#15053);
#12314=AXIS2_PLACEMENT_3D('',#18302,#15054,#15055);
#12315=AXIS2_PLACEMENT_3D('',#18309,#15058,#15059);
#12316=AXIS2_PLACEMENT_3D('',#18319,#15065,#15066);
#12317=AXIS2_PLACEMENT_3D('',#18334,#15073,#15074);
#12318=AXIS2_PLACEMENT_3D('',#18336,#15076,#15077);
#12319=AXIS2_PLACEMENT_3D('',#18339,#15080,#15081);
#12320=AXIS2_PLACEMENT_3D('',#18341,#15083,#15084);
#12321=AXIS2_PLACEMENT_3D('',#18343,#15086,#15087);
#12322=AXIS2_PLACEMENT_3D('',#18346,#15090,#15091);
#12323=AXIS2_PLACEMENT_3D('',#18348,#15093,#15094);
#12324=AXIS2_PLACEMENT_3D('',#18350,#15096,#15097);
#12325=AXIS2_PLACEMENT_3D('',#18351,#15098,#15099);
#12326=AXIS2_PLACEMENT_3D('',#18352,#15100,#15101);
#12327=AXIS2_PLACEMENT_3D('',#18361,#15106,#15107);
#12328=AXIS2_PLACEMENT_3D('',#18367,#15111,#15112);
#12329=AXIS2_PLACEMENT_3D('',#18373,#15116,#15117);
#12330=AXIS2_PLACEMENT_3D('',#18390,#15126,#15127);
#12331=AXIS2_PLACEMENT_3D('',#18396,#15131,#15132);
#12332=AXIS2_PLACEMENT_3D('',#18405,#15137,#15138);
#12333=AXIS2_PLACEMENT_3D('',#18411,#15142,#15143);
#12334=AXIS2_PLACEMENT_3D('',#18414,#15146,#15147);
#12335=AXIS2_PLACEMENT_3D('',#18420,#15151,#15152);
#12336=AXIS2_PLACEMENT_3D('',#18423,#15153,#15154);
#12337=AXIS2_PLACEMENT_3D('',#18429,#15159,#15160);
#12338=AXIS2_PLACEMENT_3D('',#18437,#15165,#15166);
#12339=AXIS2_PLACEMENT_3D('',#18445,#15171,#15172);
#12340=AXIS2_PLACEMENT_3D('',#18447,#15174,#15175);
#12341=AXIS2_PLACEMENT_3D('',#18450,#15176,#15177);
#12342=AXIS2_PLACEMENT_3D('',#18457,#15182,#15183);
#12343=AXIS2_PLACEMENT_3D('',#18461,#15186,#15187);
#12344=AXIS2_PLACEMENT_3D('',#18465,#15190,#15191);
#12345=AXIS2_PLACEMENT_3D('',#18469,#15194,#15195);
#12346=AXIS2_PLACEMENT_3D('',#18471,#15197,#15198);
#12347=AXIS2_PLACEMENT_3D('',#18473,#15200,#15201);
#12348=AXIS2_PLACEMENT_3D('',#18475,#15203,#15204);
#12349=AXIS2_PLACEMENT_3D('',#18477,#15206,#15207);
#12350=AXIS2_PLACEMENT_3D('',#18479,#15209,#15210);
#12351=AXIS2_PLACEMENT_3D('',#18480,#15211,#15212);
#12352=AXIS2_PLACEMENT_3D('',#18482,#15213,#15214);
#12353=AXIS2_PLACEMENT_3D('',#18485,#15216,#15217);
#12354=AXIS2_PLACEMENT_3D('',#18486,#15218,#15219);
#12355=AXIS2_PLACEMENT_3D('',#18487,#15220,#15221);
#12356=AXIS2_PLACEMENT_3D('',#18496,#15226,#15227);
#12357=AXIS2_PLACEMENT_3D('',#18502,#15231,#15232);
#12358=AXIS2_PLACEMENT_3D('',#18515,#15239,#15240);
#12359=AXIS2_PLACEMENT_3D('',#18521,#15244,#15245);
#12360=AXIS2_PLACEMENT_3D('',#18530,#15250,#15251);
#12361=AXIS2_PLACEMENT_3D('',#18536,#15255,#15256);
#12362=AXIS2_PLACEMENT_3D('',#18542,#15260,#15261);
#12363=AXIS2_PLACEMENT_3D('',#18556,#15269,#15270);
#12364=AXIS2_PLACEMENT_3D('',#18557,#15271,#15272);
#12365=AXIS2_PLACEMENT_3D('',#18559,#15274,#15275);
#12366=AXIS2_PLACEMENT_3D('',#18565,#15279,#15280);
#12367=AXIS2_PLACEMENT_3D('',#18568,#15283,#15284);
#12368=AXIS2_PLACEMENT_3D('',#18574,#15288,#15289);
#12369=AXIS2_PLACEMENT_3D('',#18576,#15291,#15292);
#12370=AXIS2_PLACEMENT_3D('',#18580,#15295,#15296);
#12371=AXIS2_PLACEMENT_3D('',#18591,#15302,#15303);
#12372=AXIS2_PLACEMENT_3D('',#18592,#15304,#15305);
#12373=AXIS2_PLACEMENT_3D('',#18594,#15307,#15308);
#12374=AXIS2_PLACEMENT_3D('',#18596,#15310,#15311);
#12375=AXIS2_PLACEMENT_3D('',#18598,#15313,#15314);
#12376=AXIS2_PLACEMENT_3D('',#18600,#15316,#15317);
#12377=AXIS2_PLACEMENT_3D('',#18602,#15319,#15320);
#12378=DIRECTION('axis',(0.,0.,1.));
#12379=DIRECTION('refdir',(1.,0.,0.));
#12380=DIRECTION('center_axis',(-1.,0.,0.));
#12381=DIRECTION('ref_axis',(0.,1.,0.));
#12382=DIRECTION('',(-0.999999997347053,-7.28415647199171E-5,3.4231506427453E-10));
#12383=DIRECTION('center_axis',(-1.,0.,0.));
#12384=DIRECTION('ref_axis',(0.,1.,0.));
#12385=DIRECTION('',(1.,0.,0.));
#12386=DIRECTION('center_axis',(-1.,0.,0.));
#12387=DIRECTION('ref_axis',(0.,1.,0.));
#12388=DIRECTION('',(0.999999997347053,7.28415647199171E-5,3.4231506427453E-10));
#12389=DIRECTION('',(-1.,0.,0.));
#12390=DIRECTION('center_axis',(-1.,0.,0.));
#12391=DIRECTION('ref_axis',(0.,1.,0.));
#12392=DIRECTION('center_axis',(1.,0.,0.));
#12393=DIRECTION('ref_axis',(0.,1.,0.));
#12394=DIRECTION('',(0.,0.,1.));
#12395=DIRECTION('center_axis',(1.,0.,0.));
#12396=DIRECTION('ref_axis',(0.,1.,0.));
#12397=DIRECTION('',(0.,0.,1.));
#12398=DIRECTION('center_axis',(0.,1.,0.));
#12399=DIRECTION('ref_axis',(0.,0.,1.));
#12400=DIRECTION('',(1.,0.,0.));
#12401=DIRECTION('',(0.,0.,1.));
#12402=DIRECTION('center_axis',(0.,1.,0.));
#12403=DIRECTION('ref_axis',(0.,0.,1.));
#12404=DIRECTION('',(0.,0.,1.));
#12405=DIRECTION('',(1.,0.,0.));
#12406=DIRECTION('',(0.,0.,1.));
#12407=DIRECTION('center_axis',(-7.28415647199171E-5,0.999999997347053,
0.));
#12408=DIRECTION('ref_axis',(-0.999999997347053,-7.28415647199171E-5,0.));
#12409=DIRECTION('',(0.999999997347053,7.28415647199171E-5,-2.12235783939418E-10));
#12410=DIRECTION('center_axis',(0.,0.,1.));
#12411=DIRECTION('ref_axis',(1.,0.,0.));
#12412=DIRECTION('center_axis',(0.,0.,1.));
#12413=DIRECTION('ref_axis',(1.,0.,0.));
#12414=DIRECTION('',(0.,0.,-1.));
#12415=DIRECTION('center_axis',(0.,0.,-1.));
#12416=DIRECTION('ref_axis',(1.,0.,0.));
#12417=DIRECTION('center_axis',(0.,0.,1.));
#12418=DIRECTION('ref_axis',(1.,0.,0.));
#12419=DIRECTION('center_axis',(-1.,0.,0.));
#12420=DIRECTION('ref_axis',(0.,-1.,0.));
#12421=DIRECTION('',(0.,0.,-1.));
#12422=DIRECTION('',(0.,1.,0.));
#12423=DIRECTION('',(0.,0.,-1.));
#12424=DIRECTION('',(0.,0.90630778703665,-0.4226182617407));
#12425=DIRECTION('',(0.,0.,1.));
#12426=DIRECTION('center_axis',(1.,0.,0.));
#12427=DIRECTION('ref_axis',(0.,1.,0.));
#12428=DIRECTION('',(0.,0.,1.));
#12429=DIRECTION('',(0.,-1.,0.));
#12430=DIRECTION('center_axis',(0.,-1.,0.));
#12431=DIRECTION('ref_axis',(0.,0.,-1.));
#12432=DIRECTION('',(1.,0.,0.));
#12433=DIRECTION('',(0.,0.,1.));
#12434=DIRECTION('',(1.,0.,0.));
#12435=DIRECTION('center_axis',(0.,-1.,0.));
#12436=DIRECTION('ref_axis',(0.,0.,-1.));
#12437=DIRECTION('',(1.,0.,0.));
#12438=DIRECTION('',(0.,0.,1.));
#12439=DIRECTION('',(1.,0.,0.));
#12440=DIRECTION('center_axis',(0.,1.,0.));
#12441=DIRECTION('ref_axis',(0.,0.,1.));
#12442=DIRECTION('',(0.,0.,1.));
#12443=DIRECTION('',(1.,0.,0.));
#12444=DIRECTION('',(1.,0.,0.));
#12445=DIRECTION('center_axis',(0.,0.4226182617407,0.90630778703665));
#12446=DIRECTION('ref_axis',(0.,-0.90630778703665,0.4226182617407));
#12447=DIRECTION('',(0.,-0.90630778703665,0.4226182617407));
#12448=DIRECTION('',(-1.,0.,0.));
#12449=DIRECTION('',(-0.999999996770189,-7.28415646778974E-5,3.39665794412962E-5));
#12450=DIRECTION('',(0.,0.90630778703665,-0.4226182617407));
#12451=DIRECTION('',(-1.,0.,0.));
#12452=DIRECTION('center_axis',(0.,0.,1.));
#12453=DIRECTION('ref_axis',(0.,-1.,0.));
#12454=DIRECTION('',(0.,-1.,0.));
#12455=DIRECTION('',(1.,0.,0.));
#12456=DIRECTION('center_axis',(0.,1.,0.));
#12457=DIRECTION('ref_axis',(0.,0.,1.));
#12458=DIRECTION('',(0.,0.,1.));
#12459=DIRECTION('',(1.,0.,0.));
#12460=DIRECTION('center_axis',(0.,0.,1.));
#12461=DIRECTION('ref_axis',(1.,0.,0.));
#12462=DIRECTION('',(0.,1.,0.));
#12463=DIRECTION('',(0.999999946521453,-0.000327042949018785,0.));
#12464=DIRECTION('',(2.08983268722192E-16,1.,0.));
#12465=DIRECTION('',(-1.,0.,0.));
#12466=DIRECTION('center_axis',(1.,0.,0.));
#12467=DIRECTION('ref_axis',(0.,1.,0.));
#12468=DIRECTION('center_axis',(1.,-1.04489387525796E-16,0.));
#12469=DIRECTION('ref_axis',(0.,1.,0.));
#12470=DIRECTION('',(1.,0.,0.));
#12471=DIRECTION('center_axis',(-1.,2.08983268722192E-16,0.));
#12472=DIRECTION('ref_axis',(0.,1.,0.));
#12473=DIRECTION('',(0.999999946521452,-0.000327042949021963,5.97754086981521E-8));
#12474=DIRECTION('',(-0.999999946521452,0.000327042949021963,5.97754084994981E-8));
#12475=DIRECTION('center_axis',(-1.,2.08983268722192E-16,0.));
#12476=DIRECTION('ref_axis',(0.,1.,0.));
#12477=DIRECTION('',(-0.999999997347053,-7.28415647199171E-5,-2.12235783939418E-10));
#12478=DIRECTION('center_axis',(1.,0.,0.));
#12479=DIRECTION('ref_axis',(0.,1.,0.));
#12480=DIRECTION('center_axis',(0.,1.,0.));
#12481=DIRECTION('ref_axis',(-1.,0.,0.));
#12482=DIRECTION('',(0.,0.,1.));
#12483=DIRECTION('',(-1.,0.,0.));
#12484=DIRECTION('',(0.,0.,1.));
#12485=DIRECTION('center_axis',(1.,0.,0.));
#12486=DIRECTION('ref_axis',(0.,1.,0.));
#12487=DIRECTION('',(0.,0.,1.));
#12488=DIRECTION('',(0.,1.,0.));
#12489=DIRECTION('center_axis',(-7.28415647199171E-5,0.999999997347053,
0.));
#12490=DIRECTION('ref_axis',(-0.999999997347053,-7.28415647199171E-5,0.));
#12491=DIRECTION('',(0.,0.,1.));
#12492=DIRECTION('',(-0.999999997347053,-7.28415647199171E-5,0.));
#12493=DIRECTION('center_axis',(-7.28415647199171E-5,0.999999997347053,
0.));
#12494=DIRECTION('ref_axis',(-0.999999997347053,-7.28415647199171E-5,0.));
#12495=DIRECTION('',(0.,0.,1.));
#12496=DIRECTION('center_axis',(-1.,1.04489387525796E-16,0.));
#12497=DIRECTION('ref_axis',(-1.04489387525796E-16,-1.,0.));
#12498=DIRECTION('',(1.09221151058498E-17,0.104528463267653,0.994521895368273));
#12499=DIRECTION('',(1.03916983728025E-16,0.994521895368273,-0.104528463267653));
#12500=DIRECTION('',(-1.09221151058498E-17,-0.104528463267653,-0.994521895368273));
#12501=DIRECTION('',(0.,0.,1.));
#12502=DIRECTION('',(-1.03892019731581E-16,-0.994282981187272,-0.106777119840121));
#12503=DIRECTION('',(-1.03916983728025E-16,-0.994521895368273,0.104528463267655));
#12504=DIRECTION('',(0.,0.,-1.));
#12505=DIRECTION('',(1.04489387525796E-16,1.,0.));
#12506=DIRECTION('',(0.,0.,1.));
#12507=DIRECTION('',(-5.53792646302536E-17,-0.52999894000318,-0.847998304005088));
#12508=DIRECTION('',(-1.04489387525796E-16,-1.,0.));
#12509=DIRECTION('',(0.,0.,1.));
#12510=DIRECTION('center_axis',(0.000327042949018785,0.999999946521453,
0.));
#12511=DIRECTION('ref_axis',(-0.999999946521453,0.000327042949018785,0.));
#12512=DIRECTION('',(0.,0.,1.));
#12513=DIRECTION('center_axis',(0.,0.994521895368273,-0.104528463267653));
#12514=DIRECTION('ref_axis',(0.,0.104528463267653,0.994521895368273));
#12515=DIRECTION('',(-2.18446999281818E-17,-0.104528463267653,-0.994521895368273));
#12516=DIRECTION('',(1.,0.,0.));
#12517=DIRECTION('center_axis',(0.,-0.104528463267653,-0.994521895368273));
#12518=DIRECTION('ref_axis',(0.,0.994521895368273,-0.104528463267653));
#12519=DIRECTION('',(-2.07838436509851E-16,-0.994521895368273,0.104528463267653));
#12520=DIRECTION('',(1.,0.,0.));
#12521=DIRECTION('center_axis',(0.,-0.994521895368273,0.104528463267653));
#12522=DIRECTION('ref_axis',(0.,-0.104528463267653,-0.994521895368273));
#12523=DIRECTION('',(2.18446999281818E-17,0.104528463267653,0.994521895368273));
#12524=DIRECTION('',(-1.,0.,0.));
#12525=DIRECTION('center_axis',(0.,1.,0.));
#12526=DIRECTION('ref_axis',(0.,0.,1.));
#12527=DIRECTION('',(0.,0.,-1.));
#12528=DIRECTION('',(1.,0.,0.));
#12529=DIRECTION('center_axis',(0.,-0.106777119840121,0.994282981187272));
#12530=DIRECTION('ref_axis',(0.,-0.994282981187272,-0.106777119840121));
#12531=DIRECTION('',(2.07788507443362E-16,0.994282981187272,0.106777119840121));
#12532=DIRECTION('',(1.,0.,0.));
#12533=DIRECTION('center_axis',(0.,-1.,0.));
#12534=DIRECTION('ref_axis',(0.,0.,-1.));
#12535=DIRECTION('',(0.,0.,1.));
#12536=DIRECTION('',(1.,0.,0.));
#12537=DIRECTION('',(1.,0.,0.));
#12538=DIRECTION('center_axis',(0.,0.104528463267655,0.994521895368273));
#12539=DIRECTION('ref_axis',(0.,-0.994521895368273,0.104528463267655));
#12540=DIRECTION('',(2.07838436509851E-16,0.994521895368273,-0.104528463267655));
#12541=DIRECTION('center_axis',(0.,0.,1.));
#12542=DIRECTION('ref_axis',(1.,0.,0.));
#12543=DIRECTION('',(2.08983268722192E-16,1.,0.));
#12544=DIRECTION('',(-1.,0.,0.));
#12545=DIRECTION('center_axis',(0.,-0.847998304005088,0.52999894000318));
#12546=DIRECTION('ref_axis',(1.,0.,0.));
#12547=DIRECTION('',(1.10760910901161E-16,0.52999894000318,0.847998304005088));
#12548=DIRECTION('',(-1.,0.,0.));
#12549=DIRECTION('',(1.,0.,0.));
#12550=DIRECTION('center_axis',(1.,-2.08983268722192E-16,0.));
#12551=DIRECTION('ref_axis',(2.08983268722192E-16,1.,0.));
#12552=DIRECTION('',(0.,0.,1.));
#12553=DIRECTION('',(2.08983268722192E-16,1.,0.));
#12554=DIRECTION('',(0.,0.,1.));
#12555=DIRECTION('center_axis',(0.,-1.,0.));
#12556=DIRECTION('ref_axis',(1.,0.,0.));
#12557=DIRECTION('center_axis',(0.,0.,1.));
#12558=DIRECTION('ref_axis',(1.,0.,0.));
#12559=DIRECTION('',(-0.999999946521453,0.000327042949018785,0.));
#12560=DIRECTION('',(-1.,0.,0.));
#12561=DIRECTION('center_axis',(0.,1.,0.));
#12562=DIRECTION('ref_axis',(-1.,0.,0.));
#12563=DIRECTION('center_axis',(1.,0.,0.));
#12564=DIRECTION('ref_axis',(0.,1.,0.));
#12565=DIRECTION('center_axis',(0.000327042949018785,0.999999946521453,
0.));
#12566=DIRECTION('ref_axis',(-0.999999946521453,0.000327042949018785,0.));
#12567=DIRECTION('center_axis',(0.,0.,1.));
#12568=DIRECTION('ref_axis',(1.,0.,0.));
#12569=DIRECTION('center_axis',(0.,0.,1.));
#12570=DIRECTION('ref_axis',(1.,0.,0.));
#12571=DIRECTION('',(0.,0.,-1.));
#12572=DIRECTION('center_axis',(0.,0.,-1.));
#12573=DIRECTION('ref_axis',(1.,0.,0.));
#12574=DIRECTION('center_axis',(0.,0.,1.));
#12575=DIRECTION('ref_axis',(1.,0.,0.));
#12576=DIRECTION('center_axis',(0.,1.,0.));
#12577=DIRECTION('ref_axis',(0.,0.,1.));
#12578=DIRECTION('',(0.,0.,1.));
#12579=DIRECTION('',(1.,0.,0.));
#12580=DIRECTION('',(0.,0.,-1.));
#12581=DIRECTION('',(1.,0.,0.));
#12582=DIRECTION('center_axis',(0.,0.4226182617407,0.90630778703665));
#12583=DIRECTION('ref_axis',(0.,-0.90630778703665,0.4226182617407));
#12584=DIRECTION('',(0.,-0.90630778703665,0.4226182617407));
#12585=DIRECTION('',(-1.,0.,0.));
#12586=DIRECTION('',(0.,0.90630778703665,-0.4226182617407));
#12587=DIRECTION('center_axis',(0.,0.,1.));
#12588=DIRECTION('ref_axis',(0.,-1.,0.));
#12589=DIRECTION('',(0.,-1.,0.));
#12590=DIRECTION('',(0.,1.,0.));
#12591=DIRECTION('',(1.,0.,0.));
#12592=DIRECTION('center_axis',(0.,1.,0.));
#12593=DIRECTION('ref_axis',(0.,0.,1.));
#12594=DIRECTION('',(0.,0.,1.));
#12595=DIRECTION('',(0.,0.,-1.));
#12596=DIRECTION('',(1.,0.,0.));
#12597=DIRECTION('center_axis',(0.,0.,1.));
#12598=DIRECTION('ref_axis',(1.,0.,0.));
#12599=DIRECTION('',(0.,1.,0.));
#12600=DIRECTION('',(0.,-1.,0.));
#12601=DIRECTION('',(-1.,0.,0.));
#12602=DIRECTION('center_axis',(1.,0.,0.));
#12603=DIRECTION('ref_axis',(0.,1.,0.));
#12604=DIRECTION('center_axis',(1.,0.,0.));
#12605=DIRECTION('ref_axis',(0.,1.,0.));
#12606=DIRECTION('',(1.,0.,0.));
#12607=DIRECTION('center_axis',(-1.,0.,0.));
#12608=DIRECTION('ref_axis',(0.,1.,0.));
#12609=DIRECTION('center_axis',(-1.,0.,0.));
#12610=DIRECTION('ref_axis',(0.,-1.,0.));
#12611=DIRECTION('',(0.,0.104528463267653,0.994521895368273));
#12612=DIRECTION('',(0.,0.994521895368273,-0.104528463267653));
#12613=DIRECTION('',(0.,-0.104528463267653,-0.994521895368273));
#12614=DIRECTION('',(0.,0.,1.));
#12615=DIRECTION('',(0.,-0.994282981187272,-0.106777119840121));
#12616=DIRECTION('',(0.,-0.994521895368273,0.104528463267655));
#12617=DIRECTION('',(0.,0.,-1.));
#12618=DIRECTION('',(0.,1.,0.));
#12619=DIRECTION('',(0.,0.,1.));
#12620=DIRECTION('',(0.,-0.52999894000318,-0.847998304005088));
#12621=DIRECTION('',(0.,-1.,0.));
#12622=DIRECTION('',(0.,0.,1.));
#12623=DIRECTION('center_axis',(1.,0.,0.));
#12624=DIRECTION('ref_axis',(0.,1.,0.));
#12625=DIRECTION('',(0.,0.,1.));
#12626=DIRECTION('',(0.,1.,0.));
#12627=DIRECTION('',(0.,0.52999894000318,0.847998304005088));
#12628=DIRECTION('',(0.,0.,1.));
#12629=DIRECTION('',(0.,-1.,0.));
#12630=DIRECTION('',(0.,0.,1.));
#12631=DIRECTION('',(0.,0.994521895368273,-0.104528463267655));
#12632=DIRECTION('',(0.,0.994282981187272,0.106777119840121));
#12633=DIRECTION('',(0.,0.,-1.));
#12634=DIRECTION('',(0.,0.104528463267653,0.994521895368273));
#12635=DIRECTION('',(0.,-0.994521895368273,0.104528463267653));
#12636=DIRECTION('',(0.,-0.104528463267653,-0.994521895368273));
#12637=DIRECTION('center_axis',(0.,0.994521895368273,-0.104528463267653));
#12638=DIRECTION('ref_axis',(0.,0.104528463267653,0.994521895368273));
#12639=DIRECTION('',(1.,0.,0.));
#12640=DIRECTION('center_axis',(0.,0.104528463267655,0.994521895368273));
#12641=DIRECTION('ref_axis',(0.,-0.994521895368273,0.104528463267655));
#12642=DIRECTION('',(1.,0.,0.));
#12643=DIRECTION('',(1.,0.,0.));
#12644=DIRECTION('center_axis',(0.,-1.,0.));
#12645=DIRECTION('ref_axis',(0.,0.,-1.));
#12646=DIRECTION('',(1.,0.,0.));
#12647=DIRECTION('center_axis',(0.,-0.106777119840121,0.994282981187272));
#12648=DIRECTION('ref_axis',(0.,-0.994282981187272,-0.106777119840121));
#12649=DIRECTION('',(1.,0.,0.));
#12650=DIRECTION('center_axis',(0.,1.,0.));
#12651=DIRECTION('ref_axis',(0.,0.,1.));
#12652=DIRECTION('',(-1.,0.,0.));
#12653=DIRECTION('center_axis',(0.,0.,1.));
#12654=DIRECTION('ref_axis',(1.,0.,0.));
#12655=DIRECTION('',(-1.,0.,0.));
#12656=DIRECTION('center_axis',(0.,-0.847998304005088,0.52999894000318));
#12657=DIRECTION('ref_axis',(1.,0.,0.));
#12658=DIRECTION('',(-1.,0.,0.));
#12659=DIRECTION('',(1.,0.,0.));
#12660=DIRECTION('center_axis',(0.,0.,1.));
#12661=DIRECTION('ref_axis',(1.,0.,0.));
#12662=DIRECTION('',(-1.,0.,0.));
#12663=DIRECTION('center_axis',(0.,-1.,0.));
#12664=DIRECTION('ref_axis',(1.,0.,0.));
#12665=DIRECTION('center_axis',(0.,1.,0.));
#12666=DIRECTION('ref_axis',(-1.,0.,0.));
#12667=DIRECTION('center_axis',(0.,-0.104528463267653,-0.994521895368273));
#12668=DIRECTION('ref_axis',(0.,0.994521895368273,-0.104528463267653));
#12669=DIRECTION('',(1.,0.,0.));
#12670=DIRECTION('center_axis',(0.,-0.994521895368273,0.104528463267653));
#12671=DIRECTION('ref_axis',(0.,-0.104528463267653,-0.994521895368273));
#12672=DIRECTION('center_axis',(0.,0.,1.));
#12673=DIRECTION('ref_axis',(1.,0.,0.));
#12674=DIRECTION('center_axis',(0.,0.,1.));
#12675=DIRECTION('ref_axis',(1.,0.,0.));
#12676=DIRECTION('',(0.,0.,-1.));
#12677=DIRECTION('center_axis',(0.,0.,-1.));
#12678=DIRECTION('ref_axis',(1.,0.,0.));
#12679=DIRECTION('center_axis',(0.,0.,1.));
#12680=DIRECTION('ref_axis',(1.,0.,0.));
#12681=DIRECTION('center_axis',(0.,1.,0.));
#12682=DIRECTION('ref_axis',(-1.,0.,0.));
#12683=DIRECTION('',(-1.,0.,0.));
#12684=DIRECTION('',(0.,0.,1.));
#12685=DIRECTION('',(-1.,0.,0.));
#12686=DIRECTION('',(0.,0.,1.));
#12687=DIRECTION('center_axis',(0.,-1.,0.));
#12688=DIRECTION('ref_axis',(1.,0.,0.));
#12689=DIRECTION('',(1.,0.,0.));
#12690=DIRECTION('',(0.,0.,1.));
#12691=DIRECTION('',(-1.,0.,0.));
#12692=DIRECTION('',(0.,0.,1.));
#12693=DIRECTION('center_axis',(0.,0.,1.));
#12694=DIRECTION('ref_axis',(1.,0.,0.));
#12695=DIRECTION('',(-1.,0.,0.));
#12696=DIRECTION('',(0.,1.,0.));
#12697=DIRECTION('',(0.,-1.,0.));
#12698=DIRECTION('center_axis',(0.,-0.847998304005088,0.52999894000318));
#12699=DIRECTION('ref_axis',(1.,0.,0.));
#12700=DIRECTION('',(0.,0.52999894000318,0.847998304005088));
#12701=DIRECTION('',(0.,-0.52999894000318,-0.847998304005088));
#12702=DIRECTION('center_axis',(0.,0.,1.));
#12703=DIRECTION('ref_axis',(1.,0.,0.));
#12704=DIRECTION('',(1.,0.,0.));
#12705=DIRECTION('',(0.,-1.,0.));
#12706=DIRECTION('',(0.,1.,0.));
#12707=DIRECTION('center_axis',(0.,1.,0.));
#12708=DIRECTION('ref_axis',(0.,0.,1.));
#12709=DIRECTION('',(0.,0.,1.));
#12710=DIRECTION('',(-1.,0.,0.));
#12711=DIRECTION('',(0.,0.,-1.));
#12712=DIRECTION('',(1.,0.,0.));
#12713=DIRECTION('center_axis',(0.,-0.106777119840121,0.994282981187272));
#12714=DIRECTION('ref_axis',(0.,-0.994282981187272,-0.106777119840121));
#12715=DIRECTION('',(0.,-0.994282981187272,-0.106777119840121));
#12716=DIRECTION('',(0.,0.994282981187272,0.106777119840121));
#12717=DIRECTION('',(1.,0.,0.));
#12718=DIRECTION('center_axis',(0.,-1.,0.));
#12719=DIRECTION('ref_axis',(0.,0.,-1.));
#12720=DIRECTION('',(0.,0.,-1.));
#12721=DIRECTION('',(1.,0.,0.));
#12722=DIRECTION('',(0.,0.,1.));
#12723=DIRECTION('center_axis',(0.,0.104528463267655,0.994521895368273));
#12724=DIRECTION('ref_axis',(0.,-0.994521895368273,0.104528463267655));
#12725=DIRECTION('',(0.,-0.994521895368273,0.104528463267655));
#12726=DIRECTION('',(0.,0.994521895368273,-0.104528463267655));
#12727=DIRECTION('center_axis',(0.,-0.994521895368273,0.104528463267653));
#12728=DIRECTION('ref_axis',(0.,-0.104528463267653,-0.994521895368273));
#12729=DIRECTION('',(0.,0.104528463267653,0.994521895368273));
#12730=DIRECTION('',(0.,-0.104528463267653,-0.994521895368273));
#12731=DIRECTION('',(1.,0.,0.));
#12732=DIRECTION('center_axis',(0.,-0.104528463267653,-0.994521895368273));
#12733=DIRECTION('ref_axis',(0.,0.994521895368273,-0.104528463267653));
#12734=DIRECTION('',(0.,-0.994521895368273,0.104528463267653));
#12735=DIRECTION('',(0.,0.994521895368273,-0.104528463267653));
#12736=DIRECTION('',(1.,0.,0.));
#12737=DIRECTION('center_axis',(0.,0.994521895368273,-0.104528463267653));
#12738=DIRECTION('ref_axis',(0.,0.104528463267653,0.994521895368273));
#12739=DIRECTION('',(0.,-0.104528463267653,-0.994521895368273));
#12740=DIRECTION('',(0.,0.104528463267653,0.994521895368273));
#12741=DIRECTION('',(-1.,0.,0.));
#12742=DIRECTION('center_axis',(1.,0.,0.));
#12743=DIRECTION('ref_axis',(0.,1.,0.));
#12744=DIRECTION('',(0.,-1.,0.));
#12745=DIRECTION('',(0.,0.,-1.));
#12746=DIRECTION('',(0.,1.,0.));
#12747=DIRECTION('',(0.,0.,-1.));
#12748=DIRECTION('',(0.,0.90630778703665,-0.4226182617407));
#12749=DIRECTION('center_axis',(-1.,0.,0.));
#12750=DIRECTION('ref_axis',(0.,1.,0.));
#12751=DIRECTION('center_axis',(-1.,0.,0.));
#12752=DIRECTION('ref_axis',(0.,-1.,0.));
#12753=DIRECTION('',(0.,-0.90630778703665,0.4226182617407));
#12754=DIRECTION('',(0.,0.,1.));
#12755=DIRECTION('',(0.,-1.,0.));
#12756=DIRECTION('',(0.,0.,1.));
#12757=DIRECTION('',(0.,1.,0.));
#12758=DIRECTION('center_axis',(1.,0.,0.));
#12759=DIRECTION('ref_axis',(0.,1.,0.));
#12760=DIRECTION('center_axis',(1.,0.,0.));
#12761=DIRECTION('ref_axis',(0.,1.,0.));
#12762=DIRECTION('',(1.,0.,0.));
#12763=DIRECTION('center_axis',(0.,0.,1.));
#12764=DIRECTION('ref_axis',(1.,0.,0.));
#12765=DIRECTION('',(1.,0.,0.));
#12766=DIRECTION('center_axis',(0.,1.,0.));
#12767=DIRECTION('ref_axis',(0.,0.,1.));
#12768=DIRECTION('',(1.,0.,0.));
#12769=DIRECTION('center_axis',(0.,0.,1.));
#12770=DIRECTION('ref_axis',(0.,-1.,0.));
#12771=DIRECTION('',(1.,0.,0.));
#12772=DIRECTION('center_axis',(0.,0.4226182617407,0.90630778703665));
#12773=DIRECTION('ref_axis',(0.,-0.90630778703665,0.4226182617407));
#12774=DIRECTION('',(1.,0.,0.));
#12775=DIRECTION('center_axis',(0.,1.,0.));
#12776=DIRECTION('ref_axis',(0.,0.,1.));
#12777=DIRECTION('center_axis',(0.,0.,1.));
#12778=DIRECTION('ref_axis',(1.,0.,0.));
#12779=DIRECTION('center_axis',(0.,0.,1.));
#12780=DIRECTION('ref_axis',(1.,0.,0.));
#12781=DIRECTION('',(0.,0.,-1.));
#12782=DIRECTION('center_axis',(0.,0.,-1.));
#12783=DIRECTION('ref_axis',(1.,0.,0.));
#12784=DIRECTION('center_axis',(0.,0.,1.));
#12785=DIRECTION('ref_axis',(1.,0.,0.));
#12786=DIRECTION('center_axis',(0.,1.,0.));
#12787=DIRECTION('ref_axis',(0.,0.,1.));
#12788=DIRECTION('',(0.,0.,1.));
#12789=DIRECTION('',(1.,0.,0.));
#12790=DIRECTION('',(0.,0.,-1.));
#12791=DIRECTION('',(1.,0.,0.));
#12792=DIRECTION('center_axis',(0.,0.4226182617407,0.90630778703665));
#12793=DIRECTION('ref_axis',(0.,-0.90630778703665,0.4226182617407));
#12794=DIRECTION('',(0.,-0.90630778703665,0.4226182617407));
#12795=DIRECTION('',(-1.,0.,0.));
#12796=DIRECTION('',(0.,0.90630778703665,-0.4226182617407));
#12797=DIRECTION('center_axis',(0.,0.,1.));
#12798=DIRECTION('ref_axis',(0.,-1.,0.));
#12799=DIRECTION('',(0.,-1.,0.));
#12800=DIRECTION('',(0.,1.,0.));
#12801=DIRECTION('',(1.,0.,0.));
#12802=DIRECTION('center_axis',(0.,1.,0.));
#12803=DIRECTION('ref_axis',(0.,0.,1.));
#12804=DIRECTION('',(0.,0.,1.));
#12805=DIRECTION('',(0.,0.,-1.));
#12806=DIRECTION('',(1.,0.,0.));
#12807=DIRECTION('center_axis',(0.,0.,1.));
#12808=DIRECTION('ref_axis',(1.,0.,0.));
#12809=DIRECTION('',(0.,1.,0.));
#12810=DIRECTION('',(0.,-1.,0.));
#12811=DIRECTION('',(-1.,0.,0.));
#12812=DIRECTION('center_axis',(1.,0.,0.));
#12813=DIRECTION('ref_axis',(0.,1.,0.));
#12814=DIRECTION('center_axis',(1.,0.,0.));
#12815=DIRECTION('ref_axis',(0.,1.,0.));
#12816=DIRECTION('',(1.,0.,0.));
#12817=DIRECTION('center_axis',(-1.,0.,0.));
#12818=DIRECTION('ref_axis',(0.,1.,0.));
#12819=DIRECTION('center_axis',(0.,1.,0.));
#12820=DIRECTION('ref_axis',(-1.,0.,0.));
#12821=DIRECTION('',(0.,0.,1.));
#12822=DIRECTION('',(-1.,0.,0.));
#12823=DIRECTION('',(0.,0.,1.));
#12824=DIRECTION('center_axis',(1.,0.,0.));
#12825=DIRECTION('ref_axis',(0.,1.,0.));
#12826=DIRECTION('',(0.,1.,0.));
#12827=DIRECTION('',(0.,0.52999894000318,0.847998304005088));
#12828=DIRECTION('',(0.,0.,1.));
#12829=DIRECTION('',(0.,-1.,0.));
#12830=DIRECTION('',(0.,0.561176470449073,0.827696181587375));
#12831=DIRECTION('',(0.,0.994521895368273,-0.104528463267655));
#12832=DIRECTION('',(0.,0.956021696787728,-0.2932959516787));
#12833=DIRECTION('',(0.,-1.,0.));
#12834=DIRECTION('',(0.,0.104528463267653,0.994521895368273));
#12835=DIRECTION('',(0.,-0.994521895368273,0.104528463267653));
#12836=DIRECTION('',(0.,-0.104528463267653,-0.994521895368273));
#12837=DIRECTION('center_axis',(0.,-1.,0.));
#12838=DIRECTION('ref_axis',(1.,0.,0.));
#12839=DIRECTION('',(1.,0.,0.));
#12840=DIRECTION('',(0.,0.,1.));
#12841=DIRECTION('',(-1.,0.,0.));
#12842=DIRECTION('center_axis',(0.,0.,1.));
#12843=DIRECTION('ref_axis',(1.,0.,0.));
#12844=DIRECTION('',(-1.,0.,0.));
#12845=DIRECTION('',(0.,-1.,0.));
#12846=DIRECTION('center_axis',(-1.,0.,0.));
#12847=DIRECTION('ref_axis',(0.,-1.,0.));
#12848=DIRECTION('',(0.,-0.104528463267653,-0.994521895368273));
#12849=DIRECTION('',(0.,-0.994521895368273,0.104528463267653));
#12850=DIRECTION('',(0.,0.104528463267653,0.994521895368273));
#12851=DIRECTION('',(0.,1.,0.));
#12852=DIRECTION('',(0.,-0.956021696787727,0.2932959516787));
#12853=DIRECTION('',(0.,-0.994521895368273,0.104528463267655));
#12854=DIRECTION('',(0.,-0.561176470449073,-0.827696181587375));
#12855=DIRECTION('',(0.,1.,0.));
#12856=DIRECTION('',(0.,-0.52999894000318,-0.847998304005088));
#12857=DIRECTION('center_axis',(0.,-0.847998304005088,0.52999894000318));
#12858=DIRECTION('ref_axis',(1.,0.,0.));
#12859=DIRECTION('center_axis',(0.,0.,1.));
#12860=DIRECTION('ref_axis',(1.,0.,0.));
#12861=DIRECTION('',(1.,0.,0.));
#12862=DIRECTION('center_axis',(0.,0.2932959516787,0.956021696787727));
#12863=DIRECTION('ref_axis',(0.,-0.956021696787728,0.2932959516787));
#12864=DIRECTION('',(-1.,0.,0.));
#12865=DIRECTION('',(1.,0.,0.));
#12866=DIRECTION('center_axis',(0.,0.104528463267655,0.994521895368273));
#12867=DIRECTION('ref_axis',(0.,-0.994521895368273,0.104528463267655));
#12868=DIRECTION('',(1.,0.,0.));
#12869=DIRECTION('center_axis',(0.,-0.827696181587375,0.561176470449073));
#12870=DIRECTION('ref_axis',(0.,-0.561176470449073,-0.827696181587375));
#12871=DIRECTION('center_axis',(0.,0.,1.));
#12872=DIRECTION('ref_axis',(1.,0.,0.));
#12873=DIRECTION('',(1.,0.,0.));
#12874=DIRECTION('center_axis',(0.,-0.994521895368273,0.104528463267653));
#12875=DIRECTION('ref_axis',(0.,-0.104528463267653,-0.994521895368273));
#12876=DIRECTION('',(1.,0.,0.));
#12877=DIRECTION('center_axis',(0.,-0.104528463267653,-0.994521895368273));
#12878=DIRECTION('ref_axis',(0.,0.994521895368273,-0.104528463267653));
#12879=DIRECTION('',(1.,0.,0.));
#12880=DIRECTION('center_axis',(0.,0.994521895368273,-0.104528463267653));
#12881=DIRECTION('ref_axis',(0.,0.104528463267653,0.994521895368273));
#12882=DIRECTION('center_axis',(0.,0.,1.));
#12883=DIRECTION('ref_axis',(1.,0.,0.));
#12884=DIRECTION('center_axis',(0.,0.,1.));
#12885=DIRECTION('ref_axis',(1.,0.,0.));
#12886=DIRECTION('',(0.,0.,-1.));
#12887=DIRECTION('center_axis',(0.,0.,-1.));
#12888=DIRECTION('ref_axis',(1.,0.,0.));
#12889=DIRECTION('center_axis',(0.,0.,1.));
#12890=DIRECTION('ref_axis',(1.,0.,0.));
#12891=DIRECTION('center_axis',(0.,0.,1.));
#12892=DIRECTION('ref_axis',(1.,0.,0.));
#12893=DIRECTION('',(1.,0.,0.));
#12894=DIRECTION('',(0.,1.,0.));
#12895=DIRECTION('',(1.,0.,0.));
#12896=DIRECTION('',(0.,1.,0.));
#12897=DIRECTION('center_axis',(0.,0.,1.));
#12898=DIRECTION('ref_axis',(1.,0.,0.));
#12899=DIRECTION('',(1.,0.,0.));
#12900=DIRECTION('',(0.,1.,0.));
#12901=DIRECTION('',(-1.,0.,0.));
#12902=DIRECTION('',(0.,1.,0.));
#12903=DIRECTION('',(-1.,0.,0.));
#12904=DIRECTION('',(0.,-1.,0.));
#12905=DIRECTION('center_axis',(0.,-1.,0.));
#12906=DIRECTION('ref_axis',(1.,0.,0.));
#12907=DIRECTION('',(0.,0.,1.));
#12908=DIRECTION('',(0.,0.,1.));
#12909=DIRECTION('center_axis',(0.,0.,1.));
#12910=DIRECTION('ref_axis',(1.,0.,0.));
#12911=DIRECTION('',(1.,0.,0.));
#12912=DIRECTION('',(0.,1.,0.));
#12913=DIRECTION('',(-1.,0.,0.));
#12914=DIRECTION('',(0.,1.,0.));
#12915=DIRECTION('center_axis',(0.,1.,0.));
#12916=DIRECTION('ref_axis',(-1.,0.,0.));
#12917=DIRECTION('',(-1.,0.,0.));
#12918=DIRECTION('',(0.,0.,1.));
#12919=DIRECTION('',(0.,0.,1.));
#12920=DIRECTION('center_axis',(1.,0.,0.));
#12921=DIRECTION('ref_axis',(0.,1.,0.));
#12922=DIRECTION('',(0.,0.797377767216774,0.603480485474379));
#12923=DIRECTION('',(0.,1.,0.));
#12924=DIRECTION('',(0.,0.994521895368273,-0.104528463267653));
#12925=DIRECTION('',(0.,1.,0.));
#12926=DIRECTION('center_axis',(0.,0.,1.));
#12927=DIRECTION('ref_axis',(0.,-1.,0.));
#12928=DIRECTION('',(0.,-1.,0.));
#12929=DIRECTION('',(1.,0.,0.));
#12930=DIRECTION('',(0.,1.,0.));
#12931=DIRECTION('',(1.,0.,0.));
#12932=DIRECTION('center_axis',(0.,0.104528463267653,0.994521895368273));
#12933=DIRECTION('ref_axis',(0.,-0.994521895368273,0.104528463267653));
#12934=DIRECTION('',(0.,-0.994521895368273,0.104528463267653));
#12935=DIRECTION('',(1.,0.,0.));
#12936=DIRECTION('center_axis',(0.,-0.603480485474379,0.797377767216774));
#12937=DIRECTION('ref_axis',(0.,-0.797377767216774,-0.603480485474379));
#12938=DIRECTION('',(0.,-0.797377767216774,-0.603480485474379));
#12939=DIRECTION('',(1.,0.,0.));
#12940=DIRECTION('center_axis',(0.,0.616479136519004,0.787371242957719));
#12941=DIRECTION('ref_axis',(0.,-0.787371242957719,0.616479136519004));
#12942=DIRECTION('',(0.,-0.787371242957719,0.616479136519004));
#12943=DIRECTION('',(0.,0.787371242957719,-0.616479136519004));
#12944=DIRECTION('center_axis',(0.,0.,1.));
#12945=DIRECTION('ref_axis',(0.,-1.,0.));
#12946=DIRECTION('',(0.,-1.,0.));
#12947=DIRECTION('center_axis',(0.,0.994521895368273,-0.104528463267653));
#12948=DIRECTION('ref_axis',(0.,0.104528463267653,0.994521895368273));
#12949=DIRECTION('',(0.,-0.104528463267653,-0.994521895368273));
#12950=DIRECTION('',(1.,0.,0.));
#12951=DIRECTION('',(0.,0.104528463267653,0.994521895368273));
#12952=DIRECTION('',(-1.,0.,0.));
#12953=DIRECTION('center_axis',(0.,-0.104528463267653,-0.994521895368273));
#12954=DIRECTION('ref_axis',(0.,0.994521895368273,-0.104528463267653));
#12955=DIRECTION('',(0.,-0.994521895368273,0.104528463267653));
#12956=DIRECTION('',(0.,0.994521895368273,-0.104528463267653));
#12957=DIRECTION('center_axis',(-1.,0.,0.));
#12958=DIRECTION('ref_axis',(0.,-1.,0.));
#12959=DIRECTION('',(0.,-0.90630778703665,0.4226182617407));
#12960=DIRECTION('',(0.,0.,1.));
#12961=DIRECTION('',(0.,-1.,0.));
#12962=DIRECTION('',(0.,0.,1.));
#12963=DIRECTION('',(0.,1.,0.));
#12964=DIRECTION('center_axis',(1.,0.,0.));
#12965=DIRECTION('ref_axis',(0.,1.,0.));
#12966=DIRECTION('center_axis',(1.,0.,0.));
#12967=DIRECTION('ref_axis',(0.,1.,0.));
#12968=DIRECTION('',(0.,1.,0.));
#12969=DIRECTION('',(0.,0.,-1.));
#12970=DIRECTION('',(0.,1.,0.));
#12971=DIRECTION('',(0.,0.,-1.));
#12972=DIRECTION('',(0.,0.90630778703665,-0.4226182617407));
#12973=DIRECTION('center_axis',(1.,0.,0.));
#12974=DIRECTION('ref_axis',(0.,1.,0.));
#12975=DIRECTION('center_axis',(1.,0.,0.));
#12976=DIRECTION('ref_axis',(0.,1.,0.));
#12977=DIRECTION('',(1.,0.,0.));
#12978=DIRECTION('center_axis',(0.,0.,1.));
#12979=DIRECTION('ref_axis',(1.,0.,0.));
#12980=DIRECTION('',(1.,0.,0.));
#12981=DIRECTION('center_axis',(0.,1.,0.));
#12982=DIRECTION('ref_axis',(0.,0.,1.));
#12983=DIRECTION('',(1.,0.,0.));
#12984=DIRECTION('center_axis',(0.,0.,1.));
#12985=DIRECTION('ref_axis',(0.,-1.,0.));
#12986=DIRECTION('',(1.,0.,0.));
#12987=DIRECTION('center_axis',(0.,0.4226182617407,0.90630778703665));
#12988=DIRECTION('ref_axis',(0.,-0.90630778703665,0.4226182617407));
#12989=DIRECTION('',(1.,0.,0.));
#12990=DIRECTION('center_axis',(0.,1.,0.));
#12991=DIRECTION('ref_axis',(0.,0.,1.));
#12992=DIRECTION('center_axis',(0.,0.,1.));
#12993=DIRECTION('ref_axis',(1.,0.,0.));
#12994=DIRECTION('center_axis',(0.,0.,1.));
#12995=DIRECTION('ref_axis',(1.,0.,0.));
#12996=DIRECTION('',(0.,0.,-1.));
#12997=DIRECTION('center_axis',(0.,0.,-1.));
#12998=DIRECTION('ref_axis',(1.,0.,0.));
#12999=DIRECTION('center_axis',(0.,0.,1.));
#13000=DIRECTION('ref_axis',(1.,0.,0.));
#13001=DIRECTION('center_axis',(0.,1.,0.));
#13002=DIRECTION('ref_axis',(0.,0.,1.));
#13003=DIRECTION('',(0.,0.,-1.));
#13004=DIRECTION('',(1.,0.,0.));
#13005=DIRECTION('',(0.,0.,1.));
#13006=DIRECTION('',(1.,0.,0.));
#13007=DIRECTION('center_axis',(0.,0.4226182617407,0.90630778703665));
#13008=DIRECTION('ref_axis',(0.,-0.90630778703665,0.4226182617407));
#13009=DIRECTION('',(0.,0.90630778703665,-0.4226182617407));
#13010=DIRECTION('',(0.,-0.90630778703665,0.4226182617407));
#13011=DIRECTION('',(-1.,0.,0.));
#13012=DIRECTION('center_axis',(0.,0.,1.));
#13013=DIRECTION('ref_axis',(0.,-1.,0.));
#13014=DIRECTION('',(0.,1.,0.));
#13015=DIRECTION('',(1.,0.,0.));
#13016=DIRECTION('',(0.,-1.,0.));
#13017=DIRECTION('center_axis',(0.,1.,0.));
#13018=DIRECTION('ref_axis',(0.,0.,1.));
#13019=DIRECTION('',(0.,0.,-1.));
#13020=DIRECTION('',(1.,0.,0.));
#13021=DIRECTION('',(0.,0.,1.));
#13022=DIRECTION('center_axis',(0.,0.,1.));
#13023=DIRECTION('ref_axis',(1.,0.,0.));
#13024=DIRECTION('',(0.,-1.,0.));
#13025=DIRECTION('',(-1.,0.,0.));
#13026=DIRECTION('',(0.,1.,0.));
#13027=DIRECTION('center_axis',(1.,0.,0.));
#13028=DIRECTION('ref_axis',(0.,1.,0.));
#13029=DIRECTION('center_axis',(1.,0.,0.));
#13030=DIRECTION('ref_axis',(0.,1.,0.));
#13031=DIRECTION('',(1.,0.,0.));
#13032=DIRECTION('center_axis',(1.,0.,0.));
#13033=DIRECTION('ref_axis',(0.,1.,0.));
#13034=DIRECTION('center_axis',(0.,1.,0.));
#13035=DIRECTION('ref_axis',(-1.,0.,0.));
#13036=DIRECTION('',(0.,0.,1.));
#13037=DIRECTION('',(-1.,0.,0.));
#13038=DIRECTION('',(0.,0.,1.));
#13039=DIRECTION('center_axis',(-1.,0.,0.));
#13040=DIRECTION('ref_axis',(0.,-1.,0.));
#13041=DIRECTION('',(0.,0.104528463267653,0.994521895368273));
#13042=DIRECTION('',(0.,0.994521895368273,-0.104528463267653));
#13043=DIRECTION('',(0.,-0.104528463267653,-0.994521895368273));
#13044=DIRECTION('',(0.,0.,1.));
#13045=DIRECTION('',(0.,-0.994282981187272,-0.106777119840121));
#13046=DIRECTION('',(0.,-0.994521895368273,0.104528463267655));
#13047=DIRECTION('',(0.,0.,-1.));
#13048=DIRECTION('',(0.,1.,0.));
#13049=DIRECTION('',(0.,0.,1.));
#13050=DIRECTION('',(0.,-0.52999894000318,-0.847998304005088));
#13051=DIRECTION('',(0.,-1.,0.));
#13052=DIRECTION('center_axis',(0.,-1.,0.));
#13053=DIRECTION('ref_axis',(1.,0.,0.));
#13054=DIRECTION('',(1.,0.,0.));
#13055=DIRECTION('',(-1.,0.,0.));
#13056=DIRECTION('',(0.,0.,1.));
#13057=DIRECTION('center_axis',(1.,0.,0.));
#13058=DIRECTION('ref_axis',(0.,1.,0.));
#13059=DIRECTION('',(0.,1.,0.));
#13060=DIRECTION('',(0.,0.52999894000318,0.847998304005088));
#13061=DIRECTION('',(0.,-1.,0.));
#13062=DIRECTION('',(0.,0.,1.));
#13063=DIRECTION('',(0.,0.994521895368273,-0.104528463267655));
#13064=DIRECTION('',(0.,0.994282981187272,0.106777119840121));
#13065=DIRECTION('',(0.,0.,-1.));
#13066=DIRECTION('',(0.,0.104528463267653,0.994521895368273));
#13067=DIRECTION('',(0.,-0.994521895368273,0.104528463267653));
#13068=DIRECTION('',(0.,-0.104528463267653,-0.994521895368273));
#13069=DIRECTION('center_axis',(0.,0.,1.));
#13070=DIRECTION('ref_axis',(1.,0.,0.));
#13071=DIRECTION('',(-1.,0.,0.));
#13072=DIRECTION('center_axis',(0.,-0.847998304005088,0.52999894000318));
#13073=DIRECTION('ref_axis',(1.,0.,0.));
#13074=DIRECTION('center_axis',(0.,0.,1.));
#13075=DIRECTION('ref_axis',(1.,0.,0.));
#13076=DIRECTION('',(1.,0.,0.));
#13077=DIRECTION('center_axis',(0.,1.,0.));
#13078=DIRECTION('ref_axis',(0.,0.,1.));
#13079=DIRECTION('',(-1.,0.,0.));
#13080=DIRECTION('',(1.,0.,0.));
#13081=DIRECTION('center_axis',(0.,-0.106777119840121,0.994282981187272));
#13082=DIRECTION('ref_axis',(0.,-0.994282981187272,-0.106777119840121));
#13083=DIRECTION('',(1.,0.,0.));
#13084=DIRECTION('center_axis',(0.,-1.,0.));
#13085=DIRECTION('ref_axis',(0.,0.,-1.));
#13086=DIRECTION('',(1.,0.,0.));
#13087=DIRECTION('center_axis',(0.,0.104528463267655,0.994521895368273));
#13088=DIRECTION('ref_axis',(0.,-0.994521895368273,0.104528463267655));
#13089=DIRECTION('center_axis',(0.,-0.994521895368273,0.104528463267653));
#13090=DIRECTION('ref_axis',(0.,-0.104528463267653,-0.994521895368273));
#13091=DIRECTION('',(1.,0.,0.));
#13092=DIRECTION('center_axis',(0.,-0.104528463267653,-0.994521895368273));
#13093=DIRECTION('ref_axis',(0.,0.994521895368273,-0.104528463267653));
#13094=DIRECTION('',(1.,0.,0.));
#13095=DIRECTION('center_axis',(0.,0.994521895368273,-0.104528463267653));
#13096=DIRECTION('ref_axis',(0.,0.104528463267653,0.994521895368273));
#13097=DIRECTION('center_axis',(0.,0.,1.));
#13098=DIRECTION('ref_axis',(1.,0.,0.));
#13099=DIRECTION('center_axis',(0.,0.,1.));
#13100=DIRECTION('ref_axis',(1.,0.,0.));
#13101=DIRECTION('',(0.,0.,-1.));
#13102=DIRECTION('center_axis',(0.,0.,-1.));
#13103=DIRECTION('ref_axis',(1.,0.,0.));
#13104=DIRECTION('center_axis',(0.,0.,1.));
#13105=DIRECTION('ref_axis',(1.,0.,0.));
#13106=DIRECTION('center_axis',(0.,0.,1.));
#13107=DIRECTION('ref_axis',(1.,0.,0.));
#13108=DIRECTION('',(1.,0.,0.));
#13109=DIRECTION('',(0.,1.,0.));
#13110=DIRECTION('',(-1.,0.,0.));
#13111=DIRECTION('',(0.,-1.,0.));
#13112=DIRECTION('center_axis',(0.,0.,1.));
#13113=DIRECTION('ref_axis',(1.,0.,0.));
#13114=DIRECTION('',(0.,-1.,0.));
#13115=DIRECTION('',(1.,0.,0.));
#13116=DIRECTION('',(0.,1.,0.));
#13117=DIRECTION('',(-1.,0.,0.));
#13118=DIRECTION('',(0.,1.,0.));
#13119=DIRECTION('',(-1.,0.,0.));
#13120=DIRECTION('center_axis',(0.,-1.,0.));
#13121=DIRECTION('ref_axis',(1.,0.,0.));
#13122=DIRECTION('',(0.,0.,1.));
#13123=DIRECTION('',(0.,0.,1.));
#13124=DIRECTION('center_axis',(1.,0.,0.));
#13125=DIRECTION('ref_axis',(0.,1.,0.));
#13126=DIRECTION('',(0.,1.,0.));
#13127=DIRECTION('',(0.,0.,1.));
#13128=DIRECTION('',(0.,0.797377767216774,0.603480485474379));
#13129=DIRECTION('',(0.,1.,0.));
#13130=DIRECTION('',(0.,0.994521895368273,-0.104528463267653));
#13131=DIRECTION('center_axis',(0.,0.,1.));
#13132=DIRECTION('ref_axis',(1.,0.,0.));
#13133=DIRECTION('',(1.,0.,0.));
#13134=DIRECTION('',(0.,1.,0.));
#13135=DIRECTION('',(-1.,0.,0.));
#13136=DIRECTION('',(0.,-1.,0.));
#13137=DIRECTION('center_axis',(0.,1.,0.));
#13138=DIRECTION('ref_axis',(-1.,0.,0.));
#13139=DIRECTION('',(-1.,0.,0.));
#13140=DIRECTION('',(0.,0.,1.));
#13141=DIRECTION('center_axis',(0.,0.104528463267653,0.994521895368273));
#13142=DIRECTION('ref_axis',(0.,-0.994521895368273,0.104528463267653));
#13143=DIRECTION('',(1.,0.,0.));
#13144=DIRECTION('',(0.,-0.994521895368273,0.104528463267653));
#13145=DIRECTION('',(1.,0.,0.));
#13146=DIRECTION('center_axis',(0.,0.,1.));
#13147=DIRECTION('ref_axis',(0.,-1.,0.));
#13148=DIRECTION('',(1.,0.,0.));
#13149=DIRECTION('',(0.,-1.,0.));
#13150=DIRECTION('center_axis',(0.,-0.603480485474379,0.797377767216774));
#13151=DIRECTION('ref_axis',(0.,-0.797377767216774,-0.603480485474379));
#13152=DIRECTION('',(0.,-0.797377767216774,-0.603480485474379));
#13153=DIRECTION('center_axis',(0.,0.616479136519004,0.787371242957719));
#13154=DIRECTION('ref_axis',(0.,-0.787371242957719,0.616479136519004));
#13155=DIRECTION('',(0.,0.787371242957719,-0.616479136519004));
#13156=DIRECTION('',(1.,0.,0.));
#13157=DIRECTION('',(0.,-0.787371242957719,0.616479136519004));
#13158=DIRECTION('center_axis',(0.,0.,1.));
#13159=DIRECTION('ref_axis',(0.,-1.,0.));
#13160=DIRECTION('',(0.,-1.,0.));
#13161=DIRECTION('',(0.,1.,0.));
#13162=DIRECTION('center_axis',(0.,0.994521895368273,-0.104528463267653));
#13163=DIRECTION('ref_axis',(0.,0.104528463267653,0.994521895368273));
#13164=DIRECTION('',(0.,-0.104528463267653,-0.994521895368273));
#13165=DIRECTION('',(1.,0.,0.));
#13166=DIRECTION('',(0.,0.104528463267653,0.994521895368273));
#13167=DIRECTION('',(-1.,0.,0.));
#13168=DIRECTION('center_axis',(0.,-0.104528463267653,-0.994521895368273));
#13169=DIRECTION('ref_axis',(0.,0.994521895368273,-0.104528463267653));
#13170=DIRECTION('',(0.,-0.994521895368273,0.104528463267653));
#13171=DIRECTION('',(0.,0.994521895368273,-0.104528463267653));
#13172=DIRECTION('center_axis',(-1.,0.,0.));
#13173=DIRECTION('ref_axis',(0.,-1.,0.));
#13174=DIRECTION('',(0.,-0.90630778703665,0.4226182617407));
#13175=DIRECTION('',(0.,0.,1.));
#13176=DIRECTION('',(0.,-1.,0.));
#13177=DIRECTION('',(0.,0.,1.));
#13178=DIRECTION('',(0.,-1.,0.));
#13179=DIRECTION('center_axis',(1.,0.,0.));
#13180=DIRECTION('ref_axis',(0.,1.,0.));
#13181=DIRECTION('center_axis',(1.,0.,0.));
#13182=DIRECTION('ref_axis',(0.,1.,0.));
#13183=DIRECTION('',(0.,1.,0.));
#13184=DIRECTION('',(0.,0.,-1.));
#13185=DIRECTION('',(0.,1.,0.));
#13186=DIRECTION('',(0.,0.,-1.));
#13187=DIRECTION('',(0.,0.90630778703665,-0.4226182617407));
#13188=DIRECTION('center_axis',(1.,0.,0.));
#13189=DIRECTION('ref_axis',(0.,1.,0.));
#13190=DIRECTION('center_axis',(1.,0.,0.));
#13191=DIRECTION('ref_axis',(0.,1.,0.));
#13192=DIRECTION('',(1.,0.,0.));
#13193=DIRECTION('center_axis',(0.,0.,1.));
#13194=DIRECTION('ref_axis',(1.,0.,0.));
#13195=DIRECTION('',(1.,0.,0.));
#13196=DIRECTION('center_axis',(0.,1.,0.));
#13197=DIRECTION('ref_axis',(0.,0.,1.));
#13198=DIRECTION('',(1.,0.,0.));
#13199=DIRECTION('center_axis',(0.,0.,1.));
#13200=DIRECTION('ref_axis',(0.,-1.,0.));
#13201=DIRECTION('',(1.,0.,0.));
#13202=DIRECTION('center_axis',(0.,0.4226182617407,0.90630778703665));
#13203=DIRECTION('ref_axis',(0.,-0.90630778703665,0.4226182617407));
#13204=DIRECTION('',(1.,0.,0.));
#13205=DIRECTION('center_axis',(0.,1.,0.));
#13206=DIRECTION('ref_axis',(0.,0.,1.));
#13207=DIRECTION('center_axis',(0.,0.,1.));
#13208=DIRECTION('ref_axis',(1.,0.,0.));
#13209=DIRECTION('center_axis',(0.,0.,1.));
#13210=DIRECTION('ref_axis',(1.,0.,0.));
#13211=DIRECTION('',(0.,0.,-1.));
#13212=DIRECTION('center_axis',(0.,0.,-1.));
#13213=DIRECTION('ref_axis',(1.,0.,0.));
#13214=DIRECTION('center_axis',(0.,0.,1.));
#13215=DIRECTION('ref_axis',(1.,0.,0.));
#13216=DIRECTION('center_axis',(0.,1.,0.));
#13217=DIRECTION('ref_axis',(0.,0.,1.));
#13218=DIRECTION('',(0.,0.,-1.));
#13219=DIRECTION('',(1.,0.,0.));
#13220=DIRECTION('',(0.,0.,1.));
#13221=DIRECTION('',(1.,0.,0.));
#13222=DIRECTION('center_axis',(0.,0.4226182617407,0.90630778703665));
#13223=DIRECTION('ref_axis',(0.,-0.90630778703665,0.4226182617407));
#13224=DIRECTION('',(0.,0.90630778703665,-0.4226182617407));
#13225=DIRECTION('',(0.,-0.90630778703665,0.4226182617407));
#13226=DIRECTION('',(-1.,0.,0.));
#13227=DIRECTION('center_axis',(0.,0.,1.));
#13228=DIRECTION('ref_axis',(0.,-1.,0.));
#13229=DIRECTION('',(0.,1.,0.));
#13230=DIRECTION('',(1.,0.,0.));
#13231=DIRECTION('',(0.,-1.,0.));
#13232=DIRECTION('center_axis',(0.,1.,0.));
#13233=DIRECTION('ref_axis',(0.,0.,1.));
#13234=DIRECTION('',(0.,0.,-1.));
#13235=DIRECTION('',(1.,0.,0.));
#13236=DIRECTION('',(0.,0.,1.));
#13237=DIRECTION('center_axis',(0.,0.,1.));
#13238=DIRECTION('ref_axis',(1.,0.,0.));
#13239=DIRECTION('',(0.,1.,0.));
#13240=DIRECTION('',(-1.,0.,0.));
#13241=DIRECTION('',(0.,1.,0.));
#13242=DIRECTION('center_axis',(1.,0.,0.));
#13243=DIRECTION('ref_axis',(0.,1.,0.));
#13244=DIRECTION('center_axis',(1.,0.,0.));
#13245=DIRECTION('ref_axis',(0.,1.,0.));
#13246=DIRECTION('',(1.,0.,0.));
#13247=DIRECTION('center_axis',(1.,0.,0.));
#13248=DIRECTION('ref_axis',(0.,1.,0.));
#13249=DIRECTION('center_axis',(1.,0.,0.));
#13250=DIRECTION('ref_axis',(0.,1.,0.));
#13251=DIRECTION('',(0.,1.,0.));
#13252=DIRECTION('',(0.,0.,1.));
#13253=DIRECTION('',(0.,1.,0.));
#13254=DIRECTION('',(0.,0.787371242957719,-0.616479136519004));
#13255=DIRECTION('',(0.,1.,0.));
#13256=DIRECTION('',(0.,-0.994521895368273,0.104528463267653));
#13257=DIRECTION('',(0.,-0.104528463267653,-0.994521895368273));
#13258=DIRECTION('center_axis',(-1.,0.,0.));
#13259=DIRECTION('ref_axis',(0.,-1.,0.));
#13260=DIRECTION('',(0.,0.104528463267653,0.994521895368273));
#13261=DIRECTION('',(0.,0.994521895368273,-0.104528463267653));
#13262=DIRECTION('',(0.,-1.,0.));
#13263=DIRECTION('',(0.,-0.787371242957719,0.616479136519004));
#13264=DIRECTION('',(0.,-1.,0.));
#13265=DIRECTION('',(0.,0.,1.));
#13266=DIRECTION('',(0.,-1.,0.));
#13267=DIRECTION('center_axis',(0.,-0.104528463267653,-0.994521895368273));
#13268=DIRECTION('ref_axis',(0.,0.994521895368273,-0.104528463267653));
#13269=DIRECTION('',(1.,0.,0.));
#13270=DIRECTION('',(1.,0.,0.));
#13271=DIRECTION('center_axis',(0.,0.994521895368273,-0.104528463267653));
#13272=DIRECTION('ref_axis',(0.,0.104528463267653,0.994521895368273));
#13273=DIRECTION('center_axis',(0.,0.,1.));
#13274=DIRECTION('ref_axis',(0.,-1.,0.));
#13275=DIRECTION('',(0.,1.,0.));
#13276=DIRECTION('',(1.,0.,0.));
#13277=DIRECTION('',(0.,-1.,0.));
#13278=DIRECTION('',(-1.,0.,0.));
#13279=DIRECTION('',(1.,0.,0.));
#13280=DIRECTION('',(-1.,0.,0.));
#13281=DIRECTION('center_axis',(0.,0.616479136519004,0.787371242957719));
#13282=DIRECTION('ref_axis',(0.,-0.787371242957719,0.616479136519004));
#13283=DIRECTION('',(-1.,0.,0.));
#13284=DIRECTION('center_axis',(0.,-0.603480485474379,0.797377767216774));
#13285=DIRECTION('ref_axis',(0.,-0.797377767216774,-0.603480485474379));
#13286=DIRECTION('',(0.,0.797377767216774,0.603480485474379));
#13287=DIRECTION('',(1.,0.,0.));
#13288=DIRECTION('',(0.,-0.797377767216774,-0.603480485474379));
#13289=DIRECTION('',(1.,0.,0.));
#13290=DIRECTION('center_axis',(0.,0.,1.));
#13291=DIRECTION('ref_axis',(0.,-1.,0.));
#13292=DIRECTION('',(0.,1.,0.));
#13293=DIRECTION('',(0.,-1.,0.));
#13294=DIRECTION('',(1.,0.,0.));
#13295=DIRECTION('center_axis',(0.,0.104528463267653,0.994521895368273));
#13296=DIRECTION('ref_axis',(0.,-0.994521895368273,0.104528463267653));
#13297=DIRECTION('',(0.,0.994521895368273,-0.104528463267653));
#13298=DIRECTION('',(0.,-0.994521895368273,0.104528463267653));
#13299=DIRECTION('center_axis',(0.,1.,0.));
#13300=DIRECTION('ref_axis',(-1.,0.,0.));
#13301=DIRECTION('',(-1.,0.,0.));
#13302=DIRECTION('',(0.,0.,1.));
#13303=DIRECTION('center_axis',(-1.,0.,0.));
#13304=DIRECTION('ref_axis',(0.,-1.,0.));
#13305=DIRECTION('',(0.,1.,0.));
#13306=DIRECTION('',(0.,0.,1.));
#13307=DIRECTION('',(0.,-1.,0.));
#13308=DIRECTION('',(0.,0.,1.));
#13309=DIRECTION('center_axis',(0.,0.,1.));
#13310=DIRECTION('ref_axis',(1.,0.,0.));
#13311=DIRECTION('',(0.,-1.,0.));
#13312=DIRECTION('',(-1.,0.,0.));
#13313=DIRECTION('center_axis',(0.,0.,1.));
#13314=DIRECTION('ref_axis',(1.,0.,0.));
#13315=DIRECTION('center_axis',(0.,-1.,0.));
#13316=DIRECTION('ref_axis',(1.,0.,0.));
#13317=DIRECTION('',(0.,0.,1.));
#13318=DIRECTION('',(1.,0.,0.));
#13319=DIRECTION('center_axis',(0.,1.,0.));
#13320=DIRECTION('ref_axis',(-1.,0.,0.));
#13321=DIRECTION('',(-1.,0.,0.));
#13322=DIRECTION('center_axis',(1.,0.,0.));
#13323=DIRECTION('ref_axis',(0.,1.,0.));
#13324=DIRECTION('',(0.,1.,0.));
#13325=DIRECTION('center_axis',(0.,0.,1.));
#13326=DIRECTION('ref_axis',(1.,0.,0.));
#13327=DIRECTION('center_axis',(0.,0.,1.));
#13328=DIRECTION('ref_axis',(1.,0.,0.));
#13329=DIRECTION('center_axis',(0.,0.,1.));
#13330=DIRECTION('ref_axis',(1.,0.,0.));
#13331=DIRECTION('',(0.,0.,-1.));
#13332=DIRECTION('center_axis',(0.,0.,-1.));
#13333=DIRECTION('ref_axis',(1.,0.,0.));
#13334=DIRECTION('center_axis',(0.,0.,1.));
#13335=DIRECTION('ref_axis',(1.,0.,0.));
#13336=DIRECTION('center_axis',(0.,0.,1.));
#13337=DIRECTION('ref_axis',(1.,0.,0.));
#13338=DIRECTION('',(0.,-1.,0.));
#13339=DIRECTION('',(-1.,0.,0.));
#13340=DIRECTION('',(0.,-1.,0.));
#13341=DIRECTION('',(1.,0.,0.));
#13342=DIRECTION('',(0.,1.,0.));
#13343=DIRECTION('',(-1.,0.,0.));
#13344=DIRECTION('center_axis',(0.,1.,0.));
#13345=DIRECTION('ref_axis',(-1.,0.,0.));
#13346=DIRECTION('',(-1.,0.,0.));
#13347=DIRECTION('',(0.,0.,1.));
#13348=DIRECTION('',(0.,0.,1.));
#13349=DIRECTION('center_axis',(0.,-1.,0.));
#13350=DIRECTION('ref_axis',(1.,0.,0.));
#13351=DIRECTION('',(-1.,0.,0.));
#13352=DIRECTION('',(0.,0.,1.));
#13353=DIRECTION('',(0.,0.,1.));
#13354=DIRECTION('center_axis',(0.,0.,1.));
#13355=DIRECTION('ref_axis',(1.,0.,0.));
#13356=DIRECTION('',(1.,0.,0.));
#13357=DIRECTION('',(0.,-1.,0.));
#13358=DIRECTION('',(-1.,0.,0.));
#13359=DIRECTION('',(0.,-1.,0.));
#13360=DIRECTION('center_axis',(0.,0.,1.));
#13361=DIRECTION('ref_axis',(1.,0.,0.));
#13362=DIRECTION('',(1.,0.,0.));
#13363=DIRECTION('',(0.,-1.,0.));
#13364=DIRECTION('',(0.,1.,0.));
#13365=DIRECTION('center_axis',(-1.,0.,0.));
#13366=DIRECTION('ref_axis',(0.,-1.,0.));
#13367=DIRECTION('',(0.,-1.,0.));
#13368=DIRECTION('',(0.,-0.994521895368273,0.104528463267653));
#13369=DIRECTION('',(0.,-1.,0.));
#13370=DIRECTION('',(0.,-0.797377767216774,-0.603480485474379));
#13371=DIRECTION('center_axis',(0.,0.104528463267653,0.994521895368273));
#13372=DIRECTION('ref_axis',(0.,-0.994521895368273,0.104528463267653));
#13373=DIRECTION('',(0.,0.994521895368273,-0.104528463267653));
#13374=DIRECTION('',(1.,0.,0.));
#13375=DIRECTION('',(1.,0.,0.));
#13376=DIRECTION('center_axis',(0.,0.,1.));
#13377=DIRECTION('ref_axis',(0.,-1.,0.));
#13378=DIRECTION('',(0.,1.,0.));
#13379=DIRECTION('',(1.,0.,0.));
#13380=DIRECTION('center_axis',(0.,-0.603480485474379,0.797377767216774));
#13381=DIRECTION('ref_axis',(0.,-0.797377767216774,-0.603480485474379));
#13382=DIRECTION('',(0.,0.797377767216774,0.603480485474379));
#13383=DIRECTION('center_axis',(0.,0.616479136519004,0.787371242957719));
#13384=DIRECTION('ref_axis',(0.,-0.787371242957719,0.616479136519004));
#13385=DIRECTION('',(0.,0.787371242957719,-0.616479136519004));
#13386=DIRECTION('',(1.,0.,0.));
#13387=DIRECTION('',(0.,-0.787371242957719,0.616479136519004));
#13388=DIRECTION('center_axis',(0.,0.,1.));
#13389=DIRECTION('ref_axis',(0.,-1.,0.));
#13390=DIRECTION('',(0.,1.,0.));
#13391=DIRECTION('',(0.,-1.,0.));
#13392=DIRECTION('center_axis',(0.,0.994521895368273,-0.104528463267653));
#13393=DIRECTION('ref_axis',(0.,0.104528463267653,0.994521895368273));
#13394=DIRECTION('',(0.,-0.104528463267653,-0.994521895368273));
#13395=DIRECTION('',(1.,0.,0.));
#13396=DIRECTION('',(0.,0.104528463267653,0.994521895368273));
#13397=DIRECTION('',(-1.,0.,0.));
#13398=DIRECTION('center_axis',(0.,-0.104528463267653,-0.994521895368273));
#13399=DIRECTION('ref_axis',(0.,0.994521895368273,-0.104528463267653));
#13400=DIRECTION('',(0.,-0.994521895368273,0.104528463267653));
#13401=DIRECTION('',(0.,0.994521895368273,-0.104528463267653));
#13402=DIRECTION('center_axis',(-1.,0.,0.));
#13403=DIRECTION('ref_axis',(0.,-1.,0.));
#13404=DIRECTION('',(0.,-0.90630778703665,0.4226182617407));
#13405=DIRECTION('',(0.,0.,1.));
#13406=DIRECTION('',(0.,-1.,0.));
#13407=DIRECTION('',(0.,0.,1.));
#13408=DIRECTION('',(0.,-1.,0.));
#13409=DIRECTION('center_axis',(1.,0.,0.));
#13410=DIRECTION('ref_axis',(0.,1.,0.));
#13411=DIRECTION('center_axis',(1.,0.,0.));
#13412=DIRECTION('ref_axis',(0.,1.,0.));
#13413=DIRECTION('',(0.,-1.,0.));
#13414=DIRECTION('',(0.,0.,-1.));
#13415=DIRECTION('',(0.,1.,0.));
#13416=DIRECTION('',(0.,0.,-1.));
#13417=DIRECTION('',(0.,0.90630778703665,-0.4226182617407));
#13418=DIRECTION('center_axis',(1.,0.,0.));
#13419=DIRECTION('ref_axis',(0.,1.,0.));
#13420=DIRECTION('center_axis',(1.,0.,0.));
#13421=DIRECTION('ref_axis',(0.,1.,0.));
#13422=DIRECTION('',(1.,0.,0.));
#13423=DIRECTION('center_axis',(0.,0.,1.));
#13424=DIRECTION('ref_axis',(1.,0.,0.));
#13425=DIRECTION('',(1.,0.,0.));
#13426=DIRECTION('center_axis',(0.,1.,0.));
#13427=DIRECTION('ref_axis',(0.,0.,1.));
#13428=DIRECTION('',(1.,0.,0.));
#13429=DIRECTION('center_axis',(0.,0.,1.));
#13430=DIRECTION('ref_axis',(0.,-1.,0.));
#13431=DIRECTION('',(1.,0.,0.));
#13432=DIRECTION('center_axis',(0.,0.4226182617407,0.90630778703665));
#13433=DIRECTION('ref_axis',(0.,-0.90630778703665,0.4226182617407));
#13434=DIRECTION('',(1.,0.,0.));
#13435=DIRECTION('center_axis',(0.,1.,0.));
#13436=DIRECTION('ref_axis',(0.,0.,1.));
#13437=DIRECTION('center_axis',(0.,0.,1.));
#13438=DIRECTION('ref_axis',(1.,0.,0.));
#13439=DIRECTION('center_axis',(0.,0.,1.));
#13440=DIRECTION('ref_axis',(1.,0.,0.));
#13441=DIRECTION('',(0.,0.,-1.));
#13442=DIRECTION('center_axis',(0.,0.,-1.));
#13443=DIRECTION('ref_axis',(1.,0.,0.));
#13444=DIRECTION('center_axis',(0.,0.,1.));
#13445=DIRECTION('ref_axis',(1.,0.,0.));
#13446=DIRECTION('center_axis',(0.,1.,0.));
#13447=DIRECTION('ref_axis',(0.,0.,1.));
#13448=DIRECTION('',(0.,0.,-1.));
#13449=DIRECTION('',(1.,0.,0.));
#13450=DIRECTION('',(0.,0.,1.));
#13451=DIRECTION('',(1.,0.,0.));
#13452=DIRECTION('center_axis',(0.,0.4226182617407,0.90630778703665));
#13453=DIRECTION('ref_axis',(0.,-0.90630778703665,0.4226182617407));
#13454=DIRECTION('',(0.,0.90630778703665,-0.4226182617407));
#13455=DIRECTION('',(0.,-0.90630778703665,0.4226182617407));
#13456=DIRECTION('',(-1.,0.,0.));
#13457=DIRECTION('center_axis',(0.,0.,1.));
#13458=DIRECTION('ref_axis',(0.,-1.,0.));
#13459=DIRECTION('',(0.,1.,0.));
#13460=DIRECTION('',(1.,0.,0.));
#13461=DIRECTION('',(0.,-1.,0.));
#13462=DIRECTION('center_axis',(0.,1.,0.));
#13463=DIRECTION('ref_axis',(0.,0.,1.));
#13464=DIRECTION('',(0.,0.,-1.));
#13465=DIRECTION('',(1.,0.,0.));
#13466=DIRECTION('',(0.,0.,1.));
#13467=DIRECTION('center_axis',(0.,0.,1.));
#13468=DIRECTION('ref_axis',(1.,0.,0.));
#13469=DIRECTION('',(0.,-1.,0.));
#13470=DIRECTION('',(-1.,0.,0.));
#13471=DIRECTION('',(0.,1.,0.));
#13472=DIRECTION('center_axis',(1.,0.,0.));
#13473=DIRECTION('ref_axis',(0.,1.,0.));
#13474=DIRECTION('center_axis',(1.,0.,0.));
#13475=DIRECTION('ref_axis',(0.,1.,0.));
#13476=DIRECTION('',(1.,0.,0.));
#13477=DIRECTION('center_axis',(1.,0.,0.));
#13478=DIRECTION('ref_axis',(0.,1.,0.));
#13479=DIRECTION('center_axis',(0.,1.,0.));
#13480=DIRECTION('ref_axis',(-1.,0.,0.));
#13481=DIRECTION('',(0.,0.,1.));
#13482=DIRECTION('',(-1.,0.,0.));
#13483=DIRECTION('',(0.,0.,1.));
#13484=DIRECTION('center_axis',(-1.,0.,0.));
#13485=DIRECTION('ref_axis',(0.,-1.,0.));
#13486=DIRECTION('',(0.,0.104528463267653,0.994521895368273));
#13487=DIRECTION('',(0.,0.994521895368273,-0.104528463267653));
#13488=DIRECTION('',(0.,-0.104528463267653,-0.994521895368273));
#13489=DIRECTION('',(0.,0.,1.));
#13490=DIRECTION('',(0.,-0.994282981187272,-0.106777119840121));
#13491=DIRECTION('',(0.,-0.994521895368273,0.104528463267655));
#13492=DIRECTION('',(0.,0.,-1.));
#13493=DIRECTION('',(0.,1.,0.));
#13494=DIRECTION('',(0.,0.,1.));
#13495=DIRECTION('',(0.,-0.52999894000318,-0.847998304005088));
#13496=DIRECTION('',(0.,-1.,0.));
#13497=DIRECTION('center_axis',(0.,-1.,0.));
#13498=DIRECTION('ref_axis',(1.,0.,0.));
#13499=DIRECTION('',(1.,0.,0.));
#13500=DIRECTION('',(-1.,0.,0.));
#13501=DIRECTION('',(0.,0.,1.));
#13502=DIRECTION('center_axis',(1.,0.,0.));
#13503=DIRECTION('ref_axis',(0.,1.,0.));
#13504=DIRECTION('',(0.,1.,0.));
#13505=DIRECTION('',(0.,0.52999894000318,0.847998304005088));
#13506=DIRECTION('',(0.,-1.,0.));
#13507=DIRECTION('',(0.,0.,1.));
#13508=DIRECTION('',(0.,0.994521895368273,-0.104528463267655));
#13509=DIRECTION('',(0.,0.994282981187272,0.106777119840121));
#13510=DIRECTION('',(0.,0.,-1.));
#13511=DIRECTION('',(0.,0.104528463267653,0.994521895368273));
#13512=DIRECTION('',(0.,-0.994521895368273,0.104528463267653));
#13513=DIRECTION('',(0.,-0.104528463267653,-0.994521895368273));
#13514=DIRECTION('center_axis',(0.,0.,1.));
#13515=DIRECTION('ref_axis',(1.,0.,0.));
#13516=DIRECTION('',(-1.,0.,0.));
#13517=DIRECTION('center_axis',(0.,-0.847998304005088,0.52999894000318));
#13518=DIRECTION('ref_axis',(1.,0.,0.));
#13519=DIRECTION('center_axis',(0.,0.,1.));
#13520=DIRECTION('ref_axis',(1.,0.,0.));
#13521=DIRECTION('',(1.,0.,0.));
#13522=DIRECTION('center_axis',(0.,1.,0.));
#13523=DIRECTION('ref_axis',(0.,0.,1.));
#13524=DIRECTION('',(-1.,0.,0.));
#13525=DIRECTION('',(1.,0.,0.));
#13526=DIRECTION('center_axis',(0.,-0.106777119840121,0.994282981187272));
#13527=DIRECTION('ref_axis',(0.,-0.994282981187272,-0.106777119840121));
#13528=DIRECTION('',(1.,0.,0.));
#13529=DIRECTION('center_axis',(0.,-1.,0.));
#13530=DIRECTION('ref_axis',(0.,0.,-1.));
#13531=DIRECTION('',(1.,0.,0.));
#13532=DIRECTION('center_axis',(0.,0.104528463267655,0.994521895368273));
#13533=DIRECTION('ref_axis',(0.,-0.994521895368273,0.104528463267655));
#13534=DIRECTION('center_axis',(0.,-0.994521895368273,0.104528463267653));
#13535=DIRECTION('ref_axis',(0.,-0.104528463267653,-0.994521895368273));
#13536=DIRECTION('',(1.,0.,0.));
#13537=DIRECTION('center_axis',(0.,-0.104528463267653,-0.994521895368273));
#13538=DIRECTION('ref_axis',(0.,0.994521895368273,-0.104528463267653));
#13539=DIRECTION('',(1.,0.,0.));
#13540=DIRECTION('center_axis',(0.,0.994521895368273,-0.104528463267653));
#13541=DIRECTION('ref_axis',(0.,0.104528463267653,0.994521895368273));
#13542=DIRECTION('center_axis',(0.,0.,1.));
#13543=DIRECTION('ref_axis',(1.,0.,0.));
#13544=DIRECTION('center_axis',(0.,0.,1.));
#13545=DIRECTION('ref_axis',(1.,0.,0.));
#13546=DIRECTION('',(0.,0.,-1.));
#13547=DIRECTION('center_axis',(0.,0.,-1.));
#13548=DIRECTION('ref_axis',(1.,0.,0.));
#13549=DIRECTION('center_axis',(0.,0.,1.));
#13550=DIRECTION('ref_axis',(1.,0.,0.));
#13551=DIRECTION('center_axis',(0.,0.,1.));
#13552=DIRECTION('ref_axis',(1.,0.,0.));
#13553=DIRECTION('',(0.,-1.,0.));
#13554=DIRECTION('',(-1.,0.,0.));
#13555=DIRECTION('',(0.,-1.,0.));
#13556=DIRECTION('',(1.,0.,0.));
#13557=DIRECTION('',(0.,1.,0.));
#13558=DIRECTION('',(-1.,0.,0.));
#13559=DIRECTION('',(0.,1.,0.));
#13560=DIRECTION('',(-1.,0.,0.));
#13561=DIRECTION('center_axis',(0.,1.,0.));
#13562=DIRECTION('ref_axis',(-1.,0.,0.));
#13563=DIRECTION('',(-1.,0.,0.));
#13564=DIRECTION('',(0.,0.,1.));
#13565=DIRECTION('',(0.,0.,1.));
#13566=DIRECTION('center_axis',(0.,-1.,0.));
#13567=DIRECTION('ref_axis',(1.,0.,0.));
#13568=DIRECTION('',(-1.,0.,0.));
#13569=DIRECTION('',(0.,0.,1.));
#13570=DIRECTION('',(0.,0.,1.));
#13571=DIRECTION('center_axis',(1.,0.,0.));
#13572=DIRECTION('ref_axis',(0.,1.,0.));
#13573=DIRECTION('',(0.,1.,0.));
#13574=DIRECTION('',(0.,0.,1.));
#13575=DIRECTION('',(0.,1.,0.));
#13576=DIRECTION('',(0.,0.797377767216774,0.603480485474379));
#13577=DIRECTION('',(0.,1.,0.));
#13578=DIRECTION('',(0.,0.994521895368273,-0.104528463267653));
#13579=DIRECTION('center_axis',(0.,0.,1.));
#13580=DIRECTION('ref_axis',(1.,0.,0.));
#13581=DIRECTION('',(1.,0.,0.));
#13582=DIRECTION('',(0.,1.,0.));
#13583=DIRECTION('',(-1.,0.,0.));
#13584=DIRECTION('',(0.,-1.,0.));
#13585=DIRECTION('center_axis',(0.,0.,1.));
#13586=DIRECTION('ref_axis',(1.,0.,0.));
#13587=DIRECTION('',(1.,0.,0.));
#13588=DIRECTION('',(0.,-1.,0.));
#13589=DIRECTION('center_axis',(-1.,0.,0.));
#13590=DIRECTION('ref_axis',(0.,-1.,0.));
#13591=DIRECTION('',(0.,-1.,0.));
#13592=DIRECTION('',(0.,-0.994521895368273,0.104528463267653));
#13593=DIRECTION('',(0.,-1.,0.));
#13594=DIRECTION('',(0.,-0.797377767216774,-0.603480485474379));
#13595=DIRECTION('center_axis',(0.,1.,0.));
#13596=DIRECTION('ref_axis',(-1.,0.,0.));
#13597=DIRECTION('',(-1.,0.,0.));
#13598=DIRECTION('',(0.,0.,1.));
#13599=DIRECTION('center_axis',(0.,0.104528463267653,0.994521895368273));
#13600=DIRECTION('ref_axis',(0.,-0.994521895368273,0.104528463267653));
#13601=DIRECTION('',(1.,0.,0.));
#13602=DIRECTION('',(1.,0.,0.));
#13603=DIRECTION('center_axis',(0.,0.,1.));
#13604=DIRECTION('ref_axis',(0.,-1.,0.));
#13605=DIRECTION('',(1.,0.,0.));
#13606=DIRECTION('center_axis',(0.,-0.603480485474379,0.797377767216774));
#13607=DIRECTION('ref_axis',(0.,-0.797377767216774,-0.603480485474379));
#13608=DIRECTION('center_axis',(0.,0.616479136519004,0.787371242957719));
#13609=DIRECTION('ref_axis',(0.,-0.787371242957719,0.616479136519004));
#13610=DIRECTION('',(0.,0.787371242957719,-0.616479136519004));
#13611=DIRECTION('',(1.,0.,0.));
#13612=DIRECTION('',(0.,-0.787371242957719,0.616479136519004));
#13613=DIRECTION('center_axis',(0.,0.,1.));
#13614=DIRECTION('ref_axis',(0.,-1.,0.));
#13615=DIRECTION('',(0.,-1.,0.));
#13616=DIRECTION('',(0.,1.,0.));
#13617=DIRECTION('center_axis',(0.,0.994521895368273,-0.104528463267653));
#13618=DIRECTION('ref_axis',(0.,0.104528463267653,0.994521895368273));
#13619=DIRECTION('',(0.,0.104528463267653,0.994521895368273));
#13620=DIRECTION('',(-1.,0.,0.));
#13621=DIRECTION('',(0.,-0.104528463267653,-0.994521895368273));
#13622=DIRECTION('',(1.,0.,0.));
#13623=DIRECTION('center_axis',(0.,-0.104528463267653,-0.994521895368273));
#13624=DIRECTION('ref_axis',(0.,0.994521895368273,-0.104528463267653));
#13625=DIRECTION('',(0.,0.994521895368273,-0.104528463267653));
#13626=DIRECTION('',(0.,-0.994521895368273,0.104528463267653));
#13627=DIRECTION('center_axis',(-1.,0.,0.));
#13628=DIRECTION('ref_axis',(0.,-1.,0.));
#13629=DIRECTION('',(0.,-0.90630778703665,0.4226182617407));
#13630=DIRECTION('',(0.,0.,1.));
#13631=DIRECTION('',(0.,-1.,0.));
#13632=DIRECTION('',(0.,0.,1.));
#13633=DIRECTION('',(0.,-1.,0.));
#13634=DIRECTION('center_axis',(1.,0.,0.));
#13635=DIRECTION('ref_axis',(0.,1.,0.));
#13636=DIRECTION('center_axis',(1.,0.,0.));
#13637=DIRECTION('ref_axis',(0.,1.,0.));
#13638=DIRECTION('',(0.,1.,0.));
#13639=DIRECTION('',(0.,0.,-1.));
#13640=DIRECTION('',(0.,1.,0.));
#13641=DIRECTION('',(0.,0.,-1.));
#13642=DIRECTION('',(0.,0.90630778703665,-0.4226182617407));
#13643=DIRECTION('center_axis',(1.,0.,0.));
#13644=DIRECTION('ref_axis',(0.,1.,0.));
#13645=DIRECTION('center_axis',(1.,0.,0.));
#13646=DIRECTION('ref_axis',(0.,1.,0.));
#13647=DIRECTION('',(1.,0.,0.));
#13648=DIRECTION('center_axis',(0.,0.,1.));
#13649=DIRECTION('ref_axis',(1.,0.,0.));
#13650=DIRECTION('',(1.,0.,0.));
#13651=DIRECTION('center_axis',(0.,1.,0.));
#13652=DIRECTION('ref_axis',(0.,0.,1.));
#13653=DIRECTION('',(1.,0.,0.));
#13654=DIRECTION('center_axis',(0.,0.,1.));
#13655=DIRECTION('ref_axis',(0.,-1.,0.));
#13656=DIRECTION('',(1.,0.,0.));
#13657=DIRECTION('center_axis',(0.,0.4226182617407,0.90630778703665));
#13658=DIRECTION('ref_axis',(0.,-0.90630778703665,0.4226182617407));
#13659=DIRECTION('',(1.,0.,0.));
#13660=DIRECTION('center_axis',(0.,1.,0.));
#13661=DIRECTION('ref_axis',(0.,0.,1.));
#13662=DIRECTION('center_axis',(0.,0.,1.));
#13663=DIRECTION('ref_axis',(1.,0.,0.));
#13664=DIRECTION('center_axis',(0.,0.,1.));
#13665=DIRECTION('ref_axis',(1.,0.,0.));
#13666=DIRECTION('',(0.,0.,-1.));
#13667=DIRECTION('center_axis',(0.,0.,-1.));
#13668=DIRECTION('ref_axis',(1.,0.,0.));
#13669=DIRECTION('center_axis',(0.,0.,1.));
#13670=DIRECTION('ref_axis',(1.,0.,0.));
#13671=DIRECTION('center_axis',(0.,1.,0.));
#13672=DIRECTION('ref_axis',(0.,0.,1.));
#13673=DIRECTION('',(0.,0.,-1.));
#13674=DIRECTION('',(1.,0.,0.));
#13675=DIRECTION('',(0.,0.,1.));
#13676=DIRECTION('',(1.,0.,0.));
#13677=DIRECTION('center_axis',(0.,0.4226182617407,0.90630778703665));
#13678=DIRECTION('ref_axis',(0.,-0.90630778703665,0.4226182617407));
#13679=DIRECTION('',(0.,0.90630778703665,-0.4226182617407));
#13680=DIRECTION('',(0.,-0.90630778703665,0.4226182617407));
#13681=DIRECTION('',(-1.,0.,0.));
#13682=DIRECTION('center_axis',(0.,0.,1.));
#13683=DIRECTION('ref_axis',(0.,-1.,0.));
#13684=DIRECTION('',(0.,1.,0.));
#13685=DIRECTION('',(1.,0.,0.));
#13686=DIRECTION('',(0.,-1.,0.));
#13687=DIRECTION('center_axis',(0.,1.,0.));
#13688=DIRECTION('ref_axis',(0.,0.,1.));
#13689=DIRECTION('',(0.,0.,-1.));
#13690=DIRECTION('',(1.,0.,0.));
#13691=DIRECTION('',(0.,0.,1.));
#13692=DIRECTION('center_axis',(0.,0.,1.));
#13693=DIRECTION('ref_axis',(1.,0.,0.));
#13694=DIRECTION('',(0.,-1.,0.));
#13695=DIRECTION('',(-1.,0.,0.));
#13696=DIRECTION('',(0.,1.,0.));
#13697=DIRECTION('center_axis',(1.,0.,0.));
#13698=DIRECTION('ref_axis',(0.,1.,0.));
#13699=DIRECTION('center_axis',(1.,0.,0.));
#13700=DIRECTION('ref_axis',(0.,1.,0.));
#13701=DIRECTION('',(1.,0.,0.));
#13702=DIRECTION('center_axis',(-1.,0.,0.));
#13703=DIRECTION('ref_axis',(0.,1.,0.));
#13704=DIRECTION('center_axis',(-1.,0.,0.));
#13705=DIRECTION('ref_axis',(0.,-1.,0.));
#13706=DIRECTION('',(0.,0.104528463267653,0.994521895368273));
#13707=DIRECTION('',(0.,0.994521895368273,-0.104528463267653));
#13708=DIRECTION('',(0.,-0.104528463267653,-0.994521895368273));
#13709=DIRECTION('',(0.,0.,1.));
#13710=DIRECTION('',(0.,-0.994282981187272,-0.106777119840121));
#13711=DIRECTION('',(0.,-0.994521895368273,0.104528463267655));
#13712=DIRECTION('',(0.,0.,-1.));
#13713=DIRECTION('',(0.,1.,0.));
#13714=DIRECTION('',(0.,0.,1.));
#13715=DIRECTION('',(0.,-0.52999894000318,-0.847998304005088));
#13716=DIRECTION('',(0.,-1.,0.));
#13717=DIRECTION('',(0.,0.,1.));
#13718=DIRECTION('center_axis',(1.,0.,0.));
#13719=DIRECTION('ref_axis',(0.,1.,0.));
#13720=DIRECTION('',(0.,0.,1.));
#13721=DIRECTION('',(0.,1.,0.));
#13722=DIRECTION('',(0.,0.52999894000318,0.847998304005088));
#13723=DIRECTION('',(0.,0.,1.));
#13724=DIRECTION('',(0.,-1.,0.));
#13725=DIRECTION('',(0.,0.,1.));
#13726=DIRECTION('',(0.,0.994521895368273,-0.104528463267655));
#13727=DIRECTION('',(0.,0.994282981187272,0.106777119840121));
#13728=DIRECTION('',(0.,0.,-1.));
#13729=DIRECTION('',(0.,0.104528463267653,0.994521895368273));
#13730=DIRECTION('',(0.,-0.994521895368273,0.104528463267653));
#13731=DIRECTION('',(0.,-0.104528463267653,-0.994521895368273));
#13732=DIRECTION('center_axis',(0.,0.994521895368273,-0.104528463267653));
#13733=DIRECTION('ref_axis',(0.,0.104528463267653,0.994521895368273));
#13734=DIRECTION('',(1.,0.,0.));
#13735=DIRECTION('center_axis',(0.,-0.104528463267653,-0.994521895368273));
#13736=DIRECTION('ref_axis',(0.,0.994521895368273,-0.104528463267653));
#13737=DIRECTION('',(1.,0.,0.));
#13738=DIRECTION('center_axis',(0.,-0.994521895368273,0.104528463267653));
#13739=DIRECTION('ref_axis',(0.,-0.104528463267653,-0.994521895368273));
#13740=DIRECTION('',(-1.,0.,0.));
#13741=DIRECTION('center_axis',(0.,0.104528463267655,0.994521895368273));
#13742=DIRECTION('ref_axis',(0.,-0.994521895368273,0.104528463267655));
#13743=DIRECTION('',(1.,0.,0.));
#13744=DIRECTION('',(1.,0.,0.));
#13745=DIRECTION('center_axis',(0.,-1.,0.));
#13746=DIRECTION('ref_axis',(0.,0.,-1.));
#13747=DIRECTION('',(1.,0.,0.));
#13748=DIRECTION('center_axis',(0.,-0.106777119840121,0.994282981187272));
#13749=DIRECTION('ref_axis',(0.,-0.994282981187272,-0.106777119840121));
#13750=DIRECTION('',(1.,0.,0.));
#13751=DIRECTION('center_axis',(0.,1.,0.));
#13752=DIRECTION('ref_axis',(0.,0.,1.));
#13753=DIRECTION('center_axis',(0.,0.,1.));
#13754=DIRECTION('ref_axis',(1.,0.,0.));
#13755=DIRECTION('',(-1.,0.,0.));
#13756=DIRECTION('center_axis',(0.,-0.847998304005088,0.52999894000318));
#13757=DIRECTION('ref_axis',(1.,0.,0.));
#13758=DIRECTION('',(-1.,0.,0.));
#13759=DIRECTION('',(1.,0.,0.));
#13760=DIRECTION('center_axis',(0.,0.,1.));
#13761=DIRECTION('ref_axis',(1.,0.,0.));
#13762=DIRECTION('',(-1.,0.,0.));
#13763=DIRECTION('center_axis',(0.,-1.,0.));
#13764=DIRECTION('ref_axis',(1.,0.,0.));
#13765=DIRECTION('center_axis',(0.,1.,0.));
#13766=DIRECTION('ref_axis',(-1.,0.,0.));
#13767=DIRECTION('center_axis',(0.,0.,1.));
#13768=DIRECTION('ref_axis',(1.,0.,0.));
#13769=DIRECTION('center_axis',(0.,0.,1.));
#13770=DIRECTION('ref_axis',(1.,0.,0.));
#13771=DIRECTION('',(0.,0.,-1.));
#13772=DIRECTION('center_axis',(0.,0.,-1.));
#13773=DIRECTION('ref_axis',(1.,0.,0.));
#13774=DIRECTION('center_axis',(0.,0.,1.));
#13775=DIRECTION('ref_axis',(1.,0.,0.));
#13776=DIRECTION('center_axis',(1.,0.,0.));
#13777=DIRECTION('ref_axis',(0.,1.,0.));
#13778=DIRECTION('center_axis',(-1.,0.,0.));
#13779=DIRECTION('ref_axis',(0.,1.,0.));
#13780=DIRECTION('',(1.,0.,0.));
#13781=DIRECTION('center_axis',(1.,0.,0.));
#13782=DIRECTION('ref_axis',(0.,1.,0.));
#13783=DIRECTION('',(1.,0.,0.));
#13784=DIRECTION('center_axis',(0.,0.,1.));
#13785=DIRECTION('ref_axis',(1.,0.,0.));
#13786=DIRECTION('',(0.,1.,0.));
#13787=DIRECTION('',(1.,0.,0.));
#13788=DIRECTION('',(0.,-1.,0.));
#13789=DIRECTION('',(1.,0.,0.));
#13790=DIRECTION('center_axis',(0.,1.,0.));
#13791=DIRECTION('ref_axis',(0.,0.,1.));
#13792=DIRECTION('',(0.,0.,1.));
#13793=DIRECTION('',(1.,0.,0.));
#13794=DIRECTION('',(0.,0.,-1.));
#13795=DIRECTION('center_axis',(0.,0.,1.));
#13796=DIRECTION('ref_axis',(0.,-1.,0.));
#13797=DIRECTION('',(0.,-1.,0.));
#13798=DIRECTION('',(1.,0.,0.));
#13799=DIRECTION('',(0.,1.,0.));
#13800=DIRECTION('center_axis',(0.,0.4226182617407,0.90630778703665));
#13801=DIRECTION('ref_axis',(0.,-0.90630778703665,0.4226182617407));
#13802=DIRECTION('',(0.,-0.90630778703665,0.4226182617407));
#13803=DIRECTION('',(1.,0.,0.));
#13804=DIRECTION('',(0.,0.90630778703665,-0.4226182617407));
#13805=DIRECTION('',(1.,0.,0.));
#13806=DIRECTION('center_axis',(0.,1.,0.));
#13807=DIRECTION('ref_axis',(0.,0.,1.));
#13808=DIRECTION('',(0.,0.,1.));
#13809=DIRECTION('',(0.,0.,-1.));
#13810=DIRECTION('center_axis',(0.,-1.,0.));
#13811=DIRECTION('ref_axis',(0.,0.,-1.));
#13812=DIRECTION('',(0.,0.,-1.));
#13813=DIRECTION('',(0.,0.,1.));
#13814=DIRECTION('center_axis',(0.,-1.,0.));
#13815=DIRECTION('ref_axis',(0.,0.,-1.));
#13816=DIRECTION('',(0.,0.,-1.));
#13817=DIRECTION('',(0.,0.,1.));
#13818=DIRECTION('center_axis',(-1.,0.,0.));
#13819=DIRECTION('ref_axis',(0.,-1.,0.));
#13820=DIRECTION('center_axis',(1.,0.,0.));
#13821=DIRECTION('ref_axis',(0.,1.,0.));
#13822=DIRECTION('center_axis',(1.,0.,0.));
#13823=DIRECTION('ref_axis',(0.,-1.,1.22464679914735E-16));
#13824=DIRECTION('',(-0.999999994353899,-0.000106264770091909,-1.94225867285785E-8));
#13825=DIRECTION('center_axis',(-1.,0.,0.));
#13826=DIRECTION('ref_axis',(0.,1.,0.));
#13827=DIRECTION('',(0.999999994353899,0.000106264770091909,-1.94225867931263E-8));
#13828=DIRECTION('center_axis',(1.,0.,0.));
#13829=DIRECTION('ref_axis',(0.,1.,0.));
#13830=DIRECTION('center_axis',(1.,0.,0.));
#13831=DIRECTION('ref_axis',(0.,1.,0.));
#13832=DIRECTION('',(0.,0.,1.));
#13833=DIRECTION('',(0.,1.,0.));
#13834=DIRECTION('',(0.,0.,1.));
#13835=DIRECTION('',(0.,-1.,0.));
#13836=DIRECTION('',(0.,0.797377767216774,0.603480485474379));
#13837=DIRECTION('',(0.,1.,0.));
#13838=DIRECTION('',(0.,0.994521895368273,-0.104528463267653));
#13839=DIRECTION('',(0.,1.,0.));
#13840=DIRECTION('',(0.,0.787371242957719,-0.616479136519004));
#13841=DIRECTION('',(0.,-1.,0.));
#13842=DIRECTION('',(0.,-0.994521895368273,0.104528463267653));
#13843=DIRECTION('',(0.,-0.104528463267653,-0.994521895368273));
#13844=DIRECTION('',(0.,-1.,0.));
#13845=DIRECTION('',(0.,0.,1.));
#13846=DIRECTION('center_axis',(-0.000106264770090877,0.999999994353899,
0.));
#13847=DIRECTION('ref_axis',(-0.999999994353899,-0.000106264770090877,0.));
#13848=DIRECTION('',(0.,0.,1.));
#13849=DIRECTION('',(-0.999999994353899,-0.000106264770090877,0.));
#13850=DIRECTION('center_axis',(0.,-0.104528463267653,-0.994521895368273));
#13851=DIRECTION('ref_axis',(0.,0.994521895368273,-0.104528463267653));
#13852=DIRECTION('',(0.,0.994521895368273,-0.104528463267653));
#13853=DIRECTION('',(1.,0.,0.));
#13854=DIRECTION('',(1.,0.,0.));
#13855=DIRECTION('center_axis',(0.,0.994521895368273,-0.104528463267653));
#13856=DIRECTION('ref_axis',(0.,0.104528463267653,0.994521895368273));
#13857=DIRECTION('',(0.,0.104528463267653,0.994521895368273));
#13858=DIRECTION('',(-1.,0.,0.));
#13859=DIRECTION('center_axis',(0.,0.,1.));
#13860=DIRECTION('ref_axis',(1.,0.,0.));
#13861=DIRECTION('',(-1.,0.,0.));
#13862=DIRECTION('',(0.,-1.,0.));
#13863=DIRECTION('center_axis',(0.,0.,1.));
#13864=DIRECTION('ref_axis',(0.,-1.,0.));
#13865=DIRECTION('',(1.,0.,0.));
#13866=DIRECTION('',(2.54031900185246E-13,-1.,0.));
#13867=DIRECTION('',(-1.,0.,0.));
#13868=DIRECTION('',(0.,-1.,0.));
#13869=DIRECTION('',(1.,0.,0.));
#13870=DIRECTION('center_axis',(0.,0.616479136519004,0.787371242957719));
#13871=DIRECTION('ref_axis',(0.,-0.787371242957719,0.616479136519004));
#13872=DIRECTION('',(0.,-0.787371242957719,0.616479136519004));
#13873=DIRECTION('center_axis',(0.,-0.603480485474379,0.797377767216774));
#13874=DIRECTION('ref_axis',(0.,-0.797377767216774,-0.603480485474379));
#13875=DIRECTION('',(1.,0.,0.));
#13876=DIRECTION('',(2.02559389371546E-13,-0.797377767216774,-0.603480485474379));
#13877=DIRECTION('',(1.,0.,0.));
#13878=DIRECTION('center_axis',(0.,0.,1.));
#13879=DIRECTION('ref_axis',(0.,-1.,0.));
#13880=DIRECTION('',(2.54031900185246E-13,-1.,0.));
#13881=DIRECTION('',(1.,0.,0.));
#13882=DIRECTION('center_axis',(0.,0.104528463267653,0.994521895368273));
#13883=DIRECTION('ref_axis',(0.,-0.994521895368273,0.104528463267653));
#13884=DIRECTION('',(2.52640286856235E-13,-0.994521895368273,0.104528463267653));
#13885=DIRECTION('center_axis',(-1.,-2.54031900185246E-13,0.));
#13886=DIRECTION('ref_axis',(2.54031900185246E-13,-1.,0.));
#13887=DIRECTION('',(-2.54031900185246E-13,1.,0.));
#13888=DIRECTION('',(0.,0.,1.));
#13889=DIRECTION('',(2.54031900185246E-13,-1.,0.));
#13890=DIRECTION('',(0.,0.,1.));
#13891=DIRECTION('center_axis',(0.,0.,1.));
#13892=DIRECTION('ref_axis',(1.,0.,0.));
#13893=DIRECTION('',(-1.,6.77944786497845E-20,0.));
#13894=DIRECTION('center_axis',(0.,0.,1.));
#13895=DIRECTION('ref_axis',(1.,0.,0.));
#13896=DIRECTION('',(0.,-1.,0.));
#13897=DIRECTION('',(0.999999994353899,0.000106264770090877,0.));
#13898=DIRECTION('center_axis',(-1.,0.,0.));
#13899=DIRECTION('ref_axis',(0.,-1.,0.));
#13900=DIRECTION('',(0.,0.,1.));
#13901=DIRECTION('',(0.,0.,1.));
#13902=DIRECTION('',(0.,-1.,0.));
#13903=DIRECTION('center_axis',(-0.000106264770090877,0.999999994353899,
0.));
#13904=DIRECTION('ref_axis',(-0.999999994353899,-0.000106264770090877,0.));
#13905=DIRECTION('center_axis',(-6.77944786497845E-20,-1.,0.));
#13906=DIRECTION('ref_axis',(1.,-6.77944786497845E-20,0.));
#13907=DIRECTION('',(1.,-6.77944786497845E-20,0.));
#13908=DIRECTION('center_axis',(0.,1.,0.));
#13909=DIRECTION('ref_axis',(-1.,0.,0.));
#13910=DIRECTION('',(-1.,0.,0.));
#13911=DIRECTION('center_axis',(0.,0.,1.));
#13912=DIRECTION('ref_axis',(1.,0.,0.));
#13913=DIRECTION('center_axis',(0.,0.,1.));
#13914=DIRECTION('ref_axis',(1.,0.,0.));
#13915=DIRECTION('center_axis',(0.,0.,1.));
#13916=DIRECTION('ref_axis',(1.,0.,0.));
#13917=DIRECTION('',(0.,0.,-1.));
#13918=DIRECTION('center_axis',(0.,0.,-1.));
#13919=DIRECTION('ref_axis',(1.,0.,0.));
#13920=DIRECTION('center_axis',(0.,0.,1.));
#13921=DIRECTION('ref_axis',(1.,0.,0.));
#13922=DIRECTION('center_axis',(0.,1.,0.));
#13923=DIRECTION('ref_axis',(0.,0.,1.));
#13924=DIRECTION('',(0.,0.,1.));
#13925=DIRECTION('',(1.,0.,0.));
#13926=DIRECTION('',(0.,0.,-1.));
#13927=DIRECTION('',(1.,0.,0.));
#13928=DIRECTION('center_axis',(0.,0.4226182617407,0.90630778703665));
#13929=DIRECTION('ref_axis',(0.,-0.90630778703665,0.4226182617407));
#13930=DIRECTION('',(0.,-0.90630778703665,0.4226182617407));
#13931=DIRECTION('',(-1.,0.,0.));
#13932=DIRECTION('',(0.,0.90630778703665,-0.4226182617407));
#13933=DIRECTION('center_axis',(0.,0.,1.));
#13934=DIRECTION('ref_axis',(0.,-1.,0.));
#13935=DIRECTION('',(0.,-1.,0.));
#13936=DIRECTION('',(0.,1.,0.));
#13937=DIRECTION('',(1.,0.,0.));
#13938=DIRECTION('center_axis',(0.,1.,0.));
#13939=DIRECTION('ref_axis',(0.,0.,1.));
#13940=DIRECTION('',(0.,0.,1.));
#13941=DIRECTION('',(0.,0.,-1.));
#13942=DIRECTION('',(1.,0.,0.));
#13943=DIRECTION('center_axis',(0.,0.,1.));
#13944=DIRECTION('ref_axis',(1.,0.,0.));
#13945=DIRECTION('',(0.,1.,0.));
#13946=DIRECTION('',(0.,-1.,0.));
#13947=DIRECTION('',(-1.,0.,0.));
#13948=DIRECTION('center_axis',(1.,0.,0.));
#13949=DIRECTION('ref_axis',(0.,1.,0.));
#13950=DIRECTION('center_axis',(1.,0.,0.));
#13951=DIRECTION('ref_axis',(0.,1.,0.));
#13952=DIRECTION('',(1.,0.,0.));
#13953=DIRECTION('center_axis',(1.,0.,0.));
#13954=DIRECTION('ref_axis',(0.,1.,0.));
#13955=DIRECTION('center_axis',(0.,1.,0.));
#13956=DIRECTION('ref_axis',(-1.,0.,0.));
#13957=DIRECTION('',(0.,0.,1.));
#13958=DIRECTION('',(-1.,0.,0.));
#13959=DIRECTION('',(0.,0.,1.));
#13960=DIRECTION('center_axis',(-1.,0.,0.));
#13961=DIRECTION('ref_axis',(0.,-1.,0.));
#13962=DIRECTION('',(0.,0.104528463267653,0.994521895368273));
#13963=DIRECTION('',(0.,0.994521895368273,-0.104528463267653));
#13964=DIRECTION('',(0.,-0.104528463267653,-0.994521895368273));
#13965=DIRECTION('',(0.,0.,1.));
#13966=DIRECTION('',(0.,-0.994282981187272,-0.106777119840121));
#13967=DIRECTION('',(0.,-0.994521895368273,0.104528463267655));
#13968=DIRECTION('',(0.,0.,-1.));
#13969=DIRECTION('',(0.,1.,0.));
#13970=DIRECTION('',(0.,0.,1.));
#13971=DIRECTION('',(0.,-0.52999894000318,-0.847998304005088));
#13972=DIRECTION('',(0.,-1.,0.));
#13973=DIRECTION('center_axis',(0.,-1.,0.));
#13974=DIRECTION('ref_axis',(1.,0.,0.));
#13975=DIRECTION('',(1.,0.,0.));
#13976=DIRECTION('',(-1.,0.,0.));
#13977=DIRECTION('',(0.,0.,1.));
#13978=DIRECTION('center_axis',(1.,0.,0.));
#13979=DIRECTION('ref_axis',(0.,1.,0.));
#13980=DIRECTION('',(0.,1.,0.));
#13981=DIRECTION('',(0.,0.52999894000318,0.847998304005088));
#13982=DIRECTION('',(0.,-1.,0.));
#13983=DIRECTION('',(0.,0.,1.));
#13984=DIRECTION('',(0.,0.994521895368273,-0.104528463267655));
#13985=DIRECTION('',(0.,0.994282981187272,0.106777119840121));
#13986=DIRECTION('',(0.,0.,-1.));
#13987=DIRECTION('',(0.,0.104528463267653,0.994521895368273));
#13988=DIRECTION('',(0.,-0.994521895368273,0.104528463267653));
#13989=DIRECTION('',(0.,-0.104528463267653,-0.994521895368273));
#13990=DIRECTION('center_axis',(0.,0.,1.));
#13991=DIRECTION('ref_axis',(1.,0.,0.));
#13992=DIRECTION('',(-1.,0.,0.));
#13993=DIRECTION('center_axis',(0.,-0.847998304005088,0.52999894000318));
#13994=DIRECTION('ref_axis',(1.,0.,0.));
#13995=DIRECTION('center_axis',(0.,0.,1.));
#13996=DIRECTION('ref_axis',(1.,0.,0.));
#13997=DIRECTION('',(1.,0.,0.));
#13998=DIRECTION('center_axis',(0.,1.,0.));
#13999=DIRECTION('ref_axis',(0.,0.,1.));
#14000=DIRECTION('',(-1.,0.,0.));
#14001=DIRECTION('',(1.,0.,0.));
#14002=DIRECTION('center_axis',(0.,-0.106777119840121,0.994282981187272));
#14003=DIRECTION('ref_axis',(0.,-0.994282981187272,-0.106777119840121));
#14004=DIRECTION('',(1.,0.,0.));
#14005=DIRECTION('center_axis',(0.,-1.,0.));
#14006=DIRECTION('ref_axis',(0.,0.,-1.));
#14007=DIRECTION('',(1.,0.,0.));
#14008=DIRECTION('center_axis',(0.,0.104528463267655,0.994521895368273));
#14009=DIRECTION('ref_axis',(0.,-0.994521895368273,0.104528463267655));
#14010=DIRECTION('center_axis',(0.,-0.994521895368273,0.104528463267653));
#14011=DIRECTION('ref_axis',(0.,-0.104528463267653,-0.994521895368273));
#14012=DIRECTION('',(1.,0.,0.));
#14013=DIRECTION('center_axis',(0.,-0.104528463267653,-0.994521895368273));
#14014=DIRECTION('ref_axis',(0.,0.994521895368273,-0.104528463267653));
#14015=DIRECTION('',(1.,0.,0.));
#14016=DIRECTION('center_axis',(0.,0.994521895368273,-0.104528463267653));
#14017=DIRECTION('ref_axis',(0.,0.104528463267653,0.994521895368273));
#14018=DIRECTION('center_axis',(0.,0.,1.));
#14019=DIRECTION('ref_axis',(1.,0.,0.));
#14020=DIRECTION('center_axis',(0.,0.,1.));
#14021=DIRECTION('ref_axis',(1.,0.,0.));
#14022=DIRECTION('',(0.,0.,-1.));
#14023=DIRECTION('center_axis',(0.,0.,-1.));
#14024=DIRECTION('ref_axis',(1.,0.,0.));
#14025=DIRECTION('center_axis',(0.,0.,1.));
#14026=DIRECTION('ref_axis',(1.,0.,0.));
#14027=DIRECTION('center_axis',(0.,-0.104528463267653,-0.994521895368273));
#14028=DIRECTION('ref_axis',(0.,0.994521895368273,-0.104528463267653));
#14029=DIRECTION('',(0.,-0.994521895368273,0.104528463267653));
#14030=DIRECTION('',(1.,0.,0.));
#14031=DIRECTION('',(0.,0.994521895368273,-0.104528463267653));
#14032=DIRECTION('',(1.,0.,0.));
#14033=DIRECTION('center_axis',(0.,0.994521895368273,-0.104528463267653));
#14034=DIRECTION('ref_axis',(0.,0.104528463267653,0.994521895368273));
#14035=DIRECTION('',(0.,-0.104528463267653,-0.994521895368273));
#14036=DIRECTION('',(0.,0.104528463267653,0.994521895368273));
#14037=DIRECTION('',(-1.,0.,0.));
#14038=DIRECTION('center_axis',(0.,0.,1.));
#14039=DIRECTION('ref_axis',(0.,-1.,0.));
#14040=DIRECTION('',(0.,-1.,0.));
#14041=DIRECTION('',(1.,0.,0.));
#14042=DIRECTION('',(0.,1.,0.));
#14043=DIRECTION('',(1.,0.,0.));
#14044=DIRECTION('center_axis',(0.,0.616479136519004,0.787371242957719));
#14045=DIRECTION('ref_axis',(0.,-0.787371242957719,0.616479136519004));
#14046=DIRECTION('',(0.,-0.787371242957719,0.616479136519004));
#14047=DIRECTION('',(-1.,0.,0.));
#14048=DIRECTION('',(0.,0.787371242957719,-0.616479136519004));
#14049=DIRECTION('',(1.,0.,0.));
#14050=DIRECTION('center_axis',(0.,-0.603480485474379,0.797377767216774));
#14051=DIRECTION('ref_axis',(0.,-0.797377767216774,-0.603480485474379));
#14052=DIRECTION('',(0.,0.797377767216774,0.603480485474379));
#14053=DIRECTION('',(1.,0.,0.));
#14054=DIRECTION('',(0.,-0.797377767216774,-0.603480485474379));
#14055=DIRECTION('center_axis',(0.,0.104528463267653,0.994521895368273));
#14056=DIRECTION('ref_axis',(0.,-0.994521895368273,0.104528463267653));
#14057=DIRECTION('',(0.,-0.994521895368273,0.104528463267653));
#14058=DIRECTION('',(1.,0.,0.));
#14059=DIRECTION('',(0.,0.994521895368273,-0.104528463267653));
#14060=DIRECTION('center_axis',(0.,0.,1.));
#14061=DIRECTION('ref_axis',(0.,-1.,0.));
#14062=DIRECTION('',(0.,-1.,0.));
#14063=DIRECTION('',(0.,1.,0.));
#14064=DIRECTION('',(-1.,0.,0.));
#14065=DIRECTION('',(0.,1.,0.));
#14066=DIRECTION('center_axis',(1.,0.,0.));
#14067=DIRECTION('ref_axis',(0.,1.,0.));
#14068=DIRECTION('',(0.,0.,1.));
#14069=DIRECTION('',(0.,1.,0.));
#14070=DIRECTION('',(0.,0.,1.));
#14071=DIRECTION('',(0.,-1.,0.));
#14072=DIRECTION('center_axis',(0.,1.,0.));
#14073=DIRECTION('ref_axis',(-1.,0.,0.));
#14074=DIRECTION('',(0.,0.,1.));
#14075=DIRECTION('',(-1.,0.,0.));
#14076=DIRECTION('center_axis',(0.,0.,1.));
#14077=DIRECTION('ref_axis',(1.,0.,0.));
#14078=DIRECTION('',(0.,1.,0.));
#14079=DIRECTION('',(0.,-1.,0.));
#14080=DIRECTION('center_axis',(0.,-1.,0.));
#14081=DIRECTION('ref_axis',(1.,0.,0.));
#14082=DIRECTION('',(-1.,0.,0.));
#14083=DIRECTION('',(1.,0.,0.));
#14084=DIRECTION('',(0.,0.,1.));
#14085=DIRECTION('center_axis',(0.,0.,1.));
#14086=DIRECTION('ref_axis',(1.,0.,0.));
#14087=DIRECTION('',(0.,1.,0.));
#14088=DIRECTION('',(-1.,0.,0.));
#14089=DIRECTION('',(0.,-1.,0.));
#14090=DIRECTION('center_axis',(0.,0.,1.));
#14091=DIRECTION('ref_axis',(1.,0.,0.));
#14092=DIRECTION('',(0.,-1.,0.));
#14093=DIRECTION('center_axis',(1.,0.,0.));
#14094=DIRECTION('ref_axis',(0.,1.,0.));
#14095=DIRECTION('',(0.,1.,0.));
#14096=DIRECTION('',(0.,0.,-1.));
#14097=DIRECTION('',(0.,1.,0.));
#14098=DIRECTION('',(0.,0.,-1.));
#14099=DIRECTION('',(0.,0.90630778703665,-0.4226182617407));
#14100=DIRECTION('center_axis',(1.,0.,0.));
#14101=DIRECTION('ref_axis',(0.,1.,0.));
#14102=DIRECTION('center_axis',(-1.,0.,0.));
#14103=DIRECTION('ref_axis',(0.,-1.,0.));
#14104=DIRECTION('',(0.,-0.90630778703665,0.4226182617407));
#14105=DIRECTION('',(0.,0.,1.));
#14106=DIRECTION('',(0.,-1.,0.));
#14107=DIRECTION('',(0.,0.,1.));
#14108=DIRECTION('',(0.,1.,0.));
#14109=DIRECTION('center_axis',(1.,0.,0.));
#14110=DIRECTION('ref_axis',(0.,1.,0.));
#14111=DIRECTION('center_axis',(1.,0.,0.));
#14112=DIRECTION('ref_axis',(0.,1.,0.));
#14113=DIRECTION('',(1.,0.,0.));
#14114=DIRECTION('center_axis',(0.,0.,1.));
#14115=DIRECTION('ref_axis',(1.,0.,0.));
#14116=DIRECTION('',(1.,0.,0.));
#14117=DIRECTION('center_axis',(0.,1.,0.));
#14118=DIRECTION('ref_axis',(0.,0.,1.));
#14119=DIRECTION('',(1.,0.,0.));
#14120=DIRECTION('center_axis',(0.,0.,1.));
#14121=DIRECTION('ref_axis',(0.,-1.,0.));
#14122=DIRECTION('',(1.,0.,0.));
#14123=DIRECTION('center_axis',(0.,0.4226182617407,0.90630778703665));
#14124=DIRECTION('ref_axis',(0.,-0.90630778703665,0.4226182617407));
#14125=DIRECTION('',(1.,0.,0.));
#14126=DIRECTION('center_axis',(0.,1.,0.));
#14127=DIRECTION('ref_axis',(0.,0.,1.));
#14128=DIRECTION('center_axis',(0.,0.,1.));
#14129=DIRECTION('ref_axis',(1.,0.,0.));
#14130=DIRECTION('center_axis',(0.,0.,1.));
#14131=DIRECTION('ref_axis',(1.,0.,0.));
#14132=DIRECTION('',(0.,0.,-1.));
#14133=DIRECTION('center_axis',(0.,0.,-1.));
#14134=DIRECTION('ref_axis',(1.,0.,0.));
#14135=DIRECTION('center_axis',(0.,0.,1.));
#14136=DIRECTION('ref_axis',(1.,0.,0.));
#14137=DIRECTION('center_axis',(0.,1.,0.));
#14138=DIRECTION('ref_axis',(0.,0.,1.));
#14139=DIRECTION('',(0.,0.,-1.));
#14140=DIRECTION('',(1.,0.,0.));
#14141=DIRECTION('',(0.,0.,1.));
#14142=DIRECTION('',(1.,0.,0.));
#14143=DIRECTION('center_axis',(0.,0.4226182617407,0.90630778703665));
#14144=DIRECTION('ref_axis',(0.,-0.90630778703665,0.4226182617407));
#14145=DIRECTION('',(0.,0.90630778703665,-0.4226182617407));
#14146=DIRECTION('',(0.,-0.90630778703665,0.4226182617407));
#14147=DIRECTION('',(-1.,0.,0.));
#14148=DIRECTION('center_axis',(0.,0.,1.));
#14149=DIRECTION('ref_axis',(0.,-1.,0.));
#14150=DIRECTION('',(0.,1.,0.));
#14151=DIRECTION('',(1.,0.,0.));
#14152=DIRECTION('',(0.,-1.,0.));
#14153=DIRECTION('center_axis',(0.,1.,0.));
#14154=DIRECTION('ref_axis',(0.,0.,1.));
#14155=DIRECTION('',(0.,0.,-1.));
#14156=DIRECTION('',(1.,0.,0.));
#14157=DIRECTION('',(0.,0.,1.));
#14158=DIRECTION('center_axis',(0.,0.,1.));
#14159=DIRECTION('ref_axis',(1.,0.,0.));
#14160=DIRECTION('',(0.,1.,0.));
#14161=DIRECTION('',(-1.,0.,0.));
#14162=DIRECTION('',(0.,-1.,0.));
#14163=DIRECTION('center_axis',(1.,0.,0.));
#14164=DIRECTION('ref_axis',(0.,1.,0.));
#14165=DIRECTION('center_axis',(1.,0.,0.));
#14166=DIRECTION('ref_axis',(0.,1.,0.));
#14167=DIRECTION('',(1.,0.,0.));
#14168=DIRECTION('center_axis',(1.,0.,0.));
#14169=DIRECTION('ref_axis',(0.,1.,0.));
#14170=DIRECTION('center_axis',(1.,0.,0.));
#14171=DIRECTION('ref_axis',(0.,1.,0.));
#14172=DIRECTION('',(0.,1.,0.));
#14173=DIRECTION('',(0.,0.,1.));
#14174=DIRECTION('',(0.,1.,0.));
#14175=DIRECTION('',(0.,0.787371242957719,-0.616479136519004));
#14176=DIRECTION('',(0.,1.,0.));
#14177=DIRECTION('',(0.,-0.994521895368273,0.104528463267653));
#14178=DIRECTION('',(0.,-0.104528463267653,-0.994521895368273));
#14179=DIRECTION('center_axis',(-1.,0.,0.));
#14180=DIRECTION('ref_axis',(0.,-1.,0.));
#14181=DIRECTION('',(0.,0.104528463267653,0.994521895368273));
#14182=DIRECTION('',(0.,0.994521895368273,-0.104528463267653));
#14183=DIRECTION('',(0.,-1.,0.));
#14184=DIRECTION('',(0.,-0.787371242957719,0.616479136519004));
#14185=DIRECTION('',(0.,-1.,0.));
#14186=DIRECTION('',(0.,0.,1.));
#14187=DIRECTION('',(0.,-1.,0.));
#14188=DIRECTION('center_axis',(0.,-0.104528463267653,-0.994521895368273));
#14189=DIRECTION('ref_axis',(0.,0.994521895368273,-0.104528463267653));
#14190=DIRECTION('',(1.,0.,0.));
#14191=DIRECTION('',(1.,0.,0.));
#14192=DIRECTION('center_axis',(0.,0.994521895368273,-0.104528463267653));
#14193=DIRECTION('ref_axis',(0.,0.104528463267653,0.994521895368273));
#14194=DIRECTION('center_axis',(0.,0.,1.));
#14195=DIRECTION('ref_axis',(0.,-1.,0.));
#14196=DIRECTION('',(0.,1.,0.));
#14197=DIRECTION('',(1.,0.,0.));
#14198=DIRECTION('',(0.,-1.,0.));
#14199=DIRECTION('',(-1.,0.,0.));
#14200=DIRECTION('',(1.,0.,0.));
#14201=DIRECTION('',(-1.,0.,0.));
#14202=DIRECTION('center_axis',(0.,0.616479136519004,0.787371242957719));
#14203=DIRECTION('ref_axis',(0.,-0.787371242957719,0.616479136519004));
#14204=DIRECTION('',(-1.,0.,0.));
#14205=DIRECTION('center_axis',(0.,-0.603480485474379,0.797377767216774));
#14206=DIRECTION('ref_axis',(0.,-0.797377767216774,-0.603480485474379));
#14207=DIRECTION('',(0.,0.797377767216774,0.603480485474379));
#14208=DIRECTION('',(1.,0.,0.));
#14209=DIRECTION('',(0.,-0.797377767216774,-0.603480485474379));
#14210=DIRECTION('',(1.,0.,0.));
#14211=DIRECTION('center_axis',(0.,0.,1.));
#14212=DIRECTION('ref_axis',(0.,-1.,0.));
#14213=DIRECTION('',(0.,1.,0.));
#14214=DIRECTION('',(0.,-1.,0.));
#14215=DIRECTION('',(1.,0.,0.));
#14216=DIRECTION('center_axis',(0.,0.104528463267653,0.994521895368273));
#14217=DIRECTION('ref_axis',(0.,-0.994521895368273,0.104528463267653));
#14218=DIRECTION('',(0.,0.994521895368273,-0.104528463267653));
#14219=DIRECTION('',(0.,-0.994521895368273,0.104528463267653));
#14220=DIRECTION('center_axis',(0.,1.,0.));
#14221=DIRECTION('ref_axis',(-1.,0.,0.));
#14222=DIRECTION('',(-1.,0.,0.));
#14223=DIRECTION('',(0.,0.,1.));
#14224=DIRECTION('center_axis',(-1.,0.,0.));
#14225=DIRECTION('ref_axis',(0.,-1.,0.));
#14226=DIRECTION('',(0.,-1.,0.));
#14227=DIRECTION('',(0.,0.,1.));
#14228=DIRECTION('',(0.,-1.,0.));
#14229=DIRECTION('',(0.,0.,1.));
#14230=DIRECTION('center_axis',(0.,0.,1.));
#14231=DIRECTION('ref_axis',(1.,0.,0.));
#14232=DIRECTION('',(0.,1.,0.));
#14233=DIRECTION('',(-1.,0.,0.));
#14234=DIRECTION('center_axis',(0.,0.,1.));
#14235=DIRECTION('ref_axis',(1.,0.,0.));
#14236=DIRECTION('center_axis',(1.,0.,0.));
#14237=DIRECTION('ref_axis',(0.,1.,0.));
#14238=DIRECTION('',(0.,1.,0.));
#14239=DIRECTION('',(0.,0.,1.));
#14240=DIRECTION('center_axis',(0.,-1.,0.));
#14241=DIRECTION('ref_axis',(1.,0.,0.));
#14242=DIRECTION('',(1.,0.,0.));
#14243=DIRECTION('center_axis',(0.,1.,0.));
#14244=DIRECTION('ref_axis',(-1.,0.,0.));
#14245=DIRECTION('',(-1.,0.,0.));
#14246=DIRECTION('center_axis',(0.,0.,1.));
#14247=DIRECTION('ref_axis',(1.,0.,0.));
#14248=DIRECTION('center_axis',(0.,0.,1.));
#14249=DIRECTION('ref_axis',(1.,0.,0.));
#14250=DIRECTION('center_axis',(0.,0.,1.));
#14251=DIRECTION('ref_axis',(1.,0.,0.));
#14252=DIRECTION('',(0.,0.,-1.));
#14253=DIRECTION('center_axis',(0.,0.,-1.));
#14254=DIRECTION('ref_axis',(1.,0.,0.));
#14255=DIRECTION('center_axis',(0.,0.,1.));
#14256=DIRECTION('ref_axis',(1.,0.,0.));
#14257=DIRECTION('center_axis',(0.,-0.104528463267653,-0.994521895368273));
#14258=DIRECTION('ref_axis',(0.,0.994521895368273,-0.104528463267653));
#14259=DIRECTION('',(0.,0.994521895368273,-0.104528463267653));
#14260=DIRECTION('',(1.,0.,0.));
#14261=DIRECTION('',(0.,0.994521895368273,-0.104528463267653));
#14262=DIRECTION('',(1.,0.,0.));
#14263=DIRECTION('',(1.,0.,0.));
#14264=DIRECTION('center_axis',(0.,0.994521895368273,-0.104528463267653));
#14265=DIRECTION('ref_axis',(0.,0.104528463267653,0.994521895368273));
#14266=DIRECTION('',(0.,0.104528463267653,0.994521895368273));
#14267=DIRECTION('',(-1.,0.,0.));
#14268=DIRECTION('',(1.,0.,0.));
#14269=DIRECTION('',(0.,0.104528463267658,0.994521895368273));
#14270=DIRECTION('center_axis',(0.,0.,1.));
#14271=DIRECTION('ref_axis',(0.,-1.,0.));
#14272=DIRECTION('',(0.,-1.,0.));
#14273=DIRECTION('',(0.,-1.,0.));
#14274=DIRECTION('center_axis',(1.,0.,0.));
#14275=DIRECTION('ref_axis',(0.,0.,-1.));
#14276=DIRECTION('center_axis',(0.,0.,1.));
#14277=DIRECTION('ref_axis',(0.,-1.,0.));
#14278=DIRECTION('',(0.,-1.,0.));
#14279=DIRECTION('',(1.,0.,0.));
#14280=DIRECTION('',(0.,1.,0.));
#14281=DIRECTION('',(1.,0.,0.));
#14282=DIRECTION('center_axis',(0.,-0.603480485474379,0.797377767216774));
#14283=DIRECTION('ref_axis',(0.,-0.797377767216774,-0.603480485474379));
#14284=DIRECTION('',(0.,-0.797377767216774,-0.603480485474379));
#14285=DIRECTION('',(0.,0.797377767216774,0.603480485474379));
#14286=DIRECTION('',(1.,0.,0.));
#14287=DIRECTION('center_axis',(0.,0.616479136519004,0.787371242957719));
#14288=DIRECTION('ref_axis',(0.,-0.787371242957719,0.616479136519004));
#14289=DIRECTION('',(0.,-0.787371242957719,0.616479136519004));
#14290=DIRECTION('',(-1.,0.,0.));
#14291=DIRECTION('',(0.,0.787371242957719,-0.616479136519004));
#14292=DIRECTION('',(1.,0.,0.));
#14293=DIRECTION('center_axis',(0.,0.104528463267653,0.994521895368273));
#14294=DIRECTION('ref_axis',(0.,-0.994521895368273,0.104528463267653));
#14295=DIRECTION('',(0.,-0.994521895368273,0.104528463267653));
#14296=DIRECTION('',(1.,0.,0.));
#14297=DIRECTION('',(0.,0.994521895368273,-0.104528463267653));
#14298=DIRECTION('center_axis',(0.,0.,1.));
#14299=DIRECTION('ref_axis',(0.,-1.,0.));
#14300=DIRECTION('',(0.,-1.,0.));
#14301=DIRECTION('',(0.,1.,0.));
#14302=DIRECTION('center_axis',(0.,0.,1.));
#14303=DIRECTION('ref_axis',(1.,0.,0.));
#14304=DIRECTION('',(0.,-1.,0.));
#14305=DIRECTION('',(0.,1.,0.));
#14306=DIRECTION('center_axis',(0.,0.,1.));
#14307=DIRECTION('ref_axis',(1.,0.,0.));
#14308=DIRECTION('',(0.,-1.,0.));
#14309=DIRECTION('',(-1.,0.,0.));
#14310=DIRECTION('',(0.,1.,0.));
#14311=DIRECTION('center_axis',(0.,-1.,0.));
#14312=DIRECTION('ref_axis',(1.,0.,0.));
#14313=DIRECTION('',(0.,0.,1.));
#14314=DIRECTION('',(1.,0.,0.));
#14315=DIRECTION('',(0.,0.,1.));
#14316=DIRECTION('center_axis',(0.,0.,1.));
#14317=DIRECTION('ref_axis',(1.,0.,0.));
#14318=DIRECTION('',(0.,1.,0.));
#14319=DIRECTION('',(-1.,0.,0.));
#14320=DIRECTION('',(0.,-1.,0.));
#14321=DIRECTION('center_axis',(1.,0.,0.));
#14322=DIRECTION('ref_axis',(0.,1.,0.));
#14323=DIRECTION('center_axis',(-1.,0.,0.));
#14324=DIRECTION('ref_axis',(0.,1.,0.));
#14325=DIRECTION('center_axis',(-1.,0.,0.));
#14326=DIRECTION('ref_axis',(0.,1.,0.));
#14327=DIRECTION('',(0.,0.,1.));
#14328=DIRECTION('',(0.,-1.,0.));
#14329=DIRECTION('',(0.,0.,1.));
#14330=DIRECTION('center_axis',(-1.,0.,0.));
#14331=DIRECTION('ref_axis',(0.,-1.,0.));
#14332=DIRECTION('',(0.,-0.90630778703665,0.4226182617407));
#14333=DIRECTION('',(0.,0.,1.));
#14334=DIRECTION('',(0.,-1.,0.));
#14335=DIRECTION('',(0.,0.,1.));
#14336=DIRECTION('',(0.,1.,0.));
#14337=DIRECTION('center_axis',(1.,0.,0.));
#14338=DIRECTION('ref_axis',(0.,1.,0.));
#14339=DIRECTION('center_axis',(1.,0.,0.));
#14340=DIRECTION('ref_axis',(0.,1.,0.));
#14341=DIRECTION('',(0.,0.,1.));
#14342=DIRECTION('',(0.,-1.,0.));
#14343=DIRECTION('',(0.,0.,1.));
#14344=DIRECTION('',(0.,-0.90630778703665,0.4226182617407));
#14345=DIRECTION('',(0.,0.,-1.));
#14346=DIRECTION('center_axis',(-1.,0.,0.));
#14347=DIRECTION('ref_axis',(0.,1.,0.));
#14348=DIRECTION('',(0.,0.,-1.));
#14349=DIRECTION('',(0.,1.,0.));
#14350=DIRECTION('center_axis',(0.,-1.,0.));
#14351=DIRECTION('ref_axis',(0.,0.,-1.));
#14352=DIRECTION('',(1.,0.,0.));
#14353=DIRECTION('',(1.,0.,0.));
#14354=DIRECTION('center_axis',(0.,-1.,0.));
#14355=DIRECTION('ref_axis',(0.,0.,-1.));
#14356=DIRECTION('',(1.,0.,0.));
#14357=DIRECTION('',(1.,0.,0.));
#14358=DIRECTION('center_axis',(1.,0.,0.));
#14359=DIRECTION('ref_axis',(0.,1.,0.));
#14360=DIRECTION('',(1.,0.,0.));
#14361=DIRECTION('center_axis',(0.,0.,1.));
#14362=DIRECTION('ref_axis',(1.,0.,0.));
#14363=DIRECTION('',(1.,0.,0.));
#14364=DIRECTION('center_axis',(0.,1.,0.));
#14365=DIRECTION('ref_axis',(0.,0.,1.));
#14366=DIRECTION('',(1.,0.,0.));
#14367=DIRECTION('center_axis',(0.,0.,1.));
#14368=DIRECTION('ref_axis',(0.,-1.,0.));
#14369=DIRECTION('',(1.,0.,0.));
#14370=DIRECTION('center_axis',(0.,0.4226182617407,0.90630778703665));
#14371=DIRECTION('ref_axis',(0.,-0.90630778703665,0.4226182617407));
#14372=DIRECTION('',(1.,0.,0.));
#14373=DIRECTION('center_axis',(0.,1.,0.));
#14374=DIRECTION('ref_axis',(0.,0.,1.));
#14375=DIRECTION('center_axis',(0.,0.,1.));
#14376=DIRECTION('ref_axis',(1.,0.,0.));
#14377=DIRECTION('center_axis',(0.,0.,1.));
#14378=DIRECTION('ref_axis',(1.,0.,0.));
#14379=DIRECTION('',(0.,0.,-1.));
#14380=DIRECTION('center_axis',(0.,0.,-1.));
#14381=DIRECTION('ref_axis',(1.,0.,0.));
#14382=DIRECTION('center_axis',(0.,0.,1.));
#14383=DIRECTION('ref_axis',(1.,0.,0.));
#14384=DIRECTION('center_axis',(0.,1.,0.));
#14385=DIRECTION('ref_axis',(0.,0.,1.));
#14386=DIRECTION('',(0.,0.,-1.));
#14387=DIRECTION('',(1.,0.,0.));
#14388=DIRECTION('',(0.,0.,1.));
#14389=DIRECTION('',(1.,0.,0.));
#14390=DIRECTION('center_axis',(0.,0.4226182617407,0.90630778703665));
#14391=DIRECTION('ref_axis',(0.,-0.90630778703665,0.4226182617407));
#14392=DIRECTION('',(0.,0.90630778703665,-0.4226182617407));
#14393=DIRECTION('',(0.,-0.90630778703665,0.4226182617407));
#14394=DIRECTION('',(-1.,0.,0.));
#14395=DIRECTION('center_axis',(0.,0.,1.));
#14396=DIRECTION('ref_axis',(0.,-1.,0.));
#14397=DIRECTION('',(0.,1.,0.));
#14398=DIRECTION('',(1.,0.,0.));
#14399=DIRECTION('',(0.,-1.,0.));
#14400=DIRECTION('center_axis',(0.,1.,0.));
#14401=DIRECTION('ref_axis',(0.,0.,1.));
#14402=DIRECTION('',(0.,0.,-1.));
#14403=DIRECTION('',(1.,0.,0.));
#14404=DIRECTION('',(0.,0.,1.));
#14405=DIRECTION('center_axis',(0.,0.,1.));
#14406=DIRECTION('ref_axis',(1.,0.,0.));
#14407=DIRECTION('',(0.,-1.,0.));
#14408=DIRECTION('',(-1.,0.,0.));
#14409=DIRECTION('',(0.,1.,0.));
#14410=DIRECTION('center_axis',(1.,0.,0.));
#14411=DIRECTION('ref_axis',(0.,1.,0.));
#14412=DIRECTION('center_axis',(1.,0.,0.));
#14413=DIRECTION('ref_axis',(0.,1.,0.));
#14414=DIRECTION('',(1.,0.,0.));
#14415=DIRECTION('center_axis',(-1.,0.,0.));
#14416=DIRECTION('ref_axis',(0.,1.,0.));
#14417=DIRECTION('center_axis',(-1.,0.,0.));
#14418=DIRECTION('ref_axis',(0.,-1.,0.));
#14419=DIRECTION('',(0.,0.104528463267653,0.994521895368273));
#14420=DIRECTION('',(0.,0.994521895368273,-0.104528463267653));
#14421=DIRECTION('',(0.,-0.104528463267653,-0.994521895368273));
#14422=DIRECTION('',(0.,0.,1.));
#14423=DIRECTION('',(0.,-0.994282981187272,-0.106777119840121));
#14424=DIRECTION('',(0.,-0.994521895368273,0.104528463267655));
#14425=DIRECTION('',(0.,0.,-1.));
#14426=DIRECTION('',(0.,1.,0.));
#14427=DIRECTION('',(0.,0.,1.));
#14428=DIRECTION('',(0.,-0.52999894000318,-0.847998304005088));
#14429=DIRECTION('',(0.,-1.,0.));
#14430=DIRECTION('',(0.,0.,1.));
#14431=DIRECTION('center_axis',(1.,0.,0.));
#14432=DIRECTION('ref_axis',(0.,1.,0.));
#14433=DIRECTION('',(0.,0.,1.));
#14434=DIRECTION('',(0.,1.,0.));
#14435=DIRECTION('',(0.,0.52999894000318,0.847998304005088));
#14436=DIRECTION('',(0.,0.,1.));
#14437=DIRECTION('',(0.,-1.,0.));
#14438=DIRECTION('',(0.,0.,1.));
#14439=DIRECTION('',(0.,0.994521895368273,-0.104528463267655));
#14440=DIRECTION('',(0.,0.994282981187272,0.106777119840121));
#14441=DIRECTION('',(0.,0.,-1.));
#14442=DIRECTION('',(0.,0.104528463267653,0.994521895368273));
#14443=DIRECTION('',(0.,-0.994521895368273,0.104528463267653));
#14444=DIRECTION('',(0.,-0.104528463267653,-0.994521895368273));
#14445=DIRECTION('center_axis',(0.,0.994521895368273,-0.104528463267653));
#14446=DIRECTION('ref_axis',(0.,0.104528463267653,0.994521895368273));
#14447=DIRECTION('',(1.,0.,0.));
#14448=DIRECTION('center_axis',(0.,-0.104528463267653,-0.994521895368273));
#14449=DIRECTION('ref_axis',(0.,0.994521895368273,-0.104528463267653));
#14450=DIRECTION('',(1.,0.,0.));
#14451=DIRECTION('center_axis',(0.,-0.994521895368273,0.104528463267653));
#14452=DIRECTION('ref_axis',(0.,-0.104528463267653,-0.994521895368273));
#14453=DIRECTION('',(-1.,0.,0.));
#14454=DIRECTION('center_axis',(0.,0.104528463267655,0.994521895368273));
#14455=DIRECTION('ref_axis',(0.,-0.994521895368273,0.104528463267655));
#14456=DIRECTION('',(1.,0.,0.));
#14457=DIRECTION('',(1.,0.,0.));
#14458=DIRECTION('center_axis',(0.,-1.,0.));
#14459=DIRECTION('ref_axis',(0.,0.,-1.));
#14460=DIRECTION('',(1.,0.,0.));
#14461=DIRECTION('center_axis',(0.,-0.106777119840121,0.994282981187272));
#14462=DIRECTION('ref_axis',(0.,-0.994282981187272,-0.106777119840121));
#14463=DIRECTION('',(1.,0.,0.));
#14464=DIRECTION('center_axis',(0.,1.,0.));
#14465=DIRECTION('ref_axis',(0.,0.,1.));
#14466=DIRECTION('center_axis',(0.,0.,1.));
#14467=DIRECTION('ref_axis',(1.,0.,0.));
#14468=DIRECTION('',(-1.,0.,0.));
#14469=DIRECTION('center_axis',(0.,-0.847998304005088,0.52999894000318));
#14470=DIRECTION('ref_axis',(1.,0.,0.));
#14471=DIRECTION('',(-1.,0.,0.));
#14472=DIRECTION('',(1.,0.,0.));
#14473=DIRECTION('center_axis',(0.,0.,1.));
#14474=DIRECTION('ref_axis',(1.,0.,0.));
#14475=DIRECTION('',(-1.,0.,0.));
#14476=DIRECTION('center_axis',(0.,-1.,0.));
#14477=DIRECTION('ref_axis',(1.,0.,0.));
#14478=DIRECTION('center_axis',(0.,1.,0.));
#14479=DIRECTION('ref_axis',(-1.,0.,0.));
#14480=DIRECTION('center_axis',(0.,0.,1.));
#14481=DIRECTION('ref_axis',(1.,0.,0.));
#14482=DIRECTION('center_axis',(0.,0.,1.));
#14483=DIRECTION('ref_axis',(1.,0.,0.));
#14484=DIRECTION('',(0.,0.,-1.));
#14485=DIRECTION('center_axis',(0.,0.,-1.));
#14486=DIRECTION('ref_axis',(1.,0.,0.));
#14487=DIRECTION('center_axis',(0.,0.,1.));
#14488=DIRECTION('ref_axis',(1.,0.,0.));
#14489=DIRECTION('center_axis',(0.,-0.104528463267653,-0.994521895368273));
#14490=DIRECTION('ref_axis',(0.,0.994521895368273,-0.104528463267653));
#14491=DIRECTION('',(0.,0.994521895368273,-0.104528463267653));
#14492=DIRECTION('',(1.,0.,0.));
#14493=DIRECTION('',(0.,-0.994521895368273,0.104528463267653));
#14494=DIRECTION('',(1.,0.,0.));
#14495=DIRECTION('center_axis',(0.,0.994521895368273,-0.104528463267653));
#14496=DIRECTION('ref_axis',(0.,0.104528463267653,0.994521895368273));
#14497=DIRECTION('',(0.,0.104528463267653,0.994521895368273));
#14498=DIRECTION('',(-1.,0.,0.));
#14499=DIRECTION('',(0.,-0.104528463267653,-0.994521895368273));
#14500=DIRECTION('center_axis',(0.,0.,1.));
#14501=DIRECTION('ref_axis',(1.,0.,0.));
#14502=DIRECTION('',(0.,1.,0.));
#14503=DIRECTION('',(-1.,0.,0.));
#14504=DIRECTION('',(0.,-1.,0.));
#14505=DIRECTION('center_axis',(0.,0.,1.));
#14506=DIRECTION('ref_axis',(0.,-1.,0.));
#14507=DIRECTION('',(0.,1.,0.));
#14508=DIRECTION('',(1.,0.,0.));
#14509=DIRECTION('',(0.,-1.,0.));
#14510=DIRECTION('',(-1.,0.,0.));
#14511=DIRECTION('',(0.,-1.,0.));
#14512=DIRECTION('',(1.,0.,0.));
#14513=DIRECTION('center_axis',(0.,0.616479136519004,0.787371242957719));
#14514=DIRECTION('ref_axis',(0.,-0.787371242957719,0.616479136519004));
#14515=DIRECTION('',(0.,0.787371242957719,-0.616479136519004));
#14516=DIRECTION('',(0.,-0.787371242957719,0.616479136519004));
#14517=DIRECTION('center_axis',(0.,-0.603480485474379,0.797377767216774));
#14518=DIRECTION('ref_axis',(0.,-0.797377767216774,-0.603480485474379));
#14519=DIRECTION('',(0.,0.797377767216774,0.603480485474379));
#14520=DIRECTION('',(1.,0.,0.));
#14521=DIRECTION('',(0.,-0.797377767216774,-0.603480485474379));
#14522=DIRECTION('',(1.,0.,0.));
#14523=DIRECTION('center_axis',(0.,0.,1.));
#14524=DIRECTION('ref_axis',(0.,-1.,0.));
#14525=DIRECTION('',(0.,1.,0.));
#14526=DIRECTION('',(0.,-1.,0.));
#14527=DIRECTION('',(1.,0.,0.));
#14528=DIRECTION('center_axis',(0.,0.104528463267653,0.994521895368273));
#14529=DIRECTION('ref_axis',(0.,-0.994521895368273,0.104528463267653));
#14530=DIRECTION('',(0.,0.994521895368273,-0.104528463267653));
#14531=DIRECTION('',(0.,-0.994521895368273,0.104528463267653));
#14532=DIRECTION('center_axis',(-1.,0.,0.));
#14533=DIRECTION('ref_axis',(0.,-1.,0.));
#14534=DIRECTION('',(0.,1.,0.));
#14535=DIRECTION('',(0.,0.,1.));
#14536=DIRECTION('',(0.,-1.,0.));
#14537=DIRECTION('',(0.,0.,1.));
#14538=DIRECTION('center_axis',(0.,0.,1.));
#14539=DIRECTION('ref_axis',(1.,0.,0.));
#14540=DIRECTION('',(0.,1.,0.));
#14541=DIRECTION('',(-1.,0.,0.));
#14542=DIRECTION('center_axis',(0.,1.,0.));
#14543=DIRECTION('ref_axis',(-1.,0.,0.));
#14544=DIRECTION('',(-1.,0.,0.));
#14545=DIRECTION('',(0.,0.,1.));
#14546=DIRECTION('center_axis',(1.,0.,0.));
#14547=DIRECTION('ref_axis',(0.,1.,0.));
#14548=DIRECTION('',(0.,1.,0.));
#14549=DIRECTION('',(0.,0.,1.));
#14550=DIRECTION('',(0.,1.,0.));
#14551=DIRECTION('',(0.,0.,-1.));
#14552=DIRECTION('',(0.,1.,0.));
#14553=DIRECTION('',(0.,0.,-1.));
#14554=DIRECTION('',(0.,0.90630778703665,-0.4226182617407));
#14555=DIRECTION('center_axis',(1.,0.,0.));
#14556=DIRECTION('ref_axis',(0.,1.,0.));
#14557=DIRECTION('center_axis',(0.,-1.,0.));
#14558=DIRECTION('ref_axis',(1.,0.,0.));
#14559=DIRECTION('',(1.,0.,0.));
#14560=DIRECTION('center_axis',(0.,0.,1.));
#14561=DIRECTION('ref_axis',(1.,0.,0.));
#14562=DIRECTION('',(-1.,0.,0.));
#14563=DIRECTION('',(0.,-1.,0.));
#14564=DIRECTION('center_axis',(-1.,0.,0.));
#14565=DIRECTION('ref_axis',(0.,-1.,0.));
#14566=DIRECTION('',(0.,-0.90630778703665,0.4226182617407));
#14567=DIRECTION('',(0.,0.,1.));
#14568=DIRECTION('',(0.,-1.,0.));
#14569=DIRECTION('',(0.,0.,1.));
#14570=DIRECTION('',(0.,1.,0.));
#14571=DIRECTION('center_axis',(1.,0.,0.));
#14572=DIRECTION('ref_axis',(0.,1.,0.));
#14573=DIRECTION('center_axis',(1.,0.,0.));
#14574=DIRECTION('ref_axis',(0.,1.,0.));
#14575=DIRECTION('',(1.,0.,0.));
#14576=DIRECTION('center_axis',(0.,0.,1.));
#14577=DIRECTION('ref_axis',(1.,0.,0.));
#14578=DIRECTION('',(1.,0.,0.));
#14579=DIRECTION('center_axis',(0.,1.,0.));
#14580=DIRECTION('ref_axis',(0.,0.,1.));
#14581=DIRECTION('',(1.,0.,0.));
#14582=DIRECTION('center_axis',(0.,0.,1.));
#14583=DIRECTION('ref_axis',(0.,-1.,0.));
#14584=DIRECTION('',(1.,0.,0.));
#14585=DIRECTION('center_axis',(0.,0.4226182617407,0.90630778703665));
#14586=DIRECTION('ref_axis',(0.,-0.90630778703665,0.4226182617407));
#14587=DIRECTION('',(1.,0.,0.));
#14588=DIRECTION('center_axis',(0.,1.,0.));
#14589=DIRECTION('ref_axis',(0.,0.,1.));
#14590=DIRECTION('center_axis',(0.,0.,1.));
#14591=DIRECTION('ref_axis',(1.,0.,0.));
#14592=DIRECTION('center_axis',(0.,0.,1.));
#14593=DIRECTION('ref_axis',(1.,0.,0.));
#14594=DIRECTION('',(0.,0.,-1.));
#14595=DIRECTION('center_axis',(0.,0.,-1.));
#14596=DIRECTION('ref_axis',(1.,0.,0.));
#14597=DIRECTION('center_axis',(0.,0.,1.));
#14598=DIRECTION('ref_axis',(1.,0.,0.));
#14599=DIRECTION('center_axis',(0.,1.,0.));
#14600=DIRECTION('ref_axis',(0.,0.,1.));
#14601=DIRECTION('',(0.,0.,1.));
#14602=DIRECTION('',(1.,0.,0.));
#14603=DIRECTION('',(0.,0.,-1.));
#14604=DIRECTION('',(1.,0.,0.));
#14605=DIRECTION('center_axis',(0.,0.4226182617407,0.90630778703665));
#14606=DIRECTION('ref_axis',(0.,-0.90630778703665,0.4226182617407));
#14607=DIRECTION('',(0.,-0.90630778703665,0.4226182617407));
#14608=DIRECTION('',(-1.,0.,0.));
#14609=DIRECTION('',(0.,0.90630778703665,-0.4226182617407));
#14610=DIRECTION('center_axis',(0.,0.,1.));
#14611=DIRECTION('ref_axis',(0.,-1.,0.));
#14612=DIRECTION('',(0.,-1.,0.));
#14613=DIRECTION('',(0.,1.,0.));
#14614=DIRECTION('',(1.,0.,0.));
#14615=DIRECTION('center_axis',(0.,1.,0.));
#14616=DIRECTION('ref_axis',(0.,0.,1.));
#14617=DIRECTION('',(0.,0.,1.));
#14618=DIRECTION('',(0.,0.,-1.));
#14619=DIRECTION('',(1.,0.,0.));
#14620=DIRECTION('center_axis',(0.,0.,1.));
#14621=DIRECTION('ref_axis',(1.,0.,0.));
#14622=DIRECTION('',(0.,-1.,0.));
#14623=DIRECTION('',(0.,1.,0.));
#14624=DIRECTION('',(-1.,0.,0.));
#14625=DIRECTION('center_axis',(1.,0.,0.));
#14626=DIRECTION('ref_axis',(0.,1.,0.));
#14627=DIRECTION('center_axis',(1.,0.,0.));
#14628=DIRECTION('ref_axis',(0.,1.,0.));
#14629=DIRECTION('',(1.,0.,0.));
#14630=DIRECTION('center_axis',(1.,0.,0.));
#14631=DIRECTION('ref_axis',(0.,1.,0.));
#14632=DIRECTION('center_axis',(1.,0.,0.));
#14633=DIRECTION('ref_axis',(0.,1.,0.));
#14634=DIRECTION('',(0.,1.,0.));
#14635=DIRECTION('',(0.,0.,1.));
#14636=DIRECTION('',(0.,1.,0.));
#14637=DIRECTION('',(0.,0.787371242957719,-0.616479136519004));
#14638=DIRECTION('',(0.,1.,0.));
#14639=DIRECTION('',(0.,-0.994521895368273,0.104528463267653));
#14640=DIRECTION('',(0.,-0.104528463267653,-0.994521895368273));
#14641=DIRECTION('center_axis',(-1.,0.,0.));
#14642=DIRECTION('ref_axis',(0.,-1.,0.));
#14643=DIRECTION('',(0.,0.104528463267653,0.994521895368273));
#14644=DIRECTION('',(0.,0.994521895368273,-0.104528463267653));
#14645=DIRECTION('',(0.,-1.,0.));
#14646=DIRECTION('',(0.,-0.787371242957719,0.616479136519004));
#14647=DIRECTION('',(0.,-1.,0.));
#14648=DIRECTION('',(0.,0.,1.));
#14649=DIRECTION('',(0.,-1.,0.));
#14650=DIRECTION('center_axis',(0.,0.994521895368273,-0.104528463267653));
#14651=DIRECTION('ref_axis',(0.,0.104528463267653,0.994521895368273));
#14652=DIRECTION('',(1.,0.,0.));
#14653=DIRECTION('center_axis',(0.,0.,1.));
#14654=DIRECTION('ref_axis',(0.,-1.,0.));
#14655=DIRECTION('',(0.,1.,0.));
#14656=DIRECTION('',(1.,0.,0.));
#14657=DIRECTION('',(0.,-1.,0.));
#14658=DIRECTION('',(-1.,0.,0.));
#14659=DIRECTION('',(1.,0.,0.));
#14660=DIRECTION('',(-1.,0.,0.));
#14661=DIRECTION('center_axis',(0.,0.616479136519004,0.787371242957719));
#14662=DIRECTION('ref_axis',(0.,-0.787371242957719,0.616479136519004));
#14663=DIRECTION('',(-1.,0.,0.));
#14664=DIRECTION('center_axis',(0.,-0.603480485474379,0.797377767216774));
#14665=DIRECTION('ref_axis',(0.,-0.797377767216774,-0.603480485474379));
#14666=DIRECTION('',(0.,0.797377767216774,0.603480485474379));
#14667=DIRECTION('',(1.,0.,0.));
#14668=DIRECTION('',(0.,-0.797377767216774,-0.603480485474379));
#14669=DIRECTION('',(1.,0.,0.));
#14670=DIRECTION('center_axis',(0.,0.,1.));
#14671=DIRECTION('ref_axis',(0.,-1.,0.));
#14672=DIRECTION('',(0.,1.,0.));
#14673=DIRECTION('',(0.,-1.,0.));
#14674=DIRECTION('',(1.,0.,0.));
#14675=DIRECTION('center_axis',(0.,0.104528463267653,0.994521895368273));
#14676=DIRECTION('ref_axis',(0.,-0.994521895368273,0.104528463267653));
#14677=DIRECTION('',(0.,0.994521895368273,-0.104528463267653));
#14678=DIRECTION('',(0.,-0.994521895368273,0.104528463267653));
#14679=DIRECTION('center_axis',(0.,1.,0.));
#14680=DIRECTION('ref_axis',(-1.,0.,0.));
#14681=DIRECTION('',(-1.,0.,0.));
#14682=DIRECTION('',(0.,0.,1.));
#14683=DIRECTION('center_axis',(-1.,0.,0.));
#14684=DIRECTION('ref_axis',(0.,-1.,0.));
#14685=DIRECTION('',(0.,-1.,0.));
#14686=DIRECTION('',(0.,0.,1.));
#14687=DIRECTION('',(0.,-1.,0.));
#14688=DIRECTION('',(0.,0.,1.));
#14689=DIRECTION('center_axis',(0.,0.,1.));
#14690=DIRECTION('ref_axis',(1.,0.,0.));
#14691=DIRECTION('',(0.,1.,0.));
#14692=DIRECTION('',(-1.,0.,0.));
#14693=DIRECTION('center_axis',(0.,0.,1.));
#14694=DIRECTION('ref_axis',(1.,0.,0.));
#14695=DIRECTION('',(1.,0.,0.));
#14696=DIRECTION('center_axis',(1.,0.,0.));
#14697=DIRECTION('ref_axis',(0.,1.,0.));
#14698=DIRECTION('',(0.,1.,0.));
#14699=DIRECTION('',(0.,0.,1.));
#14700=DIRECTION('center_axis',(0.,-1.,0.));
#14701=DIRECTION('ref_axis',(1.,0.,0.));
#14702=DIRECTION('',(1.,0.,0.));
#14703=DIRECTION('center_axis',(0.,1.,0.));
#14704=DIRECTION('ref_axis',(-1.,0.,0.));
#14705=DIRECTION('',(-1.,0.,0.));
#14706=DIRECTION('center_axis',(0.,0.,1.));
#14707=DIRECTION('ref_axis',(1.,0.,0.));
#14708=DIRECTION('center_axis',(0.,-0.104528463267653,-0.994521895368273));
#14709=DIRECTION('ref_axis',(0.,0.994521895368273,-0.104528463267653));
#14710=DIRECTION('center_axis',(0.,0.,1.));
#14711=DIRECTION('ref_axis',(1.,0.,0.));
#14712=DIRECTION('center_axis',(0.,0.,1.));
#14713=DIRECTION('ref_axis',(1.,0.,0.));
#14714=DIRECTION('',(0.,0.,-1.));
#14715=DIRECTION('center_axis',(0.,0.,-1.));
#14716=DIRECTION('ref_axis',(1.,0.,0.));
#14717=DIRECTION('center_axis',(0.,0.,1.));
#14718=DIRECTION('ref_axis',(1.,0.,0.));
#14719=DIRECTION('center_axis',(0.,-0.104528463267653,-0.994521895368273));
#14720=DIRECTION('ref_axis',(0.,0.994521895368273,-0.104528463267653));
#14721=DIRECTION('',(0.,-0.994521895368273,0.104528463267653));
#14722=DIRECTION('',(1.,0.,0.));
#14723=DIRECTION('',(0.,0.994521895368273,-0.104528463267653));
#14724=DIRECTION('',(1.,0.,0.));
#14725=DIRECTION('center_axis',(0.,0.994521895368273,-0.104528463267653));
#14726=DIRECTION('ref_axis',(0.,0.104528463267653,0.994521895368273));
#14727=DIRECTION('',(0.,-0.104528463267653,-0.994521895368273));
#14728=DIRECTION('',(0.,0.104528463267653,0.994521895368273));
#14729=DIRECTION('',(-1.,0.,0.));
#14730=DIRECTION('center_axis',(0.,0.,1.));
#14731=DIRECTION('ref_axis',(0.,-1.,0.));
#14732=DIRECTION('',(0.,1.,0.));
#14733=DIRECTION('',(1.,0.,0.));
#14734=DIRECTION('',(0.,-1.,0.));
#14735=DIRECTION('',(-1.,0.,0.));
#14736=DIRECTION('',(0.,-1.,0.));
#14737=DIRECTION('',(1.,0.,0.));
#14738=DIRECTION('',(0.,1.,0.));
#14739=DIRECTION('',(-1.,0.,0.));
#14740=DIRECTION('center_axis',(0.,0.616479136519004,0.787371242957719));
#14741=DIRECTION('ref_axis',(0.,-0.787371242957719,0.616479136519004));
#14742=DIRECTION('',(0.,0.787371242957719,-0.616479136519004));
#14743=DIRECTION('',(0.,-0.787371242957719,0.616479136519004));
#14744=DIRECTION('',(-1.,0.,0.));
#14745=DIRECTION('center_axis',(0.,-0.603480485474379,0.797377767216774));
#14746=DIRECTION('ref_axis',(0.,-0.797377767216774,-0.603480485474379));
#14747=DIRECTION('',(0.,0.797377767216774,0.603480485474379));
#14748=DIRECTION('',(1.,0.,0.));
#14749=DIRECTION('',(0.,-0.797377767216774,-0.603480485474379));
#14750=DIRECTION('',(1.,0.,0.));
#14751=DIRECTION('center_axis',(0.,0.,1.));
#14752=DIRECTION('ref_axis',(0.,-1.,0.));
#14753=DIRECTION('',(0.,1.,0.));
#14754=DIRECTION('',(0.,-1.,0.));
#14755=DIRECTION('',(1.,0.,0.));
#14756=DIRECTION('center_axis',(0.,0.104528463267653,0.994521895368273));
#14757=DIRECTION('ref_axis',(0.,-0.994521895368273,0.104528463267653));
#14758=DIRECTION('',(0.,0.994521895368273,-0.104528463267653));
#14759=DIRECTION('',(0.,-0.994521895368273,0.104528463267653));
#14760=DIRECTION('center_axis',(0.,1.,0.));
#14761=DIRECTION('ref_axis',(-1.,0.,0.));
#14762=DIRECTION('',(0.,0.,1.));
#14763=DIRECTION('',(-1.,0.,0.));
#14764=DIRECTION('',(0.,0.,1.));
#14765=DIRECTION('center_axis',(-1.,0.,0.));
#14766=DIRECTION('ref_axis',(0.,-1.,0.));
#14767=DIRECTION('',(0.,1.,0.));
#14768=DIRECTION('',(0.,0.,1.));
#14769=DIRECTION('',(0.,-1.,0.));
#14770=DIRECTION('',(0.,0.,1.));
#14771=DIRECTION('center_axis',(0.,0.,1.));
#14772=DIRECTION('ref_axis',(1.,0.,0.));
#14773=DIRECTION('',(0.,-1.,0.));
#14774=DIRECTION('',(-1.,0.,0.));
#14775=DIRECTION('center_axis',(0.,0.,1.));
#14776=DIRECTION('ref_axis',(1.,0.,0.));
#14777=DIRECTION('',(0.,1.,0.));
#14778=DIRECTION('',(0.,-1.,0.));
#14779=DIRECTION('center_axis',(0.,-1.,0.));
#14780=DIRECTION('ref_axis',(1.,0.,0.));
#14781=DIRECTION('',(0.,0.,1.));
#14782=DIRECTION('',(1.,0.,0.));
#14783=DIRECTION('center_axis',(0.,1.,0.));
#14784=DIRECTION('ref_axis',(-1.,0.,0.));
#14785=DIRECTION('',(-1.,0.,0.));
#14786=DIRECTION('',(0.,0.,1.));
#14787=DIRECTION('center_axis',(1.,0.,0.));
#14788=DIRECTION('ref_axis',(0.,1.,0.));
#14789=DIRECTION('',(0.,1.,0.));
#14790=DIRECTION('center_axis',(0.,0.,1.));
#14791=DIRECTION('ref_axis',(1.,0.,0.));
#14792=DIRECTION('',(0.,1.,0.));
#14793=DIRECTION('',(-1.,0.,0.));
#14794=DIRECTION('',(0.,-1.,0.));
#14795=DIRECTION('center_axis',(1.,0.,0.));
#14796=DIRECTION('ref_axis',(0.,1.,0.));
#14797=DIRECTION('',(0.,1.,0.));
#14798=DIRECTION('',(0.,0.,-1.));
#14799=DIRECTION('',(0.,1.,0.));
#14800=DIRECTION('',(0.,0.,-1.));
#14801=DIRECTION('',(0.,0.90630778703665,-0.4226182617407));
#14802=DIRECTION('center_axis',(1.,0.,0.));
#14803=DIRECTION('ref_axis',(0.,1.,0.));
#14804=DIRECTION('center_axis',(-1.,0.,0.));
#14805=DIRECTION('ref_axis',(0.,-1.,0.));
#14806=DIRECTION('',(0.,-0.90630778703665,0.4226182617407));
#14807=DIRECTION('',(0.,0.,1.));
#14808=DIRECTION('',(0.,-1.,0.));
#14809=DIRECTION('',(0.,0.,1.));
#14810=DIRECTION('',(0.,1.,0.));
#14811=DIRECTION('center_axis',(1.,0.,0.));
#14812=DIRECTION('ref_axis',(0.,1.,0.));
#14813=DIRECTION('center_axis',(1.,0.,0.));
#14814=DIRECTION('ref_axis',(0.,1.,0.));
#14815=DIRECTION('',(1.,0.,0.));
#14816=DIRECTION('center_axis',(0.,0.,1.));
#14817=DIRECTION('ref_axis',(1.,0.,0.));
#14818=DIRECTION('',(1.,0.,0.));
#14819=DIRECTION('center_axis',(0.,1.,0.));
#14820=DIRECTION('ref_axis',(0.,0.,1.));
#14821=DIRECTION('',(1.,0.,0.));
#14822=DIRECTION('center_axis',(0.,0.,1.));
#14823=DIRECTION('ref_axis',(0.,-1.,0.));
#14824=DIRECTION('',(1.,0.,0.));
#14825=DIRECTION('center_axis',(0.,0.4226182617407,0.90630778703665));
#14826=DIRECTION('ref_axis',(0.,-0.90630778703665,0.4226182617407));
#14827=DIRECTION('',(1.,0.,0.));
#14828=DIRECTION('center_axis',(0.,1.,0.));
#14829=DIRECTION('ref_axis',(0.,0.,1.));
#14830=DIRECTION('center_axis',(0.,0.,1.));
#14831=DIRECTION('ref_axis',(1.,0.,0.));
#14832=DIRECTION('center_axis',(0.,0.,1.));
#14833=DIRECTION('ref_axis',(1.,0.,0.));
#14834=DIRECTION('',(0.,0.,-1.));
#14835=DIRECTION('center_axis',(0.,0.,-1.));
#14836=DIRECTION('ref_axis',(1.,0.,0.));
#14837=DIRECTION('center_axis',(0.,0.,1.));
#14838=DIRECTION('ref_axis',(1.,0.,0.));
#14839=DIRECTION('center_axis',(0.,1.,0.));
#14840=DIRECTION('ref_axis',(0.,0.,1.));
#14841=DIRECTION('',(0.,0.,-1.));
#14842=DIRECTION('',(1.,0.,0.));
#14843=DIRECTION('',(0.,0.,1.));
#14844=DIRECTION('',(1.,0.,0.));
#14845=DIRECTION('center_axis',(0.,0.4226182617407,0.90630778703665));
#14846=DIRECTION('ref_axis',(0.,-0.90630778703665,0.4226182617407));
#14847=DIRECTION('',(0.,0.90630778703665,-0.4226182617407));
#14848=DIRECTION('',(0.,-0.90630778703665,0.4226182617407));
#14849=DIRECTION('',(-1.,0.,0.));
#14850=DIRECTION('center_axis',(0.,0.,1.));
#14851=DIRECTION('ref_axis',(0.,-1.,0.));
#14852=DIRECTION('',(0.,1.,0.));
#14853=DIRECTION('',(1.,0.,0.));
#14854=DIRECTION('',(0.,-1.,0.));
#14855=DIRECTION('center_axis',(0.,1.,0.));
#14856=DIRECTION('ref_axis',(0.,0.,1.));
#14857=DIRECTION('',(0.,0.,-1.));
#14858=DIRECTION('',(1.,0.,0.));
#14859=DIRECTION('',(0.,0.,1.));
#14860=DIRECTION('center_axis',(0.,0.,1.));
#14861=DIRECTION('ref_axis',(1.,0.,0.));
#14862=DIRECTION('',(0.,-1.,0.));
#14863=DIRECTION('',(-1.,0.,0.));
#14864=DIRECTION('',(0.,1.,0.));
#14865=DIRECTION('center_axis',(1.,0.,0.));
#14866=DIRECTION('ref_axis',(0.,1.,0.));
#14867=DIRECTION('center_axis',(1.,0.,0.));
#14868=DIRECTION('ref_axis',(0.,1.,0.));
#14869=DIRECTION('',(1.,0.,0.));
#14870=DIRECTION('center_axis',(1.,0.,0.));
#14871=DIRECTION('ref_axis',(0.,1.,0.));
#14872=DIRECTION('center_axis',(0.,1.,0.));
#14873=DIRECTION('ref_axis',(-1.,0.,0.));
#14874=DIRECTION('',(0.,0.,1.));
#14875=DIRECTION('',(-1.,0.,0.));
#14876=DIRECTION('',(0.,0.,1.));
#14877=DIRECTION('center_axis',(-1.,0.,0.));
#14878=DIRECTION('ref_axis',(0.,-1.,0.));
#14879=DIRECTION('',(0.,0.104528463267653,0.994521895368273));
#14880=DIRECTION('',(0.,0.994521895368273,-0.104528463267653));
#14881=DIRECTION('',(0.,-0.104528463267653,-0.994521895368273));
#14882=DIRECTION('',(0.,0.,1.));
#14883=DIRECTION('',(0.,-0.994282981187272,-0.106777119840121));
#14884=DIRECTION('',(0.,-0.994521895368273,0.104528463267655));
#14885=DIRECTION('',(0.,0.,-1.));
#14886=DIRECTION('',(0.,1.,0.));
#14887=DIRECTION('',(0.,0.,1.));
#14888=DIRECTION('',(0.,-0.52999894000318,-0.847998304005088));
#14889=DIRECTION('',(0.,-1.,0.));
#14890=DIRECTION('center_axis',(0.,-1.,0.));
#14891=DIRECTION('ref_axis',(1.,0.,0.));
#14892=DIRECTION('',(1.,0.,0.));
#14893=DIRECTION('',(-1.,0.,0.));
#14894=DIRECTION('',(0.,0.,1.));
#14895=DIRECTION('center_axis',(1.,0.,0.));
#14896=DIRECTION('ref_axis',(0.,1.,0.));
#14897=DIRECTION('',(0.,1.,0.));
#14898=DIRECTION('',(0.,0.52999894000318,0.847998304005088));
#14899=DIRECTION('',(0.,-1.,0.));
#14900=DIRECTION('',(0.,0.,1.));
#14901=DIRECTION('',(0.,0.994521895368273,-0.104528463267655));
#14902=DIRECTION('',(0.,0.994282981187272,0.106777119840121));
#14903=DIRECTION('',(0.,0.,-1.));
#14904=DIRECTION('',(0.,0.104528463267653,0.994521895368273));
#14905=DIRECTION('',(0.,-0.994521895368273,0.104528463267653));
#14906=DIRECTION('',(0.,-0.104528463267653,-0.994521895368273));
#14907=DIRECTION('center_axis',(0.,0.,1.));
#14908=DIRECTION('ref_axis',(1.,0.,0.));
#14909=DIRECTION('',(-1.,0.,0.));
#14910=DIRECTION('center_axis',(0.,-0.847998304005088,0.52999894000318));
#14911=DIRECTION('ref_axis',(1.,0.,0.));
#14912=DIRECTION('center_axis',(0.,0.,1.));
#14913=DIRECTION('ref_axis',(1.,0.,0.));
#14914=DIRECTION('',(1.,0.,0.));
#14915=DIRECTION('center_axis',(0.,1.,0.));
#14916=DIRECTION('ref_axis',(0.,0.,1.));
#14917=DIRECTION('',(-1.,0.,0.));
#14918=DIRECTION('',(1.,0.,0.));
#14919=DIRECTION('center_axis',(0.,-0.106777119840121,0.994282981187272));
#14920=DIRECTION('ref_axis',(0.,-0.994282981187272,-0.106777119840121));
#14921=DIRECTION('',(1.,0.,0.));
#14922=DIRECTION('center_axis',(0.,-1.,0.));
#14923=DIRECTION('ref_axis',(0.,0.,-1.));
#14924=DIRECTION('',(1.,0.,0.));
#14925=DIRECTION('center_axis',(0.,0.104528463267655,0.994521895368273));
#14926=DIRECTION('ref_axis',(0.,-0.994521895368273,0.104528463267655));
#14927=DIRECTION('center_axis',(0.,-0.994521895368273,0.104528463267653));
#14928=DIRECTION('ref_axis',(0.,-0.104528463267653,-0.994521895368273));
#14929=DIRECTION('',(1.,0.,0.));
#14930=DIRECTION('center_axis',(0.,-0.104528463267653,-0.994521895368273));
#14931=DIRECTION('ref_axis',(0.,0.994521895368273,-0.104528463267653));
#14932=DIRECTION('',(1.,0.,0.));
#14933=DIRECTION('center_axis',(0.,0.994521895368273,-0.104528463267653));
#14934=DIRECTION('ref_axis',(0.,0.104528463267653,0.994521895368273));
#14935=DIRECTION('center_axis',(0.,0.,1.));
#14936=DIRECTION('ref_axis',(1.,0.,0.));
#14937=DIRECTION('center_axis',(0.,0.,1.));
#14938=DIRECTION('ref_axis',(1.,0.,0.));
#14939=DIRECTION('',(0.,0.,-1.));
#14940=DIRECTION('center_axis',(0.,0.,-1.));
#14941=DIRECTION('ref_axis',(1.,0.,0.));
#14942=DIRECTION('center_axis',(0.,0.,1.));
#14943=DIRECTION('ref_axis',(1.,0.,0.));
#14944=DIRECTION('center_axis',(0.,-0.104528463267653,-0.994521895368273));
#14945=DIRECTION('ref_axis',(0.,0.994521895368273,-0.104528463267653));
#14946=DIRECTION('',(0.,-0.994521895368273,0.104528463267653));
#14947=DIRECTION('',(1.,0.,0.));
#14948=DIRECTION('',(0.,0.994521895368273,-0.104528463267653));
#14949=DIRECTION('',(1.,0.,0.));
#14950=DIRECTION('center_axis',(0.,0.994521895368273,-0.104528463267653));
#14951=DIRECTION('ref_axis',(0.,0.104528463267653,0.994521895368273));
#14952=DIRECTION('',(0.,-0.104528463267653,-0.994521895368273));
#14953=DIRECTION('',(0.,0.104528463267653,0.994521895368273));
#14954=DIRECTION('',(-1.,0.,0.));
#14955=DIRECTION('center_axis',(0.,0.,1.));
#14956=DIRECTION('ref_axis',(1.,0.,0.));
#14957=DIRECTION('',(0.,1.,0.));
#14958=DIRECTION('',(-1.,0.,0.));
#14959=DIRECTION('',(0.,-1.,0.));
#14960=DIRECTION('center_axis',(0.,0.,1.));
#14961=DIRECTION('ref_axis',(0.,-1.,0.));
#14962=DIRECTION('',(0.,1.,0.));
#14963=DIRECTION('',(1.,0.,0.));
#14964=DIRECTION('',(0.,-1.,0.));
#14965=DIRECTION('',(-1.,0.,0.));
#14966=DIRECTION('',(0.,-1.,0.));
#14967=DIRECTION('',(1.,0.,0.));
#14968=DIRECTION('center_axis',(0.,0.616479136519004,0.787371242957719));
#14969=DIRECTION('ref_axis',(0.,-0.787371242957719,0.616479136519004));
#14970=DIRECTION('',(0.,0.787371242957719,-0.616479136519004));
#14971=DIRECTION('',(0.,-0.787371242957719,0.616479136519004));
#14972=DIRECTION('center_axis',(0.,-0.603480485474379,0.797377767216774));
#14973=DIRECTION('ref_axis',(0.,-0.797377767216774,-0.603480485474379));
#14974=DIRECTION('',(0.,0.797377767216774,0.603480485474379));
#14975=DIRECTION('',(1.,0.,0.));
#14976=DIRECTION('',(0.,-0.797377767216774,-0.603480485474379));
#14977=DIRECTION('',(1.,0.,0.));
#14978=DIRECTION('center_axis',(0.,0.,1.));
#14979=DIRECTION('ref_axis',(0.,-1.,0.));
#14980=DIRECTION('',(0.,1.,0.));
#14981=DIRECTION('',(0.,-1.,0.));
#14982=DIRECTION('',(1.,0.,0.));
#14983=DIRECTION('center_axis',(0.,0.104528463267653,0.994521895368273));
#14984=DIRECTION('ref_axis',(0.,-0.994521895368273,0.104528463267653));
#14985=DIRECTION('',(0.,0.994521895368273,-0.104528463267653));
#14986=DIRECTION('',(0.,-0.994521895368273,0.104528463267653));
#14987=DIRECTION('center_axis',(-1.,0.,0.));
#14988=DIRECTION('ref_axis',(0.,-1.,0.));
#14989=DIRECTION('',(0.,-1.,0.));
#14990=DIRECTION('',(0.,0.,1.));
#14991=DIRECTION('',(0.,-1.,0.));
#14992=DIRECTION('',(0.,0.,1.));
#14993=DIRECTION('center_axis',(0.,0.,1.));
#14994=DIRECTION('ref_axis',(1.,0.,0.));
#14995=DIRECTION('',(0.,1.,0.));
#14996=DIRECTION('',(1.,0.,0.));
#14997=DIRECTION('center_axis',(0.,-1.,0.));
#14998=DIRECTION('ref_axis',(1.,0.,0.));
#14999=DIRECTION('',(0.,0.,1.));
#15000=DIRECTION('',(1.,0.,0.));
#15001=DIRECTION('center_axis',(0.,1.,0.));
#15002=DIRECTION('ref_axis',(-1.,0.,0.));
#15003=DIRECTION('',(-1.,0.,0.));
#15004=DIRECTION('',(0.,0.,1.));
#15005=DIRECTION('center_axis',(1.,0.,0.));
#15006=DIRECTION('ref_axis',(0.,1.,0.));
#15007=DIRECTION('',(0.,1.,0.));
#15008=DIRECTION('',(0.,1.,0.));
#15009=DIRECTION('',(0.,0.,-1.));
#15010=DIRECTION('',(0.,1.,0.));
#15011=DIRECTION('',(0.,0.,-1.));
#15012=DIRECTION('',(0.,0.90630778703665,-0.4226182617407));
#15013=DIRECTION('center_axis',(1.,0.,0.));
#15014=DIRECTION('ref_axis',(0.,1.,0.));
#15015=DIRECTION('center_axis',(0.,0.,1.));
#15016=DIRECTION('ref_axis',(1.,0.,0.));
#15017=DIRECTION('',(-1.,0.,0.));
#15018=DIRECTION('',(0.,-1.,0.));
#15019=DIRECTION('center_axis',(-1.,0.,0.));
#15020=DIRECTION('ref_axis',(0.,-1.,0.));
#15021=DIRECTION('',(0.,-0.90630778703665,0.4226182617407));
#15022=DIRECTION('',(0.,0.,1.));
#15023=DIRECTION('',(0.,-1.,0.));
#15024=DIRECTION('',(0.,0.,1.));
#15025=DIRECTION('',(0.,1.,0.));
#15026=DIRECTION('center_axis',(1.,0.,0.));
#15027=DIRECTION('ref_axis',(0.,1.,0.));
#15028=DIRECTION('center_axis',(1.,0.,0.));
#15029=DIRECTION('ref_axis',(0.,1.,0.));
#15030=DIRECTION('',(1.,0.,0.));
#15031=DIRECTION('center_axis',(0.,0.,1.));
#15032=DIRECTION('ref_axis',(1.,0.,0.));
#15033=DIRECTION('',(1.,0.,0.));
#15034=DIRECTION('center_axis',(0.,1.,0.));
#15035=DIRECTION('ref_axis',(0.,0.,1.));
#15036=DIRECTION('',(1.,0.,0.));
#15037=DIRECTION('center_axis',(0.,0.,1.));
#15038=DIRECTION('ref_axis',(0.,-1.,0.));
#15039=DIRECTION('',(1.,0.,0.));
#15040=DIRECTION('center_axis',(0.,0.4226182617407,0.90630778703665));
#15041=DIRECTION('ref_axis',(0.,-0.90630778703665,0.4226182617407));
#15042=DIRECTION('',(1.,0.,0.));
#15043=DIRECTION('center_axis',(0.,1.,0.));
#15044=DIRECTION('ref_axis',(0.,0.,1.));
#15045=DIRECTION('center_axis',(0.,0.,1.));
#15046=DIRECTION('ref_axis',(1.,0.,0.));
#15047=DIRECTION('center_axis',(0.,0.,1.));
#15048=DIRECTION('ref_axis',(1.,0.,0.));
#15049=DIRECTION('',(0.,0.,-1.));
#15050=DIRECTION('center_axis',(0.,0.,-1.));
#15051=DIRECTION('ref_axis',(1.,0.,0.));
#15052=DIRECTION('center_axis',(0.,0.,1.));
#15053=DIRECTION('ref_axis',(1.,0.,0.));
#15054=DIRECTION('center_axis',(-1.,0.,0.));
#15055=DIRECTION('ref_axis',(0.,-1.,0.));
#15056=DIRECTION('',(0.,0.90630778703665,-0.4226182617407));
#15057=DIRECTION('',(0.,0.,1.));
#15058=DIRECTION('center_axis',(1.,0.,0.));
#15059=DIRECTION('ref_axis',(0.,1.,0.));
#15060=DIRECTION('',(0.,0.,1.));
#15061=DIRECTION('',(0.,-1.,0.));
#15062=DIRECTION('',(0.,0.,-1.));
#15063=DIRECTION('',(0.,1.,0.));
#15064=DIRECTION('',(0.,0.,-1.));
#15065=DIRECTION('center_axis',(1.,0.,0.));
#15066=DIRECTION('ref_axis',(0.,1.,0.));
#15067=DIRECTION('',(0.,-0.90630778703665,0.4226182617407));
#15068=DIRECTION('',(0.,0.,1.));
#15069=DIRECTION('',(0.,-1.,0.));
#15070=DIRECTION('',(0.,0.,1.));
#15071=DIRECTION('',(0.,1.,0.));
#15072=DIRECTION('',(0.,0.,1.));
#15073=DIRECTION('center_axis',(-1.,0.,0.));
#15074=DIRECTION('ref_axis',(0.,1.,0.));
#15075=DIRECTION('',(0.,0.,1.));
#15076=DIRECTION('center_axis',(0.,0.,1.));
#15077=DIRECTION('ref_axis',(0.,-1.,0.));
#15078=DIRECTION('',(1.,0.,0.));
#15079=DIRECTION('',(1.,0.,0.));
#15080=DIRECTION('center_axis',(0.,1.,0.));
#15081=DIRECTION('ref_axis',(0.,0.,1.));
#15082=DIRECTION('',(1.,0.,0.));
#15083=DIRECTION('center_axis',(0.,0.,1.));
#15084=DIRECTION('ref_axis',(1.,0.,0.));
#15085=DIRECTION('',(1.,0.,0.));
#15086=DIRECTION('center_axis',(0.,0.4226182617407,0.90630778703665));
#15087=DIRECTION('ref_axis',(0.,-0.90630778703665,0.4226182617407));
#15088=DIRECTION('',(1.,0.,0.));
#15089=DIRECTION('',(1.,0.,0.));
#15090=DIRECTION('center_axis',(0.,-1.,0.));
#15091=DIRECTION('ref_axis',(0.,0.,-1.));
#15092=DIRECTION('',(1.,0.,0.));
#15093=DIRECTION('center_axis',(0.,-1.,0.));
#15094=DIRECTION('ref_axis',(0.,0.,-1.));
#15095=DIRECTION('',(1.,0.,0.));
#15096=DIRECTION('center_axis',(0.,1.,0.));
#15097=DIRECTION('ref_axis',(0.,0.,1.));
#15098=DIRECTION('center_axis',(1.,0.,0.));
#15099=DIRECTION('ref_axis',(0.,1.,0.));
#15100=DIRECTION('center_axis',(0.,-0.104528463267653,-0.994521895368273));
#15101=DIRECTION('ref_axis',(0.,0.994521895368273,-0.104528463267653));
#15102=DIRECTION('',(0.,-0.994521895368273,0.104528463267653));
#15103=DIRECTION('',(1.,0.,0.));
#15104=DIRECTION('',(0.,0.994521895368273,-0.104528463267653));
#15105=DIRECTION('',(1.,0.,0.));
#15106=DIRECTION('center_axis',(0.,0.994521895368273,-0.104528463267653));
#15107=DIRECTION('ref_axis',(0.,0.104528463267653,0.994521895368273));
#15108=DIRECTION('',(0.,-0.104528463267653,-0.994521895368273));
#15109=DIRECTION('',(0.,0.104528463267653,0.994521895368273));
#15110=DIRECTION('',(-1.,0.,0.));
#15111=DIRECTION('center_axis',(0.,0.,1.));
#15112=DIRECTION('ref_axis',(1.,0.,0.));
#15113=DIRECTION('',(0.,-1.,0.));
#15114=DIRECTION('',(0.999999986657288,-0.000163356735344095,0.));
#15115=DIRECTION('',(0.,1.,0.));
#15116=DIRECTION('center_axis',(0.,0.,1.));
#15117=DIRECTION('ref_axis',(0.,-1.,0.));
#15118=DIRECTION('',(0.,1.,0.));
#15119=DIRECTION('',(1.,0.,0.));
#15120=DIRECTION('',(0.,-1.,0.));
#15121=DIRECTION('',(-1.,0.,0.));
#15122=DIRECTION('',(0.,-1.,0.));
#15123=DIRECTION('',(1.,0.,0.));
#15124=DIRECTION('',(0.,1.,0.));
#15125=DIRECTION('',(-1.,0.,0.));
#15126=DIRECTION('center_axis',(0.,0.616479136519004,0.787371242957719));
#15127=DIRECTION('ref_axis',(0.,-0.787371242957719,0.616479136519004));
#15128=DIRECTION('',(0.,0.787371242957719,-0.616479136519004));
#15129=DIRECTION('',(0.,-0.787371242957719,0.616479136519004));
#15130=DIRECTION('',(-1.,0.,0.));
#15131=DIRECTION('center_axis',(0.,-0.603480485474379,0.797377767216774));
#15132=DIRECTION('ref_axis',(0.,-0.797377767216774,-0.603480485474379));
#15133=DIRECTION('',(0.,0.797377767216774,0.603480485474379));
#15134=DIRECTION('',(1.,0.,0.));
#15135=DIRECTION('',(0.,-0.797377767216774,-0.603480485474379));
#15136=DIRECTION('',(1.,0.,0.));
#15137=DIRECTION('center_axis',(0.,0.,1.));
#15138=DIRECTION('ref_axis',(0.,-1.,0.));
#15139=DIRECTION('',(0.,1.,0.));
#15140=DIRECTION('',(0.,-1.,0.));
#15141=DIRECTION('',(1.,0.,0.));
#15142=DIRECTION('center_axis',(0.,0.104528463267653,0.994521895368273));
#15143=DIRECTION('ref_axis',(0.,-0.994521895368273,0.104528463267653));
#15144=DIRECTION('',(0.,0.994521895368273,-0.104528463267653));
#15145=DIRECTION('',(0.,-0.994521895368273,0.104528463267653));
#15146=DIRECTION('center_axis',(0.,1.,0.));
#15147=DIRECTION('ref_axis',(-1.,0.,0.));
#15148=DIRECTION('',(0.,0.,1.));
#15149=DIRECTION('',(-1.,0.,0.));
#15150=DIRECTION('',(0.,0.,1.));
#15151=DIRECTION('center_axis',(1.,0.,0.));
#15152=DIRECTION('ref_axis',(0.,1.,0.));
#15153=DIRECTION('center_axis',(-1.,0.,0.));
#15154=DIRECTION('ref_axis',(0.,1.,0.));
#15155=DIRECTION('',(0.,0.,1.));
#15156=DIRECTION('',(0.,1.,0.));
#15157=DIRECTION('',(0.,1.,0.));
#15158=DIRECTION('',(0.,0.,1.));
#15159=DIRECTION('center_axis',(-1.,0.,0.));
#15160=DIRECTION('ref_axis',(0.,-1.,0.));
#15161=DIRECTION('',(0.,1.,0.));
#15162=DIRECTION('',(0.,0.,1.));
#15163=DIRECTION('',(0.,-1.,0.));
#15164=DIRECTION('',(0.,0.,1.));
#15165=DIRECTION('center_axis',(0.,0.,1.));
#15166=DIRECTION('ref_axis',(1.,0.,0.));
#15167=DIRECTION('',(0.,1.,0.));
#15168=DIRECTION('',(-1.,0.,0.));
#15169=DIRECTION('',(0.,-1.,0.));
#15170=DIRECTION('',(-1.,0.,0.));
#15171=DIRECTION('center_axis',(0.,0.,1.));
#15172=DIRECTION('ref_axis',(1.,0.,0.));
#15173=DIRECTION('',(0.,-1.,0.));
#15174=DIRECTION('center_axis',(-1.,0.,0.));
#15175=DIRECTION('ref_axis',(0.,-1.,0.));
#15176=DIRECTION('center_axis',(1.,0.,0.));
#15177=DIRECTION('ref_axis',(0.,1.,0.));
#15178=DIRECTION('',(0.,0.,1.));
#15179=DIRECTION('',(0.,0.,1.));
#15180=DIRECTION('',(0.,-1.,0.));
#15181=DIRECTION('',(0.,0.,1.));
#15182=DIRECTION('center_axis',(1.,0.,0.));
#15183=DIRECTION('ref_axis',(0.,1.,0.));
#15184=DIRECTION('',(0.,1.,0.));
#15185=DIRECTION('',(0.,0.,1.));
#15186=DIRECTION('center_axis',(0.,1.,0.));
#15187=DIRECTION('ref_axis',(-1.,0.,0.));
#15188=DIRECTION('',(-1.,0.,0.));
#15189=DIRECTION('',(0.,0.,1.));
#15190=DIRECTION('center_axis',(1.,0.,0.));
#15191=DIRECTION('ref_axis',(0.,1.,0.));
#15192=DIRECTION('',(0.,1.,0.));
#15193=DIRECTION('',(0.,0.,1.));
#15194=DIRECTION('center_axis',(0.,-1.,0.));
#15195=DIRECTION('ref_axis',(1.,0.,0.));
#15196=DIRECTION('',(1.,0.,0.));
#15197=DIRECTION('center_axis',(0.,1.,0.));
#15198=DIRECTION('ref_axis',(-1.,0.,0.));
#15199=DIRECTION('',(-1.,0.,0.));
#15200=DIRECTION('center_axis',(0.,0.,1.));
#15201=DIRECTION('ref_axis',(1.,0.,0.));
#15202=DIRECTION('',(-0.999999986657288,0.000163356735344095,0.));
#15203=DIRECTION('center_axis',(0.000163356735344095,0.999999986657288,
0.));
#15204=DIRECTION('ref_axis',(-0.999999986657288,0.000163356735344095,0.));
#15205=DIRECTION('',(-0.999999986657288,0.000163356735344095,2.98575939815685E-8));
#15206=DIRECTION('center_axis',(0.000163356735344095,0.999999986657288,
0.));
#15207=DIRECTION('ref_axis',(-0.999999986657288,0.000163356735344095,0.));
#15208=DIRECTION('',(0.999999986657288,-0.000163356735344095,2.98575940807955E-8));
#15209=DIRECTION('center_axis',(1.,0.,0.));
#15210=DIRECTION('ref_axis',(0.,-1.,1.22464679914735E-16));
#15211=DIRECTION('center_axis',(0.,0.,1.));
#15212=DIRECTION('ref_axis',(1.,0.,0.));
#15213=DIRECTION('center_axis',(0.,0.,1.));
#15214=DIRECTION('ref_axis',(1.,0.,0.));
#15215=DIRECTION('',(0.,0.,-1.));
#15216=DIRECTION('center_axis',(0.,0.,-1.));
#15217=DIRECTION('ref_axis',(1.,0.,0.));
#15218=DIRECTION('center_axis',(0.,0.,1.));
#15219=DIRECTION('ref_axis',(1.,0.,0.));
#15220=DIRECTION('center_axis',(0.,-0.104528463267653,-0.994521895368273));
#15221=DIRECTION('ref_axis',(0.,0.994521895368273,-0.104528463267653));
#15222=DIRECTION('',(0.,-0.994521895368273,0.104528463267653));
#15223=DIRECTION('',(1.,0.,0.));
#15224=DIRECTION('',(0.,0.994521895368273,-0.104528463267653));
#15225=DIRECTION('',(1.,0.,0.));
#15226=DIRECTION('center_axis',(0.,0.994521895368273,-0.104528463267653));
#15227=DIRECTION('ref_axis',(0.,0.104528463267653,0.994521895368273));
#15228=DIRECTION('',(0.,-0.104528463267653,-0.994521895368273));
#15229=DIRECTION('',(0.,0.104528463267653,0.994521895368273));
#15230=DIRECTION('',(-1.,0.,0.));
#15231=DIRECTION('center_axis',(0.,0.,1.));
#15232=DIRECTION('ref_axis',(0.,-1.,0.));
#15233=DIRECTION('',(0.,1.,0.));
#15234=DIRECTION('',(1.,0.,0.));
#15235=DIRECTION('',(0.,-1.,0.));
#15236=DIRECTION('',(1.,0.,0.));
#15237=DIRECTION('',(0.,1.,0.));
#15238=DIRECTION('',(-1.,0.,0.));
#15239=DIRECTION('center_axis',(0.,0.616479136519004,0.787371242957719));
#15240=DIRECTION('ref_axis',(0.,-0.787371242957719,0.616479136519004));
#15241=DIRECTION('',(0.,0.787371242957719,-0.616479136519004));
#15242=DIRECTION('',(0.,-0.787371242957719,0.616479136519004));
#15243=DIRECTION('',(-1.,0.,0.));
#15244=DIRECTION('center_axis',(0.,-0.603480485474379,0.797377767216774));
#15245=DIRECTION('ref_axis',(0.,-0.797377767216774,-0.603480485474379));
#15246=DIRECTION('',(0.,0.797377767216774,0.603480485474379));
#15247=DIRECTION('',(1.,0.,0.));
#15248=DIRECTION('',(0.,-0.797377767216774,-0.603480485474379));
#15249=DIRECTION('',(1.,0.,0.));
#15250=DIRECTION('center_axis',(0.,0.,1.));
#15251=DIRECTION('ref_axis',(0.,-1.,0.));
#15252=DIRECTION('',(0.,1.,0.));
#15253=DIRECTION('',(0.,-1.,0.));
#15254=DIRECTION('',(1.,0.,0.));
#15255=DIRECTION('center_axis',(0.,1.,0.));
#15256=DIRECTION('ref_axis',(-1.,0.,0.));
#15257=DIRECTION('',(0.,0.,1.));
#15258=DIRECTION('',(-1.,0.,0.));
#15259=DIRECTION('',(0.,0.,1.));
#15260=DIRECTION('center_axis',(1.,0.,0.));
#15261=DIRECTION('ref_axis',(0.,1.,0.));
#15262=DIRECTION('',(0.,1.,0.));
#15263=DIRECTION('',(0.,1.,0.));
#15264=DIRECTION('',(0.,1.,0.));
#15265=DIRECTION('',(0.,0.,-1.));
#15266=DIRECTION('',(0.,1.,0.));
#15267=DIRECTION('',(0.,0.,-1.));
#15268=DIRECTION('',(0.,0.90630778703665,-0.4226182617407));
#15269=DIRECTION('center_axis',(1.,0.,0.));
#15270=DIRECTION('ref_axis',(0.,1.,0.));
#15271=DIRECTION('center_axis',(0.,0.,1.));
#15272=DIRECTION('ref_axis',(1.,0.,0.));
#15273=DIRECTION('',(0.,-1.,0.));
#15274=DIRECTION('center_axis',(0.,0.,1.));
#15275=DIRECTION('ref_axis',(1.,0.,0.));
#15276=DIRECTION('',(0.,1.,0.));
#15277=DIRECTION('',(1.,0.,0.));
#15278=DIRECTION('',(0.,-1.,0.));
#15279=DIRECTION('center_axis',(0.,0.104528463267653,0.994521895368273));
#15280=DIRECTION('ref_axis',(0.,-0.994521895368273,0.104528463267653));
#15281=DIRECTION('',(0.,-0.994521895368273,0.104528463267653));
#15282=DIRECTION('',(0.,0.994521895368273,-0.104528463267653));
#15283=DIRECTION('center_axis',(0.,-1.,0.));
#15284=DIRECTION('ref_axis',(1.,0.,0.));
#15285=DIRECTION('',(0.,0.,1.));
#15286=DIRECTION('',(1.,0.,0.));
#15287=DIRECTION('',(0.,0.,1.));
#15288=DIRECTION('center_axis',(1.,0.,0.));
#15289=DIRECTION('ref_axis',(0.,1.,0.));
#15290=DIRECTION('',(0.,1.,0.));
#15291=DIRECTION('center_axis',(0.,0.,1.));
#15292=DIRECTION('ref_axis',(1.,0.,0.));
#15293=DIRECTION('',(-1.,0.,0.));
#15294=DIRECTION('',(0.,-1.,0.));
#15295=DIRECTION('center_axis',(-1.,0.,0.));
#15296=DIRECTION('ref_axis',(0.,-1.,0.));
#15297=DIRECTION('',(0.,1.,0.));
#15298=DIRECTION('',(0.,0.90630778703665,-0.4226182617407));
#15299=DIRECTION('',(0.,0.,1.));
#15300=DIRECTION('',(0.,-1.,0.));
#15301=DIRECTION('',(0.,0.,1.));
#15302=DIRECTION('center_axis',(1.,0.,0.));
#15303=DIRECTION('ref_axis',(0.,1.,0.));
#15304=DIRECTION('center_axis',(1.,0.,0.));
#15305=DIRECTION('ref_axis',(0.,1.,0.));
#15306=DIRECTION('',(1.,0.,0.));
#15307=DIRECTION('center_axis',(0.,0.,1.));
#15308=DIRECTION('ref_axis',(1.,0.,0.));
#15309=DIRECTION('',(1.,0.,0.));
#15310=DIRECTION('center_axis',(0.,1.,0.));
#15311=DIRECTION('ref_axis',(0.,0.,1.));
#15312=DIRECTION('',(1.,0.,0.));
#15313=DIRECTION('center_axis',(0.,0.,1.));
#15314=DIRECTION('ref_axis',(0.,-1.,0.));
#15315=DIRECTION('',(1.,0.,0.));
#15316=DIRECTION('center_axis',(0.,0.4226182617407,0.90630778703665));
#15317=DIRECTION('ref_axis',(0.,-0.90630778703665,0.4226182617407));
#15318=DIRECTION('',(1.,0.,0.));
#15319=DIRECTION('center_axis',(0.,1.,0.));
#15320=DIRECTION('ref_axis',(0.,0.,1.));
#15321=CARTESIAN_POINT('',(0.,0.,0.));
#15322=CARTESIAN_POINT('Origin',(0.,138.,10.));
#15323=CARTESIAN_POINT('',(47.9999999839672,138.000029136626,13.0999999998631));
#15324=CARTESIAN_POINT('',(47.5999999839673,138.,13.1));
#15325=CARTESIAN_POINT('',(47.7999999839673,138.000014568313,13.0999999999315));
#15326=CARTESIAN_POINT('',(47.9999999844683,138.,13.1));
#15327=CARTESIAN_POINT('Origin',(47.9999999839672,138.,10.));
#15328=CARTESIAN_POINT('',(0.,138.,13.1));
#15329=CARTESIAN_POINT('Origin',(0.,138.,10.));
#15330=CARTESIAN_POINT('',(47.5999999839673,138.,6.9));
#15331=CARTESIAN_POINT('',(47.9999999839672,138.000029136626,6.90000000013692));
#15332=CARTESIAN_POINT('',(47.7999999839673,138.000014568313,6.90000000006846));
#15333=CARTESIAN_POINT('',(47.9999999844683,138.,6.9));
#15334=CARTESIAN_POINT('',(0.,138.,6.9));
#15335=CARTESIAN_POINT('Origin',(47.9999999839672,138.,10.));
#15336=CARTESIAN_POINT('Origin',(47.9999999839672,138.,0.));
#15337=CARTESIAN_POINT('',(47.9999999839672,138.000029136626,14.9999999999151));
#15338=CARTESIAN_POINT('',(47.9999999839672,138.000029136626,0.));
#15339=CARTESIAN_POINT('',(47.9999999839672,138.,15.));
#15340=CARTESIAN_POINT('Origin',(47.9999999839672,138.,10.));
#15341=CARTESIAN_POINT('',(47.9999999844683,138.,0.));
#15342=CARTESIAN_POINT('Origin',(0.,138.,5.));
#15343=CARTESIAN_POINT('',(47.5999999846988,138.,15.));
#15344=CARTESIAN_POINT('',(0.,138.,15.));
#15345=CARTESIAN_POINT('',(47.5999999839673,138.,0.));
#15346=CARTESIAN_POINT('Origin',(0.,138.,5.));
#15347=CARTESIAN_POINT('',(47.5999999846988,138.,5.));
#15348=CARTESIAN_POINT('',(47.5999999839673,138.,0.));
#15349=CARTESIAN_POINT('',(47.9999999839672,138.,5.));
#15350=CARTESIAN_POINT('',(0.,138.,5.));
#15351=CARTESIAN_POINT('',(47.9999999844683,138.,0.));
#15352=CARTESIAN_POINT('Origin',(47.9999999839672,138.000029136626,0.));
#15353=CARTESIAN_POINT('',(47.7999999839673,138.000014568313,14.9999999999576));
#15354=CARTESIAN_POINT('Origin',(47.9887272698043,159.797308402775,0.));
#15355=CARTESIAN_POINT('',(43.9887272698043,159.797308402775,8.));
#15356=CARTESIAN_POINT('Origin',(47.9887272698043,159.797308402775,8.));
#15357=CARTESIAN_POINT('',(43.9887272698043,159.797308402775,5.));
#15358=CARTESIAN_POINT('',(43.9887272698043,159.797308402775,0.));
#15359=CARTESIAN_POINT('Origin',(47.9887272698043,159.797308402775,5.));
#15360=CARTESIAN_POINT('Origin',(47.9887272698043,159.797308402775,8.));
#15361=CARTESIAN_POINT('Origin',(53.988727503908,172.998172245973,0.));
#15362=CARTESIAN_POINT('',(53.988727503908,168.,5.));
#15363=CARTESIAN_POINT('',(53.988727503908,168.,0.));
#15364=CARTESIAN_POINT('',(53.988727503908,168.,0.));
#15365=CARTESIAN_POINT('',(53.988727503908,151.59461680555,5.));
#15366=CARTESIAN_POINT('',(53.988727503908,170.499086122986,5.));
#15367=CARTESIAN_POINT('',(53.988727503908,151.59461680555,13.6607260738895));
#15368=CARTESIAN_POINT('',(53.988727503908,151.59461680555,2.5));
#15369=CARTESIAN_POINT('',(53.988727503908,138.,20.));
#15370=CARTESIAN_POINT('',(53.988727503908,163.00117155021,8.34176224329043));
#15371=CARTESIAN_POINT('',(53.988727503908,138.,15.));
#15372=CARTESIAN_POINT('',(53.988727503908,138.,10.));
#15373=CARTESIAN_POINT('',(53.988727503908,138.,5.));
#15374=CARTESIAN_POINT('Origin',(53.988727503908,138.,10.));
#15375=CARTESIAN_POINT('',(53.988727503908,138.,0.));
#15376=CARTESIAN_POINT('',(53.988727503908,138.,2.5));
#15377=CARTESIAN_POINT('',(53.988727503908,134.249086122986,0.));
#15378=CARTESIAN_POINT('Origin',(0.,138.,20.));
#15379=CARTESIAN_POINT('',(48.3999999827081,138.,20.));
#15380=CARTESIAN_POINT('',(0.,138.,20.));
#15381=CARTESIAN_POINT('',(48.3999999827081,138.,15.));
#15382=CARTESIAN_POINT('',(48.399999982871,138.,0.));
#15383=CARTESIAN_POINT('',(0.,138.,15.));
#15384=CARTESIAN_POINT('Origin',(0.,138.,5.));
#15385=CARTESIAN_POINT('',(48.3999999827081,138.,5.));
#15386=CARTESIAN_POINT('',(0.,138.,5.));
#15387=CARTESIAN_POINT('',(48.399999982871,138.,0.));
#15388=CARTESIAN_POINT('',(48.399999982871,138.,0.));
#15389=CARTESIAN_POINT('',(0.,138.,0.));
#15390=CARTESIAN_POINT('Origin',(0.,151.59461680555,5.));
#15391=CARTESIAN_POINT('',(41.9887275344573,151.59461680555,5.));
#15392=CARTESIAN_POINT('',(41.9887275344573,151.59461680555,13.6607260738895));
#15393=CARTESIAN_POINT('',(41.9887275344573,151.59461680555,2.5));
#15394=CARTESIAN_POINT('',(0.,151.59461680555,13.6607260738895));
#15395=CARTESIAN_POINT('',(0.,151.59461680555,5.));
#15396=CARTESIAN_POINT('Origin',(0.,151.59461680555,13.6607260738895));
#15397=CARTESIAN_POINT('',(41.9887275344573,138.,20.));
#15398=CARTESIAN_POINT('',(41.9887275344573,148.62753061837,15.0443010853775));
#15399=CARTESIAN_POINT('',(47.5999999846988,138.,20.));
#15400=CARTESIAN_POINT('',(23.7999999919836,138.,20.));
#15401=CARTESIAN_POINT('',(47.9999999839672,138.000029136626,19.9999864133682));
#15402=CARTESIAN_POINT('',(24.0009425995886,137.99828100773,20.00080157926));
#15403=CARTESIAN_POINT('',(47.9999999839672,138.,20.));
#15404=CARTESIAN_POINT('',(47.9999999839672,148.62753061837,15.0443010853775));
#15405=CARTESIAN_POINT('',(24.1999999914355,138.,20.));
#15406=CARTESIAN_POINT('Origin',(0.,168.,5.));
#15407=CARTESIAN_POINT('',(41.9887275344573,168.,5.));
#15408=CARTESIAN_POINT('',(41.9887275344573,153.,5.));
#15409=CARTESIAN_POINT('',(0.,168.,5.));
#15410=CARTESIAN_POINT('Origin',(0.,168.,0.));
#15411=CARTESIAN_POINT('',(41.9887275344573,168.,0.));
#15412=CARTESIAN_POINT('',(41.9887275344573,168.,0.));
#15413=CARTESIAN_POINT('',(0.,168.,0.));
#15414=CARTESIAN_POINT('Origin',(263.988727269804,95.5,0.));
#15415=CARTESIAN_POINT('',(41.9887275344573,115.205163428515,4.44089209850063E-15));
#15416=CARTESIAN_POINT('',(41.9887275344573,116.75,0.));
#15417=CARTESIAN_POINT('',(53.988727503908,137.998172245973,0.));
#15418=CARTESIAN_POINT('',(48.399999982871,138.,0.));
#15419=CARTESIAN_POINT('',(53.988727503908,115.205163428515,4.44089209850063E-15));
#15420=CARTESIAN_POINT('',(53.988727503908,52.9982174523848,0.));
#15421=CARTESIAN_POINT('',(32.9943637595913,115.205163428515,-2.77555756156289E-16));
#15422=CARTESIAN_POINT('Origin',(0.,138.,10.));
#15423=CARTESIAN_POINT('',(41.9887275344573,133.,10.));
#15424=CARTESIAN_POINT('Origin',(41.9887275344573,138.,10.));
#15425=CARTESIAN_POINT('',(53.988727503908,133.,10.));
#15426=CARTESIAN_POINT('',(0.,133.,10.));
#15427=CARTESIAN_POINT('',(53.988727503908,137.998172245973,5.00000033406849));
#15428=CARTESIAN_POINT('Origin',(53.988727503908,138.,10.));
#15429=CARTESIAN_POINT('',(51.1943637433895,137.999086122986,5.00000016703424));
#15430=CARTESIAN_POINT('',(53.988727503908,137.998172245973,14.9999996659315));
#15431=CARTESIAN_POINT('',(51.1943637433895,137.999086122986,14.9999998329658));
#15432=CARTESIAN_POINT('Origin',(53.988727503908,138.,10.));
#15433=CARTESIAN_POINT('',(47.9999999839672,138.000029136626,5.00000000008489));
#15434=CARTESIAN_POINT('',(47.7999999839673,138.000014568313,5.00000000004245));
#15435=CARTESIAN_POINT('Origin',(47.9999999839672,138.,10.));
#15436=CARTESIAN_POINT('Origin',(48.399999982871,138.,0.));
#15437=CARTESIAN_POINT('',(47.9999999844683,138.,28.));
#15438=CARTESIAN_POINT('',(47.9999999844683,138.,0.));
#15439=CARTESIAN_POINT('',(48.399999982871,138.,28.));
#15440=CARTESIAN_POINT('',(48.,138.,28.));
#15441=CARTESIAN_POINT('',(48.399999982871,138.,0.));
#15442=CARTESIAN_POINT('Origin',(47.9999999839672,138.,0.));
#15443=CARTESIAN_POINT('',(47.9999999839672,138.000029136626,28.));
#15444=CARTESIAN_POINT('',(47.9999999839672,138.000029136626,0.));
#15445=CARTESIAN_POINT('',(47.9999999839672,138.000029136626,28.));
#15446=CARTESIAN_POINT('Origin',(47.9999999839672,138.000029136626,0.));
#15447=CARTESIAN_POINT('',(47.5999999839673,138.,28.));
#15448=CARTESIAN_POINT('',(47.5999999839673,138.,0.));
#15449=CARTESIAN_POINT('',(47.5999999839673,138.,28.));
#15450=CARTESIAN_POINT('Origin',(47.9999999839672,138.000029136626,0.));
#15451=CARTESIAN_POINT('',(47.9999999839672,138.000029136626,0.));
#15452=CARTESIAN_POINT('Origin',(41.9887275344573,138.,0.));
#15453=CARTESIAN_POINT('',(41.9887275344573,115.036104054361,-1.6084925001047));
#15454=CARTESIAN_POINT('',(41.9887275344573,115.24516420893,0.380582003320637));
#15455=CARTESIAN_POINT('',(41.9887275344573,105.838456699027,-0.64178080857898));
#15456=CARTESIAN_POINT('',(41.9887275344573,121.710168194945,-2.30996490771483));
#15457=CARTESIAN_POINT('',(41.9887275344573,105.905910580121,2.22044604925031E-15));
#15458=CARTESIAN_POINT('',(41.9887275344573,106.081243794143,1.66818409913585));
#15459=CARTESIAN_POINT('',(41.9887275344573,105.905910580121,6.61769448870016));
#15460=CARTESIAN_POINT('',(41.9887275344573,105.905910580121,1.11022302462516E-15));
#15461=CARTESIAN_POINT('',(41.9887275344573,71.5040248314108,2.92323893950647));
#15462=CARTESIAN_POINT('',(41.9887275344573,121.418707960038,8.28363050111484));
#15463=CARTESIAN_POINT('',(41.9887275344573,54.1804640726126,4.74401854513847));
#15464=CARTESIAN_POINT('',(41.9887275344573,104.540682153605,-0.549053664077014));
#15465=CARTESIAN_POINT('',(41.9887275344573,54.1804640726126,3.93492260434437E-15));
#15466=CARTESIAN_POINT('',(41.9887275344573,54.1804640726126,2.37200927256924));
#15467=CARTESIAN_POINT('',(41.9887275344573,52.9982174523848,0.));
#15468=CARTESIAN_POINT('',(41.9887275344573,52.9982174523848,0.));
#15469=CARTESIAN_POINT('',(41.9887275344573,52.9982174523848,20.));
#15470=CARTESIAN_POINT('',(41.9887275344573,52.9982174523848,0.));
#15471=CARTESIAN_POINT('',(41.9887275344573,57.9982174523848,28.));
#15472=CARTESIAN_POINT('',(41.9887275344573,61.692288034915,33.9105129320484));
#15473=CARTESIAN_POINT('',(41.9887275344573,138.,28.));
#15474=CARTESIAN_POINT('',(41.9887275344573,52.9982174523848,28.));
#15475=CARTESIAN_POINT('',(41.9887275344573,138.,0.));
#15476=CARTESIAN_POINT('Origin',(53.988727503908,137.998172245973,0.));
#15477=CARTESIAN_POINT('',(53.988727503908,137.998172245973,0.));
#15478=CARTESIAN_POINT('Origin',(18.,115.036104054361,-1.6084925001047));
#15479=CARTESIAN_POINT('',(53.988727503908,115.036104054361,-1.6084925001047));
#15480=CARTESIAN_POINT('',(53.988727503908,114.780790986288,-4.03763407967891));
#15481=CARTESIAN_POINT('',(18.,115.036104054361,-1.6084925001047));
#15482=CARTESIAN_POINT('Origin',(18.,105.838456699027,-0.64178080857898));
#15483=CARTESIAN_POINT('',(53.988727503908,105.838456699027,-0.64178080857898));
#15484=CARTESIAN_POINT('',(53.988727503908,79.6736501437792,2.10825117528472));
#15485=CARTESIAN_POINT('',(18.,105.838456699027,-0.64178080857898));
#15486=CARTESIAN_POINT('Origin',(18.,105.905910580121,2.22044604925031E-15));
#15487=CARTESIAN_POINT('',(53.988727503908,105.905910580121,2.22044604925031E-15));
#15488=CARTESIAN_POINT('',(53.988727503908,105.616870571501,-2.7500319838637));
#15489=CARTESIAN_POINT('',(32.9943637595913,105.905910580121,0.));
#15490=CARTESIAN_POINT('Origin',(18.,105.905910580121,2.22044604925031E-15));
#15491=CARTESIAN_POINT('',(53.988727503908,105.905910580121,6.61769448870016));
#15492=CARTESIAN_POINT('',(53.988727503908,105.905910580121,1.11022302462516E-15));
#15493=CARTESIAN_POINT('',(18.,105.905910580121,6.61769448870016));
#15494=CARTESIAN_POINT('Origin',(18.,105.905910580121,6.61769448870016));
#15495=CARTESIAN_POINT('',(53.988727503908,71.5040248314108,2.92323893950647));
#15496=CARTESIAN_POINT('',(53.988727503908,79.4023843641153,3.77145227345782));
#15497=CARTESIAN_POINT('',(18.,71.5040248314108,2.92323893950647));
#15498=CARTESIAN_POINT('Origin',(18.,54.1804640726126,4.74401854513847));
#15499=CARTESIAN_POINT('',(53.988727503908,54.1804640726126,3.93492260434437E-15));
#15500=CARTESIAN_POINT('',(53.988727503908,54.1804640726126,4.74401854513847));
#15501=CARTESIAN_POINT('',(53.988727503908,54.1804640726126,2.37200927256924));
#15502=CARTESIAN_POINT('',(32.9943637595913,54.1804640726126,0.));
#15503=CARTESIAN_POINT('',(18.,54.1804640726126,4.74401854513847));
#15504=CARTESIAN_POINT('Origin',(18.,71.5040248314108,2.92323893950647));
#15505=CARTESIAN_POINT('',(53.988727503908,62.5041641024395,3.86916241892261));
#15506=CARTESIAN_POINT('Origin',(47.9887275191827,95.4991232945054,0.));
#15507=CARTESIAN_POINT('',(53.988727503908,52.9982174523848,0.));
#15508=CARTESIAN_POINT('',(53.988727503908,52.9982174523848,0.));
#15509=CARTESIAN_POINT('',(53.988727503908,52.9982174523848,0.));
#15510=CARTESIAN_POINT('Origin',(44.98872752682,55.4982174523848,24.));
#15511=CARTESIAN_POINT('',(53.988727503908,52.9982174523848,20.));
#15512=CARTESIAN_POINT('',(53.988727503908,57.9982174523848,28.));
#15513=CARTESIAN_POINT('',(53.988727503908,49.7538354299129,14.8089887640449));
#15514=CARTESIAN_POINT('',(44.98872752682,57.9982174523848,28.));
#15515=CARTESIAN_POINT('',(44.98872752682,52.9982174523848,20.));
#15516=CARTESIAN_POINT('Origin',(53.988727503908,52.9982174523848,0.));
#15517=CARTESIAN_POINT('',(53.988727503908,137.998172245973,28.));
#15518=CARTESIAN_POINT('',(53.988727503908,137.998172245973,0.));
#15519=CARTESIAN_POINT('',(53.988727503908,52.9982174523848,28.));
#15520=CARTESIAN_POINT('',(53.988727503908,52.9982174523848,0.));
#15521=CARTESIAN_POINT('Origin',(41.9887275344573,52.9982174523848,0.));
#15522=CARTESIAN_POINT('Origin',(47.9887275191827,95.4991232945054,28.));
#15523=CARTESIAN_POINT('',(48.399999982871,138.,28.));
#15524=CARTESIAN_POINT('',(41.9887275344573,138.,28.));
#15525=CARTESIAN_POINT('Origin',(47.5999999839673,138.,0.));
#15526=CARTESIAN_POINT('Origin',(47.9999999839672,138.,0.));
#15527=CARTESIAN_POINT('Origin',(53.988727503908,137.998172245973,0.));
#15528=CARTESIAN_POINT('Origin',(287.988727269804,159.797308402775,0.));
#15529=CARTESIAN_POINT('',(283.988727269804,159.797308402775,8.));
#15530=CARTESIAN_POINT('Origin',(287.988727269804,159.797308402775,8.));
#15531=CARTESIAN_POINT('',(283.988727269804,159.797308402775,5.));
#15532=CARTESIAN_POINT('',(283.988727269804,159.797308402775,0.));
#15533=CARTESIAN_POINT('Origin',(287.988727269804,159.797308402775,5.));
#15534=CARTESIAN_POINT('Origin',(287.988727269804,159.797308402775,8.));
#15535=CARTESIAN_POINT('Origin',(0.,151.59461680555,5.));
#15536=CARTESIAN_POINT('',(281.988727269804,151.59461680555,5.));
#15537=CARTESIAN_POINT('',(281.988727269804,151.59461680555,13.6607260738895));
#15538=CARTESIAN_POINT('',(281.988727269804,151.59461680555,2.5));
#15539=CARTESIAN_POINT('',(293.988727269804,151.59461680555,13.6607260738895));
#15540=CARTESIAN_POINT('',(0.,151.59461680555,13.6607260738895));
#15541=CARTESIAN_POINT('',(293.988727269804,151.59461680555,5.));
#15542=CARTESIAN_POINT('',(293.988727269804,151.59461680555,2.5));
#15543=CARTESIAN_POINT('',(0.,151.59461680555,5.));
#15544=CARTESIAN_POINT('Origin',(0.,151.59461680555,13.6607260738895));
#15545=CARTESIAN_POINT('',(281.988727269804,138.,20.));
#15546=CARTESIAN_POINT('',(281.988727269804,148.62753061837,15.0443010853775));
#15547=CARTESIAN_POINT('',(293.988727269804,138.,20.));
#15548=CARTESIAN_POINT('',(146.994363634902,138.,20.));
#15549=CARTESIAN_POINT('',(293.988727269804,163.001922203127,8.34141220808639));
#15550=CARTESIAN_POINT('Origin',(0.,168.,5.));
#15551=CARTESIAN_POINT('',(281.988727269804,168.,5.));
#15552=CARTESIAN_POINT('',(281.988727269804,153.,5.));
#15553=CARTESIAN_POINT('',(293.988727269804,168.,5.));
#15554=CARTESIAN_POINT('',(293.988727269804,170.5,5.));
#15555=CARTESIAN_POINT('',(0.,168.,5.));
#15556=CARTESIAN_POINT('Origin',(0.,168.,0.));
#15557=CARTESIAN_POINT('',(281.988727269804,168.,0.));
#15558=CARTESIAN_POINT('',(281.988727269804,168.,0.));
#15559=CARTESIAN_POINT('',(293.988727269804,168.,0.));
#15560=CARTESIAN_POINT('',(293.988727269804,168.,0.));
#15561=CARTESIAN_POINT('',(0.,168.,0.));
#15562=CARTESIAN_POINT('Origin',(263.988727269804,95.5,0.));
#15563=CARTESIAN_POINT('',(281.988727269804,115.205163428515,4.44089209850063E-15));
#15564=CARTESIAN_POINT('',(281.988727269804,116.75,0.));
#15565=CARTESIAN_POINT('',(293.988727269804,115.205163428515,4.44089209850063E-15));
#15566=CARTESIAN_POINT('',(293.988727269804,138.,0.));
#15567=CARTESIAN_POINT('',(152.994363634902,115.205163428515,0.));
#15568=CARTESIAN_POINT('Origin',(0.,138.,10.));
#15569=CARTESIAN_POINT('',(281.988727269804,133.,10.));
#15570=CARTESIAN_POINT('Origin',(281.988727269804,138.,10.));
#15571=CARTESIAN_POINT('',(293.988727269804,133.,10.));
#15572=CARTESIAN_POINT('',(0.,133.,10.));
#15573=CARTESIAN_POINT('Origin',(293.988727269804,138.,10.));
#15574=CARTESIAN_POINT('Origin',(281.988727269804,138.,0.));
#15575=CARTESIAN_POINT('',(281.988727269804,115.036104054361,-1.6084925001047));
#15576=CARTESIAN_POINT('',(281.988727269804,115.24516420893,0.380582003320637));
#15577=CARTESIAN_POINT('',(281.988727269804,105.838456699027,-0.64178080857898));
#15578=CARTESIAN_POINT('',(281.988727269804,121.710168194945,-2.30996490771483));
#15579=CARTESIAN_POINT('',(281.988727269804,105.905910580121,2.22044604925031E-15));
#15580=CARTESIAN_POINT('',(281.988727269804,106.081243794143,1.66818409913585));
#15581=CARTESIAN_POINT('',(281.988727269804,105.905910580121,6.61769448870016));
#15582=CARTESIAN_POINT('',(281.988727269804,105.905910580121,1.11022302462516E-15));
#15583=CARTESIAN_POINT('',(281.988727269804,71.5040248314108,2.92323893950647));
#15584=CARTESIAN_POINT('',(281.988727269804,121.418707960038,8.28363050111484));
#15585=CARTESIAN_POINT('',(281.988727269804,54.1804640726126,4.74401854513847));
#15586=CARTESIAN_POINT('',(281.988727269804,104.540682153605,-0.549053664077014));
#15587=CARTESIAN_POINT('',(281.988727269804,54.1804640726126,3.93492260434437E-15));
#15588=CARTESIAN_POINT('',(281.988727269804,54.1804640726126,2.37200927256924));
#15589=CARTESIAN_POINT('',(281.988727269804,53.,0.));
#15590=CARTESIAN_POINT('',(281.988727269804,53.,0.));
#15591=CARTESIAN_POINT('',(281.988727269804,53.,20.));
#15592=CARTESIAN_POINT('',(281.988727269804,53.,0.));
#15593=CARTESIAN_POINT('',(281.988727269804,58.,28.));
#15594=CARTESIAN_POINT('',(281.988727269804,61.6938202247191,33.9101123595506));
#15595=CARTESIAN_POINT('',(281.988727269804,138.,28.));
#15596=CARTESIAN_POINT('',(281.988727269804,53.,28.));
#15597=CARTESIAN_POINT('',(281.988727269804,138.,0.));
#15598=CARTESIAN_POINT('Origin',(293.988727269804,53.,0.));
#15599=CARTESIAN_POINT('',(293.988727269804,138.,28.));
#15600=CARTESIAN_POINT('',(293.988727269804,138.,0.));
#15601=CARTESIAN_POINT('',(293.988727269804,58.,28.));
#15602=CARTESIAN_POINT('',(293.988727269804,138.,28.));
#15603=CARTESIAN_POINT('',(293.988727269804,53.,20.));
#15604=CARTESIAN_POINT('',(293.988727269804,49.7556179775281,14.8089887640449));
#15605=CARTESIAN_POINT('',(293.988727269804,53.,0.));
#15606=CARTESIAN_POINT('',(293.988727269804,53.,0.));
#15607=CARTESIAN_POINT('',(293.988727269804,54.1804640726126,3.93492260434437E-15));
#15608=CARTESIAN_POINT('',(293.988727269804,138.,0.));
#15609=CARTESIAN_POINT('',(293.988727269804,54.1804640726126,4.74401854513847));
#15610=CARTESIAN_POINT('',(293.988727269804,54.1804640726126,2.37200927256924));
#15611=CARTESIAN_POINT('',(293.988727269804,71.5040248314108,2.92323893950647));
#15612=CARTESIAN_POINT('',(293.988727269804,62.5050456380116,3.86906976580044));
#15613=CARTESIAN_POINT('',(293.988727269804,105.905910580121,6.61769448870016));
#15614=CARTESIAN_POINT('',(293.988727269804,79.4032654761954,3.77154689703274));
#15615=CARTESIAN_POINT('',(293.988727269804,105.905910580121,2.22044604925031E-15));
#15616=CARTESIAN_POINT('',(293.988727269804,105.905910580121,1.11022302462516E-15));
#15617=CARTESIAN_POINT('',(293.988727269804,105.838456699027,-0.64178080857898));
#15618=CARTESIAN_POINT('',(293.988727269804,105.616880309736,-2.74993933074153));
#15619=CARTESIAN_POINT('',(293.988727269804,115.036104054361,-1.6084925001047));
#15620=CARTESIAN_POINT('',(293.988727269804,79.6745316793512,2.10815852216256));
#15621=CARTESIAN_POINT('',(293.988727269804,114.780800724523,-4.03754142655675));
#15622=CARTESIAN_POINT('Origin',(18.,115.036104054361,-1.6084925001047));
#15623=CARTESIAN_POINT('',(18.,115.036104054361,-1.6084925001047));
#15624=CARTESIAN_POINT('Origin',(18.,71.5040248314108,2.92323893950647));
#15625=CARTESIAN_POINT('',(18.,71.5040248314108,2.92323893950647));
#15626=CARTESIAN_POINT('',(18.,54.1804640726126,4.74401854513847));
#15627=CARTESIAN_POINT('Origin',(18.,54.1804640726126,4.74401854513847));
#15628=CARTESIAN_POINT('',(152.994363634902,54.1804640726126,0.));
#15629=CARTESIAN_POINT('Origin',(18.,105.905910580121,6.61769448870016));
#15630=CARTESIAN_POINT('',(18.,105.905910580121,6.61769448870016));
#15631=CARTESIAN_POINT('Origin',(18.,105.905910580121,2.22044604925031E-15));
#15632=CARTESIAN_POINT('',(152.994363634902,105.905910580121,0.));
#15633=CARTESIAN_POINT('Origin',(287.988727269804,95.5,0.));
#15634=CARTESIAN_POINT('',(293.988727269804,53.,0.));
#15635=CARTESIAN_POINT('Origin',(284.988727269804,55.5,24.));
#15636=CARTESIAN_POINT('',(284.988727269804,58.,28.));
#15637=CARTESIAN_POINT('',(284.988727269804,53.,20.));
#15638=CARTESIAN_POINT('Origin',(287.988727269804,95.5,28.));
#15639=CARTESIAN_POINT('',(281.588727269804,138.,28.));
#15640=CARTESIAN_POINT('Origin',(281.988727269804,53.,0.));
#15641=CARTESIAN_POINT('Origin',(293.988727269804,138.,0.));
#15642=CARTESIAN_POINT('Origin',(18.,105.838456699027,-0.64178080857898));
#15643=CARTESIAN_POINT('',(18.,105.838456699027,-0.64178080857898));
#15644=CARTESIAN_POINT('Origin',(18.,105.905910580121,2.22044604925031E-15));
#15645=CARTESIAN_POINT('Origin',(119.988727269804,159.797308402775,0.));
#15646=CARTESIAN_POINT('',(115.988727269804,159.797308402775,8.));
#15647=CARTESIAN_POINT('Origin',(119.988727269804,159.797308402775,8.));
#15648=CARTESIAN_POINT('',(115.988727269804,159.797308402775,5.));
#15649=CARTESIAN_POINT('',(115.988727269804,159.797308402775,0.));
#15650=CARTESIAN_POINT('Origin',(119.988727269804,159.797308402775,5.));
#15651=CARTESIAN_POINT('Origin',(119.988727269804,159.797308402775,8.));
#15652=CARTESIAN_POINT('Origin',(125.988727269804,138.,0.));
#15653=CARTESIAN_POINT('',(125.988727269804,138.,20.));
#15654=CARTESIAN_POINT('',(113.988727269804,138.,20.));
#15655=CARTESIAN_POINT('',(62.9943636349022,138.,20.));
#15656=CARTESIAN_POINT('',(113.988727269804,138.,28.));
#15657=CARTESIAN_POINT('',(113.988727269804,138.,0.));
#15658=CARTESIAN_POINT('',(125.988727269804,138.,28.));
#15659=CARTESIAN_POINT('',(113.588727269804,138.,28.));
#15660=CARTESIAN_POINT('',(125.988727269804,138.,0.));
#15661=CARTESIAN_POINT('Origin',(113.988727269804,53.,0.));
#15662=CARTESIAN_POINT('',(113.988727269804,53.,20.));
#15663=CARTESIAN_POINT('',(125.988727269804,53.,20.));
#15664=CARTESIAN_POINT('',(116.988727269804,53.,20.));
#15665=CARTESIAN_POINT('',(113.988727269804,53.,0.));
#15666=CARTESIAN_POINT('',(113.988727269804,53.,0.));
#15667=CARTESIAN_POINT('',(125.988727269804,53.,0.));
#15668=CARTESIAN_POINT('',(125.988727269804,53.,0.));
#15669=CARTESIAN_POINT('',(125.988727269804,53.,0.));
#15670=CARTESIAN_POINT('Origin',(119.988727269804,95.5,28.));
#15671=CARTESIAN_POINT('',(125.988727269804,58.,28.));
#15672=CARTESIAN_POINT('',(113.988727269804,58.,28.));
#15673=CARTESIAN_POINT('',(116.988727269804,58.,28.));
#15674=CARTESIAN_POINT('',(125.988727269804,138.,28.));
#15675=CARTESIAN_POINT('',(113.988727269804,53.,28.));
#15676=CARTESIAN_POINT('Origin',(116.988727269804,55.5,24.));
#15677=CARTESIAN_POINT('',(125.988727269804,49.7556179775281,14.8089887640449));
#15678=CARTESIAN_POINT('',(113.988727269804,61.6938202247191,33.9101123595506));
#15679=CARTESIAN_POINT('Origin',(119.988727269804,95.5,0.));
#15680=CARTESIAN_POINT('',(113.988727269804,54.1804640726126,3.93492260434437E-15));
#15681=CARTESIAN_POINT('',(125.988727269804,54.1804640726126,3.93492260434437E-15));
#15682=CARTESIAN_POINT('',(68.9943636349022,54.1804640726126,0.));
#15683=CARTESIAN_POINT('',(125.988727269804,138.,0.));
#15684=CARTESIAN_POINT('',(113.988727269804,53.,0.));
#15685=CARTESIAN_POINT('Origin',(18.,105.905910580121,2.22044604925031E-15));
#15686=CARTESIAN_POINT('',(113.988727269804,105.905910580121,2.22044604925031E-15));
#15687=CARTESIAN_POINT('',(113.988727269804,105.905910580121,6.61769448870016));
#15688=CARTESIAN_POINT('',(113.988727269804,105.905910580121,1.11022302462516E-15));
#15689=CARTESIAN_POINT('',(125.988727269804,105.905910580121,2.22044604925031E-15));
#15690=CARTESIAN_POINT('',(68.9943636349022,105.905910580121,0.));
#15691=CARTESIAN_POINT('',(125.988727269804,105.905910580121,6.61769448870016));
#15692=CARTESIAN_POINT('',(125.988727269804,105.905910580121,1.11022302462516E-15));
#15693=CARTESIAN_POINT('',(18.,105.905910580121,6.61769448870016));
#15694=CARTESIAN_POINT('Origin',(18.,105.905910580121,6.61769448870016));
#15695=CARTESIAN_POINT('',(113.988727269804,71.5040248314108,2.92323893950647));
#15696=CARTESIAN_POINT('',(113.988727269804,121.418707960038,8.28363050111484));
#15697=CARTESIAN_POINT('',(125.988727269804,71.5040248314108,2.92323893950647));
#15698=CARTESIAN_POINT('',(125.988727269804,79.4032654761954,3.77154689703274));
#15699=CARTESIAN_POINT('',(18.,71.5040248314108,2.92323893950647));
#15700=CARTESIAN_POINT('Origin',(18.,54.1804640726126,4.74401854513847));
#15701=CARTESIAN_POINT('',(113.988727269804,54.1804640726126,4.74401854513847));
#15702=CARTESIAN_POINT('',(113.988727269804,54.1804640726126,2.37200927256924));
#15703=CARTESIAN_POINT('',(125.988727269804,54.1804640726126,4.74401854513847));
#15704=CARTESIAN_POINT('',(18.,54.1804640726126,4.74401854513847));
#15705=CARTESIAN_POINT('',(125.988727269804,54.1804640726126,2.37200927256924));
#15706=CARTESIAN_POINT('Origin',(18.,71.5040248314108,2.92323893950647));
#15707=CARTESIAN_POINT('',(113.988727269804,104.540682153605,-0.549053664077014));
#15708=CARTESIAN_POINT('',(125.988727269804,62.5050456380116,3.86906976580044));
#15709=CARTESIAN_POINT('Origin',(18.,105.905910580121,2.22044604925031E-15));
#15710=CARTESIAN_POINT('',(125.988727269804,105.838456699027,-0.64178080857898));
#15711=CARTESIAN_POINT('',(125.988727269804,105.616880309736,-2.74993933074154));
#15712=CARTESIAN_POINT('',(113.988727269804,105.838456699027,-0.64178080857898));
#15713=CARTESIAN_POINT('',(113.988727269804,106.081243794143,1.66818409913585));
#15714=CARTESIAN_POINT('',(18.,105.838456699027,-0.64178080857898));
#15715=CARTESIAN_POINT('Origin',(18.,105.838456699027,-0.64178080857898));
#15716=CARTESIAN_POINT('',(125.988727269804,115.036104054361,-1.6084925001047));
#15717=CARTESIAN_POINT('',(125.988727269804,79.6745316793512,2.10815852216256));
#15718=CARTESIAN_POINT('',(113.988727269804,115.036104054361,-1.6084925001047));
#15719=CARTESIAN_POINT('',(113.988727269804,121.710168194945,-2.30996490771483));
#15720=CARTESIAN_POINT('',(18.,115.036104054361,-1.6084925001047));
#15721=CARTESIAN_POINT('Origin',(18.,115.036104054361,-1.6084925001047));
#15722=CARTESIAN_POINT('',(125.988727269804,115.205163428515,4.44089209850063E-15));
#15723=CARTESIAN_POINT('',(125.988727269804,114.780800724523,-4.03754142655675));
#15724=CARTESIAN_POINT('',(113.988727269804,115.205163428515,4.44089209850063E-15));
#15725=CARTESIAN_POINT('',(113.988727269804,115.24516420893,0.380582003320637));
#15726=CARTESIAN_POINT('',(68.9943636349022,115.205163428515,0.));
#15727=CARTESIAN_POINT('Origin',(125.988727269804,53.,0.));
#15728=CARTESIAN_POINT('',(125.988727269804,168.,0.));
#15729=CARTESIAN_POINT('',(125.988727269804,138.,0.));
#15730=CARTESIAN_POINT('',(125.988727269804,168.,5.));
#15731=CARTESIAN_POINT('',(125.988727269804,168.,0.));
#15732=CARTESIAN_POINT('',(125.988727269804,151.59461680555,5.));
#15733=CARTESIAN_POINT('',(125.988727269804,170.5,5.));
#15734=CARTESIAN_POINT('',(125.988727269804,151.59461680555,13.6607260738895));
#15735=CARTESIAN_POINT('',(125.988727269804,151.59461680555,2.5));
#15736=CARTESIAN_POINT('',(125.988727269804,163.001922203127,8.34141220808639));
#15737=CARTESIAN_POINT('',(125.988727269804,133.,10.));
#15738=CARTESIAN_POINT('Origin',(125.988727269804,138.,10.));
#15739=CARTESIAN_POINT('Origin',(113.988727269804,138.,0.));
#15740=CARTESIAN_POINT('',(113.988727269804,151.59461680555,13.6607260738895));
#15741=CARTESIAN_POINT('',(113.988727269804,148.62753061837,15.0443010853775));
#15742=CARTESIAN_POINT('',(113.988727269804,151.59461680555,5.));
#15743=CARTESIAN_POINT('',(113.988727269804,151.59461680555,2.5));
#15744=CARTESIAN_POINT('',(113.988727269804,168.,5.));
#15745=CARTESIAN_POINT('',(113.988727269804,153.,5.));
#15746=CARTESIAN_POINT('',(113.988727269804,168.,0.));
#15747=CARTESIAN_POINT('',(113.988727269804,168.,0.));
#15748=CARTESIAN_POINT('',(113.988727269804,116.75,0.));
#15749=CARTESIAN_POINT('',(113.988727269804,133.,10.));
#15750=CARTESIAN_POINT('Origin',(113.988727269804,138.,10.));
#15751=CARTESIAN_POINT('Origin',(0.,138.,10.));
#15752=CARTESIAN_POINT('',(0.,133.,10.));
#15753=CARTESIAN_POINT('Origin',(263.988727269804,95.5,0.));
#15754=CARTESIAN_POINT('',(0.,168.,0.));
#15755=CARTESIAN_POINT('Origin',(0.,168.,0.));
#15756=CARTESIAN_POINT('',(0.,168.,5.));
#15757=CARTESIAN_POINT('Origin',(0.,168.,5.));
#15758=CARTESIAN_POINT('',(0.,151.59461680555,5.));
#15759=CARTESIAN_POINT('Origin',(0.,151.59461680555,13.6607260738895));
#15760=CARTESIAN_POINT('',(0.,151.59461680555,13.6607260738895));
#15761=CARTESIAN_POINT('Origin',(0.,151.59461680555,5.));
#15762=CARTESIAN_POINT('Origin',(23.9887272698043,159.797308402775,0.));
#15763=CARTESIAN_POINT('',(19.9887272698043,159.797308402775,8.));
#15764=CARTESIAN_POINT('Origin',(23.9887272698043,159.797308402775,8.));
#15765=CARTESIAN_POINT('',(19.9887272698043,159.797308402775,5.));
#15766=CARTESIAN_POINT('',(19.9887272698043,159.797308402775,0.));
#15767=CARTESIAN_POINT('Origin',(23.9887272698043,159.797308402775,5.));
#15768=CARTESIAN_POINT('Origin',(23.9887272698043,159.797308402775,8.));
#15769=CARTESIAN_POINT('Origin',(0.,151.59461680555,5.));
#15770=CARTESIAN_POINT('',(18.,151.59461680555,5.));
#15771=CARTESIAN_POINT('',(18.,151.59461680555,13.6607260738895));
#15772=CARTESIAN_POINT('',(18.,151.59461680555,2.5));
#15773=CARTESIAN_POINT('',(30.,151.59461680555,13.6607260738895));
#15774=CARTESIAN_POINT('',(0.,151.59461680555,13.6607260738895));
#15775=CARTESIAN_POINT('',(30.,151.59461680555,5.));
#15776=CARTESIAN_POINT('',(30.,151.59461680555,2.5));
#15777=CARTESIAN_POINT('',(0.,151.59461680555,5.));
#15778=CARTESIAN_POINT('Origin',(0.,151.59461680555,13.6607260738895));
#15779=CARTESIAN_POINT('',(18.,138.,20.));
#15780=CARTESIAN_POINT('',(18.,148.62753061837,15.0443010853775));
#15781=CARTESIAN_POINT('',(30.,138.,20.));
#15782=CARTESIAN_POINT('',(15.,138.,20.));
#15783=CARTESIAN_POINT('',(30.,163.001922203127,8.34141220808639));
#15784=CARTESIAN_POINT('Origin',(0.,168.,5.));
#15785=CARTESIAN_POINT('',(18.,168.,5.));
#15786=CARTESIAN_POINT('',(18.,153.,5.));
#15787=CARTESIAN_POINT('',(30.,168.,5.));
#15788=CARTESIAN_POINT('',(30.,170.5,5.));
#15789=CARTESIAN_POINT('',(0.,168.,5.));
#15790=CARTESIAN_POINT('Origin',(0.,168.,0.));
#15791=CARTESIAN_POINT('',(18.,168.,0.));
#15792=CARTESIAN_POINT('',(18.,168.,0.));
#15793=CARTESIAN_POINT('',(30.,168.,0.));
#15794=CARTESIAN_POINT('',(30.,168.,0.));
#15795=CARTESIAN_POINT('',(0.,168.,0.));
#15796=CARTESIAN_POINT('Origin',(263.988727269804,95.5,0.));
#15797=CARTESIAN_POINT('',(18.,115.205163428515,4.44089209850063E-15));
#15798=CARTESIAN_POINT('',(18.,116.75,0.));
#15799=CARTESIAN_POINT('',(30.,115.205163428515,4.44089209850063E-15));
#15800=CARTESIAN_POINT('',(30.,138.,4.44089209850063E-15));
#15801=CARTESIAN_POINT('',(21.,115.205163428515,4.44089209850063E-15));
#15802=CARTESIAN_POINT('Origin',(0.,138.,10.));
#15803=CARTESIAN_POINT('',(18.,133.,10.));
#15804=CARTESIAN_POINT('Origin',(18.,138.,10.));
#15805=CARTESIAN_POINT('',(30.,133.,10.));
#15806=CARTESIAN_POINT('',(0.,133.,10.));
#15807=CARTESIAN_POINT('Origin',(30.,138.,10.));
#15808=CARTESIAN_POINT('Origin',(30.,138.,4.44089209850063E-15));
#15809=CARTESIAN_POINT('',(18.,138.,28.));
#15810=CARTESIAN_POINT('',(18.,138.,4.44089209850063E-15));
#15811=CARTESIAN_POINT('',(30.,138.,28.));
#15812=CARTESIAN_POINT('',(24.4,138.,28.));
#15813=CARTESIAN_POINT('',(30.,138.,4.44089209850063E-15));
#15814=CARTESIAN_POINT('Origin',(30.,53.,4.44089209850063E-15));
#15815=CARTESIAN_POINT('',(30.,58.,28.));
#15816=CARTESIAN_POINT('',(30.,138.,28.));
#15817=CARTESIAN_POINT('',(30.,53.,20.));
#15818=CARTESIAN_POINT('',(30.,49.7556179775281,14.8089887640449));
#15819=CARTESIAN_POINT('',(30.,53.,4.44089209850063E-15));
#15820=CARTESIAN_POINT('',(30.,53.,4.44089209850063E-15));
#15821=CARTESIAN_POINT('',(30.,58.1804640726126,2.22044604925031E-15));
#15822=CARTESIAN_POINT('',(30.,138.,4.44089209850063E-15));
#15823=CARTESIAN_POINT('',(30.,60.9168609673686,4.03599470106905));
#15824=CARTESIAN_POINT('',(30.,58.7329491570889,0.8148769930413));
#15825=CARTESIAN_POINT('',(30.,71.5040248314108,2.92323893950647));
#15826=CARTESIAN_POINT('',(30.,62.5050456380116,3.86906976580044));
#15827=CARTESIAN_POINT('',(30.,81.0325567973905,2.22044604925031E-15));
#15828=CARTESIAN_POINT('',(30.,68.2219939212912,3.93012652632258));
#15829=CARTESIAN_POINT('',(30.,105.905910580121,2.22044604925031E-15));
#15830=CARTESIAN_POINT('',(30.,138.,4.44089209850063E-15));
#15831=CARTESIAN_POINT('',(30.,105.838456699027,-0.64178080857898));
#15832=CARTESIAN_POINT('',(30.,105.616880309736,-2.74993933074154));
#15833=CARTESIAN_POINT('',(30.,115.036104054361,-1.6084925001047));
#15834=CARTESIAN_POINT('',(30.,79.6745316793512,2.10815852216256));
#15835=CARTESIAN_POINT('',(30.,114.780800724523,-4.03754142655675));
#15836=CARTESIAN_POINT('Origin',(18.,53.,4.44089209850063E-15));
#15837=CARTESIAN_POINT('',(18.,53.,20.));
#15838=CARTESIAN_POINT('',(21.,53.,20.));
#15839=CARTESIAN_POINT('',(18.,53.,4.44089209850063E-15));
#15840=CARTESIAN_POINT('',(18.,53.,4.44089209850063E-15));
#15841=CARTESIAN_POINT('',(30.,53.,4.44089209850063E-15));
#15842=CARTESIAN_POINT('Origin',(24.,95.5,28.));
#15843=CARTESIAN_POINT('',(18.,58.,28.));
#15844=CARTESIAN_POINT('',(21.,58.,28.));
#15845=CARTESIAN_POINT('',(18.,53.,28.));
#15846=CARTESIAN_POINT('Origin',(18.,138.,4.44089209850063E-15));
#15847=CARTESIAN_POINT('',(18.,115.036104054361,-1.6084925001047));
#15848=CARTESIAN_POINT('',(18.,115.205163428515,4.44089209850063E-15));
#15849=CARTESIAN_POINT('',(18.,105.838456699027,-0.64178080857898));
#15850=CARTESIAN_POINT('',(18.,115.036104054361,-1.6084925001047));
#15851=CARTESIAN_POINT('',(18.,105.905910580121,2.22044604925031E-15));
#15852=CARTESIAN_POINT('',(18.,105.838456699027,-0.64178080857898));
#15853=CARTESIAN_POINT('',(18.,81.0325567973905,2.22044604925031E-15));
#15854=CARTESIAN_POINT('',(18.,53.,4.44089209850063E-15));
#15855=CARTESIAN_POINT('',(18.,71.5040248314108,2.92323893950647));
#15856=CARTESIAN_POINT('',(18.,107.066037022269,-7.98675844253322));
#15857=CARTESIAN_POINT('',(18.,60.9168609673686,4.03599470106905));
#15858=CARTESIAN_POINT('',(18.,104.540682153605,-0.549053664077017));
#15859=CARTESIAN_POINT('',(18.,58.1804640726126,2.22044604925031E-15));
#15860=CARTESIAN_POINT('',(18.,72.1170079739803,20.5554309190049));
#15861=CARTESIAN_POINT('',(18.,53.,4.44089209850063E-15));
#15862=CARTESIAN_POINT('',(18.,61.6938202247191,33.9101123595506));
#15863=CARTESIAN_POINT('Origin',(21.,55.5,24.));
#15864=CARTESIAN_POINT('Origin',(24.,95.5,4.44089209850063E-15));
#15865=CARTESIAN_POINT('',(21.,58.1804640726126,4.44089209850063E-15));
#15866=CARTESIAN_POINT('Origin',(18.,81.0325567973905,2.22044604925031E-15));
#15867=CARTESIAN_POINT('',(21.,81.0325567973905,2.22044604925031E-15));
#15868=CARTESIAN_POINT('',(18.,71.5040248314108,2.92323893950647));
#15869=CARTESIAN_POINT('Origin',(18.,71.5040248314108,2.92323893950647));
#15870=CARTESIAN_POINT('',(18.,60.9168609673686,4.03599470106905));
#15871=CARTESIAN_POINT('Origin',(18.,60.9168609673686,4.03599470106905));
#15872=CARTESIAN_POINT('Origin',(24.,95.5,4.44089209850063E-15));
#15873=CARTESIAN_POINT('',(21.,105.905910580121,4.44089209850063E-15));
#15874=CARTESIAN_POINT('Origin',(18.,105.905910580121,2.22044604925031E-15));
#15875=CARTESIAN_POINT('',(18.,105.838456699027,-0.64178080857898));
#15876=CARTESIAN_POINT('Origin',(18.,105.838456699027,-0.64178080857898));
#15877=CARTESIAN_POINT('',(18.,115.036104054361,-1.6084925001047));
#15878=CARTESIAN_POINT('Origin',(18.,115.036104054361,-1.6084925001047));
#15879=CARTESIAN_POINT('Origin',(80.9887272698043,159.797308402775,0.));
#15880=CARTESIAN_POINT('',(76.9887272698043,159.797308402775,8.));
#15881=CARTESIAN_POINT('Origin',(80.9887272698043,159.797308402775,8.));
#15882=CARTESIAN_POINT('',(76.9887272698043,159.797308402775,5.));
#15883=CARTESIAN_POINT('',(76.9887272698043,159.797308402775,0.));
#15884=CARTESIAN_POINT('Origin',(80.9887272698043,159.797308402775,5.));
#15885=CARTESIAN_POINT('Origin',(80.9887272698043,159.797308402775,8.));
#15886=CARTESIAN_POINT('Origin',(83.9887272698044,69.,0.));
#15887=CARTESIAN_POINT('',(72.3887272698044,7.04552279281069,-9.23718390041026E-16));
#15888=CARTESIAN_POINT('',(95.5887272698044,7.04552279281069,-9.23718390041026E-16));
#15889=CARTESIAN_POINT('',(41.9943636349022,7.04552279281069,2.22044604925031E-15));
#15890=CARTESIAN_POINT('',(95.5887272698044,-1.62630325872826E-18,0.));
#15891=CARTESIAN_POINT('',(95.5887272698044,-1.62630325872826E-18,0.));
#15892=CARTESIAN_POINT('',(72.3887272698044,-1.62630325872826E-18,0.));
#15893=CARTESIAN_POINT('',(71.9887272698044,-1.62630325872826E-18,0.));
#15894=CARTESIAN_POINT('',(72.3887272698044,-1.62630325872826E-18,0.));
#15895=CARTESIAN_POINT('Origin',(83.9887272698044,69.,20.));
#15896=CARTESIAN_POINT('',(72.3887272698044,-1.62630325872826E-18,20.));
#15897=CARTESIAN_POINT('',(95.5887272698044,-1.62630325872826E-18,20.));
#15898=CARTESIAN_POINT('',(71.9887272698044,-1.62630325872826E-18,20.));
#15899=CARTESIAN_POINT('',(95.5887272698044,52.6,20.));
#15900=CARTESIAN_POINT('',(95.5887272698044,-1.62630325872826E-18,20.));
#15901=CARTESIAN_POINT('',(89.5887272698044,52.6,20.));
#15902=CARTESIAN_POINT('',(102.388727269804,52.6,20.));
#15903=CARTESIAN_POINT('',(89.5887272698044,138.,20.));
#15904=CARTESIAN_POINT('',(89.5887272698044,52.6,20.));
#15905=CARTESIAN_POINT('',(72.3887272698044,138.,20.));
#15906=CARTESIAN_POINT('',(95.9887272698044,138.,20.));
#15907=CARTESIAN_POINT('',(72.3887272698044,-1.62630325872826E-18,20.));
#15908=CARTESIAN_POINT('Origin',(72.3887272698044,-1.62630325872826E-18,
0.));
#15909=CARTESIAN_POINT('',(95.5887272698044,-1.62630325872826E-18,0.));
#15910=CARTESIAN_POINT('',(72.3887272698044,-1.62630325872826E-18,0.));
#15911=CARTESIAN_POINT('Origin',(83.9887272698044,69.,0.));
#15912=CARTESIAN_POINT('',(72.3887272698044,96.7618480350542,0.));
#15913=CARTESIAN_POINT('',(89.5887272698044,96.7618480350542,0.));
#15914=CARTESIAN_POINT('',(41.9943636349022,96.7618480350542,0.));
#15915=CARTESIAN_POINT('',(89.5887272698044,87.8671700983238,0.));
#15916=CARTESIAN_POINT('',(89.5887272698044,52.6,0.));
#15917=CARTESIAN_POINT('',(72.3887272698044,87.8671700983238,0.));
#15918=CARTESIAN_POINT('',(41.9943636349022,87.8671700983238,1.11022302462516E-15));
#15919=CARTESIAN_POINT('',(72.3887272698044,-1.62630325872826E-18,0.));
#15920=CARTESIAN_POINT('Origin',(95.5887272698044,52.6,0.));
#15921=CARTESIAN_POINT('',(95.5887272698044,52.6,6.3295003203623));
#15922=CARTESIAN_POINT('',(89.5887272698044,52.6,6.3295003203623));
#15923=CARTESIAN_POINT('',(47.7943636349022,52.6,6.3295003203623));
#15924=CARTESIAN_POINT('',(89.5887272698044,52.6,0.));
#15925=CARTESIAN_POINT('',(95.5887272698044,52.6,0.));
#15926=CARTESIAN_POINT('Origin',(95.5887272698044,-1.62630325872826E-18,
0.));
#15927=CARTESIAN_POINT('',(95.5887272698044,16.8382251370745,7.41142405493705));
#15928=CARTESIAN_POINT('',(95.5887272698044,9.70206244904054,2.01055247253676));
#15929=CARTESIAN_POINT('',(95.5887272698044,25.8796793200867,7.41142405493705));
#15930=CARTESIAN_POINT('',(95.5887272698044,12.9398396600434,7.41142405493705));
#15931=CARTESIAN_POINT('',(95.5887272698044,36.1734960425045,6.3295003203623));
#15932=CARTESIAN_POINT('',(95.5887272698044,18.6133617192555,8.17514480956994));
#15933=CARTESIAN_POINT('',(95.5887272698044,39.8915451492509,6.3295003203623));
#15934=CARTESIAN_POINT('Origin',(0.,79.7830902985018,6.3295003203623));
#15935=CARTESIAN_POINT('',(72.3887272698044,79.7830902985018,6.3295003203623));
#15936=CARTESIAN_POINT('',(72.3887272698044,36.1734960425045,6.3295003203623));
#15937=CARTESIAN_POINT('',(72.3887272698044,108.891545149251,6.3295003203623));
#15938=CARTESIAN_POINT('',(89.5887272698044,79.7830902985018,6.3295003203623));
#15939=CARTESIAN_POINT('',(0.,79.7830902985018,6.3295003203623));
#15940=CARTESIAN_POINT('',(89.5887272698044,66.1915451492509,6.3295003203623));
#15941=CARTESIAN_POINT('',(0.,36.1734960425045,6.3295003203623));
#15942=CARTESIAN_POINT('Origin',(0.,36.1734960425045,6.3295003203623));
#15943=CARTESIAN_POINT('',(72.3887272698044,25.8796793200867,7.41142405493705));
#15944=CARTESIAN_POINT('',(72.3887272698044,86.8594539445718,1.00219147635725));
#15945=CARTESIAN_POINT('',(0.,25.8796793200867,7.41142405493705));
#15946=CARTESIAN_POINT('Origin',(0.,16.8382251370745,7.41142405493705));
#15947=CARTESIAN_POINT('',(72.3887272698044,16.8382251370745,7.41142405493705));
#15948=CARTESIAN_POINT('',(72.3887272698044,53.5730424010015,35.2134850951222));
#15949=CARTESIAN_POINT('',(0.,16.8382251370745,7.41142405493705));
#15950=CARTESIAN_POINT('Origin',(0.,87.8671700983238,0.));
#15951=CARTESIAN_POINT('',(72.3887272698044,103.407181133757,-12.167186280048));
#15952=CARTESIAN_POINT('',(89.5887272698044,76.9351677838461,8.55930592783266));
#15953=CARTESIAN_POINT('Origin',(0.,25.8796793200867,7.41142405493705));
#15954=CARTESIAN_POINT('',(72.3887272698044,81.9398396600434,7.41142405493705));
#15955=CARTESIAN_POINT('Origin',(0.,104.812290680848,-0.846135617836361));
#15956=CARTESIAN_POINT('',(89.5887272698044,104.901223117892,0.));
#15957=CARTESIAN_POINT('',(89.5887272698044,104.812290680848,-0.846135617836361));
#15958=CARTESIAN_POINT('',(89.5887272698044,104.571030096949,-3.14157674148762));
#15959=CARTESIAN_POINT('',(72.3887272698044,104.812290680848,-0.846135617836361));
#15960=CARTESIAN_POINT('',(0.,104.812290680848,-0.846135617836361));
#15961=CARTESIAN_POINT('',(72.3887272698044,104.901223117892,0.));
#15962=CARTESIAN_POINT('',(72.3887272698044,105.037578821283,1.29733785747154));
#15963=CARTESIAN_POINT('',(41.9943636349022,104.901223117892,-2.77555756156289E-16));
#15964=CARTESIAN_POINT('Origin',(0.,96.7618480350542,0.));
#15965=CARTESIAN_POINT('',(89.5887272698044,74.9221846014258,2.29544112365126));
#15966=CARTESIAN_POINT('',(72.3887272698044,117.155635877093,-2.1434734753079));
#15967=CARTESIAN_POINT('Origin',(72.3887272698044,138.,0.));
#15968=CARTESIAN_POINT('',(72.3887272698044,151.59461680555,13.6607260738895));
#15969=CARTESIAN_POINT('',(72.3887272698044,148.62753061837,15.0443010853775));
#15970=CARTESIAN_POINT('',(72.3887272698044,151.59461680555,5.));
#15971=CARTESIAN_POINT('',(72.3887272698044,151.59461680555,2.5));
#15972=CARTESIAN_POINT('',(72.3887272698044,168.,5.));
#15973=CARTESIAN_POINT('',(72.3887272698044,153.,5.));
#15974=CARTESIAN_POINT('',(72.3887272698044,168.,0.));
#15975=CARTESIAN_POINT('',(72.3887272698044,168.,0.));
#15976=CARTESIAN_POINT('',(72.3887272698044,116.75,0.));
#15977=CARTESIAN_POINT('',(72.3887272698044,133.,10.));
#15978=CARTESIAN_POINT('Origin',(72.3887272698044,138.,10.));
#15979=CARTESIAN_POINT('Origin',(89.5887272698044,52.6,0.));
#15980=CARTESIAN_POINT('',(89.5887272698044,168.,0.));
#15981=CARTESIAN_POINT('',(89.5887272698044,52.6,0.));
#15982=CARTESIAN_POINT('',(89.5887272698044,168.,5.));
#15983=CARTESIAN_POINT('',(89.5887272698044,168.,0.));
#15984=CARTESIAN_POINT('',(89.5887272698044,151.59461680555,5.));
#15985=CARTESIAN_POINT('',(89.5887272698044,170.5,5.));
#15986=CARTESIAN_POINT('',(89.5887272698044,151.59461680555,13.6607260738895));
#15987=CARTESIAN_POINT('',(89.5887272698044,151.59461680555,2.5));
#15988=CARTESIAN_POINT('',(89.5887272698044,163.001922203127,8.34141220808639));
#15989=CARTESIAN_POINT('',(89.5887272698044,133.,10.));
#15990=CARTESIAN_POINT('Origin',(89.5887272698044,138.,10.));
#15991=CARTESIAN_POINT('Origin',(0.,138.,10.));
#15992=CARTESIAN_POINT('',(0.,133.,10.));
#15993=CARTESIAN_POINT('Origin',(263.988727269804,95.5,0.));
#15994=CARTESIAN_POINT('',(0.,168.,0.));
#15995=CARTESIAN_POINT('Origin',(0.,168.,0.));
#15996=CARTESIAN_POINT('',(0.,168.,5.));
#15997=CARTESIAN_POINT('Origin',(0.,168.,5.));
#15998=CARTESIAN_POINT('',(0.,151.59461680555,5.));
#15999=CARTESIAN_POINT('Origin',(0.,151.59461680555,13.6607260738895));
#16000=CARTESIAN_POINT('',(0.,151.59461680555,13.6607260738895));
#16001=CARTESIAN_POINT('Origin',(0.,151.59461680555,5.));
#16002=CARTESIAN_POINT('Origin',(191.988727269804,159.797308402775,0.));
#16003=CARTESIAN_POINT('',(187.988727269804,159.797308402775,8.));
#16004=CARTESIAN_POINT('Origin',(191.988727269804,159.797308402775,8.));
#16005=CARTESIAN_POINT('',(187.988727269804,159.797308402775,5.));
#16006=CARTESIAN_POINT('',(187.988727269804,159.797308402775,0.));
#16007=CARTESIAN_POINT('Origin',(191.988727269804,159.797308402775,5.));
#16008=CARTESIAN_POINT('Origin',(191.988727269804,159.797308402775,8.));
#16009=CARTESIAN_POINT('Origin',(0.,151.59461680555,5.));
#16010=CARTESIAN_POINT('',(197.988727269804,151.59461680555,13.6607260738895));
#16011=CARTESIAN_POINT('',(197.988727269804,151.59461680555,5.));
#16012=CARTESIAN_POINT('',(197.988727269804,151.59461680555,2.5));
#16013=CARTESIAN_POINT('',(185.988727269804,151.59461680555,5.));
#16014=CARTESIAN_POINT('',(0.,151.59461680555,5.));
#16015=CARTESIAN_POINT('',(185.988727269804,151.59461680555,13.6607260738895));
#16016=CARTESIAN_POINT('',(185.988727269804,151.59461680555,2.5));
#16017=CARTESIAN_POINT('',(0.,151.59461680555,13.6607260738895));
#16018=CARTESIAN_POINT('Origin',(0.,151.59461680555,13.6607260738895));
#16019=CARTESIAN_POINT('',(197.988727269804,138.,20.));
#16020=CARTESIAN_POINT('',(197.988727269804,163.001922203127,8.34141220808639));
#16021=CARTESIAN_POINT('',(185.988727269804,138.,20.));
#16022=CARTESIAN_POINT('',(185.988727269804,148.62753061837,15.0443010853775));
#16023=CARTESIAN_POINT('',(98.9943636349022,138.,20.));
#16024=CARTESIAN_POINT('Origin',(0.,168.,5.));
#16025=CARTESIAN_POINT('',(197.988727269804,168.,5.));
#16026=CARTESIAN_POINT('',(197.988727269804,170.5,5.));
#16027=CARTESIAN_POINT('',(185.988727269804,168.,5.));
#16028=CARTESIAN_POINT('',(0.,168.,5.));
#16029=CARTESIAN_POINT('',(185.988727269804,153.,5.));
#16030=CARTESIAN_POINT('Origin',(0.,168.,0.));
#16031=CARTESIAN_POINT('',(197.988727269804,168.,0.));
#16032=CARTESIAN_POINT('',(197.988727269804,168.,0.));
#16033=CARTESIAN_POINT('',(185.988727269804,168.,0.));
#16034=CARTESIAN_POINT('',(0.,168.,0.));
#16035=CARTESIAN_POINT('',(185.988727269804,168.,0.));
#16036=CARTESIAN_POINT('Origin',(263.988727269804,95.5,0.));
#16037=CARTESIAN_POINT('',(197.988727269804,115.205163428515,4.44089209850063E-15));
#16038=CARTESIAN_POINT('',(197.988727269804,138.,0.));
#16039=CARTESIAN_POINT('',(185.988727269804,115.205163428515,4.44089209850063E-15));
#16040=CARTESIAN_POINT('',(104.994363634902,115.205163428515,0.));
#16041=CARTESIAN_POINT('',(185.988727269804,116.75,0.));
#16042=CARTESIAN_POINT('Origin',(0.,138.,10.));
#16043=CARTESIAN_POINT('',(185.988727269804,133.,10.));
#16044=CARTESIAN_POINT('Origin',(185.988727269804,138.,10.));
#16045=CARTESIAN_POINT('',(197.988727269804,133.,10.));
#16046=CARTESIAN_POINT('',(0.,133.,10.));
#16047=CARTESIAN_POINT('Origin',(197.988727269804,138.,10.));
#16048=CARTESIAN_POINT('Origin',(197.988727269804,138.,0.));
#16049=CARTESIAN_POINT('',(185.988727269804,138.,28.));
#16050=CARTESIAN_POINT('',(185.988727269804,138.,0.));
#16051=CARTESIAN_POINT('',(197.988727269804,138.,28.));
#16052=CARTESIAN_POINT('',(185.588727269804,138.,28.));
#16053=CARTESIAN_POINT('',(197.988727269804,138.,0.));
#16054=CARTESIAN_POINT('Origin',(185.988727269804,138.,0.));
#16055=CARTESIAN_POINT('',(185.988727269804,115.036104054361,-1.6084925001047));
#16056=CARTESIAN_POINT('',(185.988727269804,115.24516420893,0.380582003320637));
#16057=CARTESIAN_POINT('',(185.988727269804,105.838456699027,-0.64178080857898));
#16058=CARTESIAN_POINT('',(185.988727269804,121.710168194945,-2.30996490771483));
#16059=CARTESIAN_POINT('',(185.988727269804,105.905910580121,2.22044604925031E-15));
#16060=CARTESIAN_POINT('',(185.988727269804,106.081243794143,1.66818409913585));
#16061=CARTESIAN_POINT('',(185.988727269804,105.905910580121,6.61769448870016));
#16062=CARTESIAN_POINT('',(185.988727269804,105.905910580121,1.11022302462516E-15));
#16063=CARTESIAN_POINT('',(185.988727269804,71.5040248314108,2.92323893950647));
#16064=CARTESIAN_POINT('',(185.988727269804,121.418707960038,8.28363050111484));
#16065=CARTESIAN_POINT('',(185.988727269804,54.1804640726126,4.74401854513847));
#16066=CARTESIAN_POINT('',(185.988727269804,104.540682153605,-0.549053664077014));
#16067=CARTESIAN_POINT('',(185.988727269804,54.1804640726126,3.93492260434437E-15));
#16068=CARTESIAN_POINT('',(185.988727269804,54.1804640726126,2.37200927256924));
#16069=CARTESIAN_POINT('',(185.988727269804,53.,0.));
#16070=CARTESIAN_POINT('',(185.988727269804,53.,0.));
#16071=CARTESIAN_POINT('',(185.988727269804,53.,20.));
#16072=CARTESIAN_POINT('',(185.988727269804,53.,0.));
#16073=CARTESIAN_POINT('',(185.988727269804,58.,28.));
#16074=CARTESIAN_POINT('',(185.988727269804,61.6938202247191,33.9101123595506));
#16075=CARTESIAN_POINT('',(185.988727269804,53.,28.));
#16076=CARTESIAN_POINT('Origin',(185.988727269804,53.,0.));
#16077=CARTESIAN_POINT('',(197.988727269804,53.,20.));
#16078=CARTESIAN_POINT('',(188.988727269804,53.,20.));
#16079=CARTESIAN_POINT('',(197.988727269804,53.,0.));
#16080=CARTESIAN_POINT('',(197.988727269804,53.,0.));
#16081=CARTESIAN_POINT('',(197.988727269804,53.,0.));
#16082=CARTESIAN_POINT('Origin',(197.988727269804,53.,0.));
#16083=CARTESIAN_POINT('',(197.988727269804,58.,28.));
#16084=CARTESIAN_POINT('',(197.988727269804,138.,28.));
#16085=CARTESIAN_POINT('',(197.988727269804,49.7556179775281,14.8089887640449));
#16086=CARTESIAN_POINT('',(197.988727269804,54.1804640726126,3.93492260434437E-15));
#16087=CARTESIAN_POINT('',(197.988727269804,138.,0.));
#16088=CARTESIAN_POINT('',(197.988727269804,54.1804640726126,4.74401854513847));
#16089=CARTESIAN_POINT('',(197.988727269804,54.1804640726126,2.37200927256924));
#16090=CARTESIAN_POINT('',(197.988727269804,71.5040248314108,2.92323893950647));
#16091=CARTESIAN_POINT('',(197.988727269804,62.5050456380116,3.86906976580044));
#16092=CARTESIAN_POINT('',(197.988727269804,105.905910580121,6.61769448870016));
#16093=CARTESIAN_POINT('',(197.988727269804,79.4032654761954,3.77154689703274));
#16094=CARTESIAN_POINT('',(197.988727269804,105.905910580121,2.22044604925031E-15));
#16095=CARTESIAN_POINT('',(197.988727269804,105.905910580121,1.11022302462516E-15));
#16096=CARTESIAN_POINT('',(197.988727269804,105.838456699027,-0.64178080857898));
#16097=CARTESIAN_POINT('',(197.988727269804,105.616880309736,-2.74993933074154));
#16098=CARTESIAN_POINT('',(197.988727269804,115.036104054361,-1.6084925001047));
#16099=CARTESIAN_POINT('',(197.988727269804,79.6745316793512,2.10815852216256));
#16100=CARTESIAN_POINT('',(197.988727269804,114.780800724523,-4.03754142655675));
#16101=CARTESIAN_POINT('Origin',(191.988727269804,95.5,28.));
#16102=CARTESIAN_POINT('',(188.988727269804,58.,28.));
#16103=CARTESIAN_POINT('Origin',(188.988727269804,55.5,24.));
#16104=CARTESIAN_POINT('Origin',(191.988727269804,95.5,0.));
#16105=CARTESIAN_POINT('',(104.994363634902,54.1804640726126,0.));
#16106=CARTESIAN_POINT('Origin',(18.,105.905910580121,2.22044604925031E-15));
#16107=CARTESIAN_POINT('',(104.994363634902,105.905910580121,0.));
#16108=CARTESIAN_POINT('',(18.,105.905910580121,6.61769448870016));
#16109=CARTESIAN_POINT('Origin',(18.,105.905910580121,6.61769448870016));
#16110=CARTESIAN_POINT('',(18.,71.5040248314108,2.92323893950647));
#16111=CARTESIAN_POINT('Origin',(18.,54.1804640726126,4.74401854513847));
#16112=CARTESIAN_POINT('',(18.,54.1804640726126,4.74401854513847));
#16113=CARTESIAN_POINT('Origin',(18.,71.5040248314108,2.92323893950647));
#16114=CARTESIAN_POINT('Origin',(18.,105.905910580121,2.22044604925031E-15));
#16115=CARTESIAN_POINT('',(18.,105.838456699027,-0.64178080857898));
#16116=CARTESIAN_POINT('Origin',(18.,105.838456699027,-0.64178080857898));
#16117=CARTESIAN_POINT('',(18.,115.036104054361,-1.6084925001047));
#16118=CARTESIAN_POINT('Origin',(18.,115.036104054361,-1.6084925001047));
#16119=CARTESIAN_POINT('Origin',(176.988727269804,159.797308402775,0.));
#16120=CARTESIAN_POINT('',(172.988727269804,159.797308402775,8.));
#16121=CARTESIAN_POINT('Origin',(176.988727269804,159.797308402775,8.));
#16122=CARTESIAN_POINT('',(172.988727269804,159.797308402775,5.));
#16123=CARTESIAN_POINT('',(172.988727269804,159.797308402775,0.));
#16124=CARTESIAN_POINT('Origin',(176.988727269804,159.797308402775,5.));
#16125=CARTESIAN_POINT('Origin',(176.988727269804,159.797308402775,8.));
#16126=CARTESIAN_POINT('Origin',(179.988727269804,69.,0.));
#16127=CARTESIAN_POINT('',(168.388727269804,7.04552279281069,-9.23718390041026E-16));
#16128=CARTESIAN_POINT('',(191.588727269804,7.04552279281069,-9.23718390041026E-16));
#16129=CARTESIAN_POINT('',(89.9943636349022,7.04552279281069,2.22044604925031E-15));
#16130=CARTESIAN_POINT('',(191.588727269804,0.,0.));
#16131=CARTESIAN_POINT('',(191.588727269804,0.,0.));
#16132=CARTESIAN_POINT('',(168.388727269804,0.,0.));
#16133=CARTESIAN_POINT('',(191.988727269804,0.,0.));
#16134=CARTESIAN_POINT('',(168.388727269804,138.,0.));
#16135=CARTESIAN_POINT('Origin',(179.988727269804,69.,20.));
#16136=CARTESIAN_POINT('',(168.388727269804,138.,20.));
#16137=CARTESIAN_POINT('',(168.388727269804,0.,20.));
#16138=CARTESIAN_POINT('',(168.388727269804,138.,20.));
#16139=CARTESIAN_POINT('',(191.588727269804,0.,20.));
#16140=CARTESIAN_POINT('',(191.988727269804,0.,20.));
#16141=CARTESIAN_POINT('',(191.588727269804,52.6,20.));
#16142=CARTESIAN_POINT('',(191.588727269804,0.,20.));
#16143=CARTESIAN_POINT('',(185.588727269804,52.6,20.));
#16144=CARTESIAN_POINT('',(198.388727269804,52.6,20.));
#16145=CARTESIAN_POINT('',(185.588727269804,138.,20.));
#16146=CARTESIAN_POINT('',(185.588727269804,52.6,20.));
#16147=CARTESIAN_POINT('',(167.988727269804,138.,20.));
#16148=CARTESIAN_POINT('Origin',(168.388727269804,0.,0.));
#16149=CARTESIAN_POINT('',(191.588727269804,0.,0.));
#16150=CARTESIAN_POINT('',(168.388727269804,0.,0.));
#16151=CARTESIAN_POINT('Origin',(191.588727269804,0.,0.));
#16152=CARTESIAN_POINT('',(191.588727269804,36.1734960425045,6.3295003203623));
#16153=CARTESIAN_POINT('',(191.588727269804,52.6,6.3295003203623));
#16154=CARTESIAN_POINT('',(191.588727269804,39.8915451492509,6.3295003203623));
#16155=CARTESIAN_POINT('',(191.588727269804,52.6,0.));
#16156=CARTESIAN_POINT('',(191.588727269804,16.8382251370745,7.41142405493705));
#16157=CARTESIAN_POINT('',(191.588727269804,9.70206244904054,2.01055247253676));
#16158=CARTESIAN_POINT('',(191.588727269804,25.8796793200867,7.41142405493705));
#16159=CARTESIAN_POINT('',(191.588727269804,12.9398396600434,7.41142405493705));
#16160=CARTESIAN_POINT('',(191.588727269804,18.6133617192555,8.17514480956994));
#16161=CARTESIAN_POINT('Origin',(179.988727269804,69.,0.));
#16162=CARTESIAN_POINT('',(168.388727269804,96.7618480350542,0.));
#16163=CARTESIAN_POINT('',(185.588727269804,96.7618480350542,0.));
#16164=CARTESIAN_POINT('',(89.9943636349022,96.7618480350542,0.));
#16165=CARTESIAN_POINT('',(185.588727269804,87.8671700983238,0.));
#16166=CARTESIAN_POINT('',(185.588727269804,52.6,0.));
#16167=CARTESIAN_POINT('',(168.388727269804,87.8671700983238,0.));
#16168=CARTESIAN_POINT('',(89.9943636349022,87.8671700983238,1.11022302462516E-15));
#16169=CARTESIAN_POINT('',(168.388727269804,138.,0.));
#16170=CARTESIAN_POINT('Origin',(191.588727269804,52.6,0.));
#16171=CARTESIAN_POINT('',(185.588727269804,52.6,6.3295003203623));
#16172=CARTESIAN_POINT('',(95.7943636349022,52.6,6.3295003203623));
#16173=CARTESIAN_POINT('',(185.588727269804,52.6,0.));
#16174=CARTESIAN_POINT('Origin',(0.,36.1734960425045,6.3295003203623));
#16175=CARTESIAN_POINT('',(168.388727269804,25.8796793200867,7.41142405493705));
#16176=CARTESIAN_POINT('',(0.,25.8796793200867,7.41142405493705));
#16177=CARTESIAN_POINT('',(168.388727269804,36.1734960425045,6.3295003203623));
#16178=CARTESIAN_POINT('',(168.388727269804,86.8594539445718,1.00219147635725));
#16179=CARTESIAN_POINT('',(0.,36.1734960425045,6.3295003203623));
#16180=CARTESIAN_POINT('Origin',(0.,25.8796793200867,7.41142405493705));
#16181=CARTESIAN_POINT('',(168.388727269804,16.8382251370745,7.41142405493705));
#16182=CARTESIAN_POINT('',(0.,16.8382251370745,7.41142405493705));
#16183=CARTESIAN_POINT('',(168.388727269804,81.9398396600434,7.41142405493705));
#16184=CARTESIAN_POINT('Origin',(0.,16.8382251370745,7.41142405493705));
#16185=CARTESIAN_POINT('',(168.388727269804,53.5730424010015,35.2134850951222));
#16186=CARTESIAN_POINT('Origin',(0.,87.8671700983238,0.));
#16187=CARTESIAN_POINT('',(185.588727269804,79.7830902985018,6.3295003203623));
#16188=CARTESIAN_POINT('',(185.588727269804,76.9351677838461,8.55930592783266));
#16189=CARTESIAN_POINT('',(168.388727269804,79.7830902985018,6.3295003203623));
#16190=CARTESIAN_POINT('',(0.,79.7830902985018,6.3295003203623));
#16191=CARTESIAN_POINT('',(168.388727269804,103.407181133757,-12.167186280048));
#16192=CARTESIAN_POINT('Origin',(0.,79.7830902985018,6.3295003203623));
#16193=CARTESIAN_POINT('',(168.388727269804,108.891545149251,6.3295003203623));
#16194=CARTESIAN_POINT('',(185.588727269804,66.1915451492509,6.3295003203623));
#16195=CARTESIAN_POINT('Origin',(0.,104.812290680848,-0.846135617836361));
#16196=CARTESIAN_POINT('',(185.588727269804,104.901223117892,0.));
#16197=CARTESIAN_POINT('',(185.588727269804,104.812290680848,-0.846135617836361));
#16198=CARTESIAN_POINT('',(185.588727269804,104.571030096949,-3.14157674148762));
#16199=CARTESIAN_POINT('',(168.388727269804,104.812290680848,-0.846135617836361));
#16200=CARTESIAN_POINT('',(0.,104.812290680848,-0.846135617836361));
#16201=CARTESIAN_POINT('',(168.388727269804,104.901223117892,0.));
#16202=CARTESIAN_POINT('',(168.388727269804,105.037578821283,1.29733785747154));
#16203=CARTESIAN_POINT('',(89.9943636349022,104.901223117892,-2.77555756156289E-16));
#16204=CARTESIAN_POINT('Origin',(0.,96.7618480350542,0.));
#16205=CARTESIAN_POINT('',(185.588727269804,74.9221846014258,2.29544112365126));
#16206=CARTESIAN_POINT('',(168.388727269804,117.155635877093,-2.1434734753079));
#16207=CARTESIAN_POINT('Origin',(168.388727269804,138.,0.));
#16208=CARTESIAN_POINT('',(168.388727269804,151.59461680555,13.6607260738895));
#16209=CARTESIAN_POINT('',(168.388727269804,148.62753061837,15.0443010853775));
#16210=CARTESIAN_POINT('',(168.388727269804,151.59461680555,5.));
#16211=CARTESIAN_POINT('',(168.388727269804,151.59461680555,2.5));
#16212=CARTESIAN_POINT('',(168.388727269804,168.,5.));
#16213=CARTESIAN_POINT('',(168.388727269804,153.,5.));
#16214=CARTESIAN_POINT('',(168.388727269804,168.,0.));
#16215=CARTESIAN_POINT('',(168.388727269804,168.,0.));
#16216=CARTESIAN_POINT('',(168.388727269804,138.,0.));
#16217=CARTESIAN_POINT('',(168.388727269804,133.,10.));
#16218=CARTESIAN_POINT('Origin',(168.388727269804,138.,10.));
#16219=CARTESIAN_POINT('Origin',(185.588727269804,52.6,0.));
#16220=CARTESIAN_POINT('',(185.588727269804,168.,0.));
#16221=CARTESIAN_POINT('',(185.588727269804,52.6,0.));
#16222=CARTESIAN_POINT('',(185.588727269804,168.,5.));
#16223=CARTESIAN_POINT('',(185.588727269804,168.,0.));
#16224=CARTESIAN_POINT('',(185.588727269804,151.59461680555,5.));
#16225=CARTESIAN_POINT('',(185.588727269804,170.5,5.));
#16226=CARTESIAN_POINT('',(185.588727269804,151.59461680555,13.6607260738895));
#16227=CARTESIAN_POINT('',(185.588727269804,151.59461680555,2.5));
#16228=CARTESIAN_POINT('',(185.588727269804,163.001922203127,8.34141220808639));
#16229=CARTESIAN_POINT('',(185.588727269804,133.,10.));
#16230=CARTESIAN_POINT('Origin',(185.588727269804,138.,10.));
#16231=CARTESIAN_POINT('Origin',(0.,138.,10.));
#16232=CARTESIAN_POINT('',(0.,133.,10.));
#16233=CARTESIAN_POINT('Origin',(263.988727269804,95.5,0.));
#16234=CARTESIAN_POINT('',(0.,168.,0.));
#16235=CARTESIAN_POINT('Origin',(0.,168.,0.));
#16236=CARTESIAN_POINT('',(0.,168.,5.));
#16237=CARTESIAN_POINT('Origin',(0.,168.,5.));
#16238=CARTESIAN_POINT('',(0.,151.59461680555,5.));
#16239=CARTESIAN_POINT('Origin',(0.,151.59461680555,13.6607260738895));
#16240=CARTESIAN_POINT('',(0.,151.59461680555,13.6607260738895));
#16241=CARTESIAN_POINT('Origin',(0.,151.59461680555,5.));
#16242=CARTESIAN_POINT('Origin',(299.988727269804,159.797308402775,0.));
#16243=CARTESIAN_POINT('',(295.988727269804,159.797308402775,8.));
#16244=CARTESIAN_POINT('Origin',(299.988727269804,159.797308402775,8.));
#16245=CARTESIAN_POINT('',(295.988727269804,159.797308402775,5.));
#16246=CARTESIAN_POINT('',(295.988727269804,159.797308402775,0.));
#16247=CARTESIAN_POINT('Origin',(299.988727269804,159.797308402775,5.));
#16248=CARTESIAN_POINT('Origin',(299.988727269804,159.797308402775,8.));
#16249=CARTESIAN_POINT('Origin',(0.,151.59461680555,5.));
#16250=CARTESIAN_POINT('',(305.588727269804,151.59461680555,13.6607260738895));
#16251=CARTESIAN_POINT('',(305.588727269804,151.59461680555,5.));
#16252=CARTESIAN_POINT('',(305.588727269804,151.59461680555,2.5));
#16253=CARTESIAN_POINT('',(294.388727269804,151.59461680555,5.));
#16254=CARTESIAN_POINT('',(0.,151.59461680555,5.));
#16255=CARTESIAN_POINT('',(294.388727269804,151.59461680555,13.6607260738895));
#16256=CARTESIAN_POINT('',(294.388727269804,151.59461680555,2.5));
#16257=CARTESIAN_POINT('',(0.,151.59461680555,13.6607260738895));
#16258=CARTESIAN_POINT('Origin',(0.,151.59461680555,13.6607260738895));
#16259=CARTESIAN_POINT('',(305.588727269804,138.,20.));
#16260=CARTESIAN_POINT('',(305.588727269804,163.001922203127,8.34141220808639));
#16261=CARTESIAN_POINT('',(294.388727269804,138.,20.));
#16262=CARTESIAN_POINT('',(294.388727269804,148.62753061837,15.0443010853775));
#16263=CARTESIAN_POINT('',(287.988727269804,138.,20.));
#16264=CARTESIAN_POINT('Origin',(0.,168.,5.));
#16265=CARTESIAN_POINT('',(305.588727269804,168.,5.));
#16266=CARTESIAN_POINT('',(305.588727269804,170.5,5.));
#16267=CARTESIAN_POINT('',(294.388727269804,168.,5.));
#16268=CARTESIAN_POINT('',(0.,168.,5.));
#16269=CARTESIAN_POINT('',(294.388727269804,153.,5.));
#16270=CARTESIAN_POINT('Origin',(0.,168.,0.));
#16271=CARTESIAN_POINT('',(305.588727269804,168.,0.));
#16272=CARTESIAN_POINT('',(305.588727269804,168.,0.));
#16273=CARTESIAN_POINT('',(294.388727269804,168.,0.));
#16274=CARTESIAN_POINT('',(0.,168.,0.));
#16275=CARTESIAN_POINT('',(294.388727269804,168.,0.));
#16276=CARTESIAN_POINT('Origin',(263.988727269804,95.5,0.));
#16277=CARTESIAN_POINT('',(305.588727269804,104.901223117892,0.));
#16278=CARTESIAN_POINT('',(305.588727269804,52.6,0.));
#16279=CARTESIAN_POINT('',(294.388727269804,104.901223117892,0.));
#16280=CARTESIAN_POINT('',(149.994363634902,104.901223117892,-2.77555756156289E-16));
#16281=CARTESIAN_POINT('',(294.388727269804,116.75,0.));
#16282=CARTESIAN_POINT('Origin',(0.,138.,10.));
#16283=CARTESIAN_POINT('',(294.388727269804,133.,10.));
#16284=CARTESIAN_POINT('Origin',(294.388727269804,138.,10.));
#16285=CARTESIAN_POINT('',(305.588727269804,133.,10.));
#16286=CARTESIAN_POINT('',(0.,133.,10.));
#16287=CARTESIAN_POINT('Origin',(305.588727269804,138.,10.));
#16288=CARTESIAN_POINT('Origin',(305.588727269804,52.6,0.));
#16289=CARTESIAN_POINT('',(305.588727269804,52.6,20.));
#16290=CARTESIAN_POINT('',(305.588727269804,52.6,20.));
#16291=CARTESIAN_POINT('',(305.588727269804,52.6,6.3295003203623));
#16292=CARTESIAN_POINT('',(305.588727269804,52.6,0.));
#16293=CARTESIAN_POINT('',(305.588727269804,79.7830902985018,6.3295003203623));
#16294=CARTESIAN_POINT('',(305.588727269804,66.1915451492509,6.3295003203623));
#16295=CARTESIAN_POINT('',(305.588727269804,87.8671700983238,0.));
#16296=CARTESIAN_POINT('',(305.588727269804,76.9351677838461,8.55930592783266));
#16297=CARTESIAN_POINT('',(305.588727269804,96.7618480350542,0.));
#16298=CARTESIAN_POINT('',(305.588727269804,52.6,0.));
#16299=CARTESIAN_POINT('',(305.588727269804,104.812290680848,-0.846135617836361));
#16300=CARTESIAN_POINT('',(305.588727269804,74.9221846014258,2.29544112365126));
#16301=CARTESIAN_POINT('',(305.588727269804,104.571030096949,-3.14157674148762));
#16302=CARTESIAN_POINT('Origin',(294.388727269804,138.,0.));
#16303=CARTESIAN_POINT('',(294.388727269804,104.812290680848,-0.846135617836361));
#16304=CARTESIAN_POINT('',(294.388727269804,105.037578821283,1.29733785747154));
#16305=CARTESIAN_POINT('',(294.388727269804,96.7618480350542,0.));
#16306=CARTESIAN_POINT('',(294.388727269804,117.155635877093,-2.1434734753079));
#16307=CARTESIAN_POINT('',(294.388727269804,87.8671700983238,0.));
#16308=CARTESIAN_POINT('',(294.388727269804,138.,0.));
#16309=CARTESIAN_POINT('',(294.388727269804,79.7830902985018,6.3295003203623));
#16310=CARTESIAN_POINT('',(294.388727269804,103.407181133757,-12.167186280048));
#16311=CARTESIAN_POINT('',(294.388727269804,52.6,6.3295003203623));
#16312=CARTESIAN_POINT('',(294.388727269804,108.891545149251,6.3295003203623));
#16313=CARTESIAN_POINT('',(294.388727269804,52.6,20.));
#16314=CARTESIAN_POINT('',(294.388727269804,52.6,0.));
#16315=CARTESIAN_POINT('',(294.388727269804,138.,20.));
#16316=CARTESIAN_POINT('Origin',(0.,96.7618480350542,0.));
#16317=CARTESIAN_POINT('',(0.,104.812290680848,-0.846135617836361));
#16318=CARTESIAN_POINT('',(149.994363634902,96.7618480350542,0.));
#16319=CARTESIAN_POINT('Origin',(0.,104.812290680848,-0.846135617836361));
#16320=CARTESIAN_POINT('Origin',(0.,79.7830902985018,6.3295003203623));
#16321=CARTESIAN_POINT('',(311.588727269804,36.1734960425045,6.3295003203623));
#16322=CARTESIAN_POINT('',(311.588727269804,52.6,6.3295003203623));
#16323=CARTESIAN_POINT('',(311.588727269804,39.8915451492509,6.3295003203623));
#16324=CARTESIAN_POINT('',(288.388727269804,36.1734960425045,6.3295003203623));
#16325=CARTESIAN_POINT('',(0.,36.1734960425045,6.3295003203623));
#16326=CARTESIAN_POINT('',(288.388727269804,52.6,6.3295003203623));
#16327=CARTESIAN_POINT('',(288.388727269804,66.1915451492509,6.3295003203623));
#16328=CARTESIAN_POINT('',(147.194363634902,52.6,6.3295003203623));
#16329=CARTESIAN_POINT('',(0.,79.7830902985018,6.3295003203623));
#16330=CARTESIAN_POINT('',(155.794363634902,52.6,6.3295003203623));
#16331=CARTESIAN_POINT('Origin',(0.,87.8671700983238,0.));
#16332=CARTESIAN_POINT('',(149.994363634902,87.8671700983238,1.11022302462516E-15));
#16333=CARTESIAN_POINT('Origin',(0.,16.8382251370745,7.41142405493705));
#16334=CARTESIAN_POINT('',(311.588727269804,7.04552279281069,-9.23718390041026E-16));
#16335=CARTESIAN_POINT('',(311.588727269804,16.8382251370745,7.41142405493705));
#16336=CARTESIAN_POINT('',(311.588727269804,9.70206244904054,2.01055247253676));
#16337=CARTESIAN_POINT('',(288.388727269804,7.04552279281069,-9.23718390041026E-16));
#16338=CARTESIAN_POINT('',(149.994363634902,7.04552279281069,2.22044604925031E-15));
#16339=CARTESIAN_POINT('',(288.388727269804,16.8382251370745,7.41142405493705));
#16340=CARTESIAN_POINT('',(288.388727269804,26.4238997350778,14.6661630228845));
#16341=CARTESIAN_POINT('',(0.,16.8382251370745,7.41142405493705));
#16342=CARTESIAN_POINT('Origin',(0.,25.8796793200867,7.41142405493705));
#16343=CARTESIAN_POINT('',(311.588727269804,25.8796793200867,7.41142405493705));
#16344=CARTESIAN_POINT('',(311.588727269804,12.9398396600434,7.41142405493705));
#16345=CARTESIAN_POINT('',(288.388727269804,25.8796793200867,7.41142405493705));
#16346=CARTESIAN_POINT('',(288.388727269804,39.2398396600434,7.41142405493705));
#16347=CARTESIAN_POINT('',(0.,25.8796793200867,7.41142405493705));
#16348=CARTESIAN_POINT('Origin',(0.,36.1734960425045,6.3295003203623));
#16349=CARTESIAN_POINT('',(311.588727269804,18.6133617192555,8.17514480956994));
#16350=CARTESIAN_POINT('',(288.388727269804,44.626002668905,5.44110607531641));
#16351=CARTESIAN_POINT('Origin',(311.588727269804,52.6,0.));
#16352=CARTESIAN_POINT('',(311.588727269804,52.6,20.));
#16353=CARTESIAN_POINT('',(318.388727269804,52.6,20.));
#16354=CARTESIAN_POINT('',(311.588727269804,52.6,0.));
#16355=CARTESIAN_POINT('Origin',(288.388727269804,52.6,0.));
#16356=CARTESIAN_POINT('',(288.388727269804,0.,0.));
#16357=CARTESIAN_POINT('',(288.388727269804,0.,0.));
#16358=CARTESIAN_POINT('',(288.388727269804,0.,20.));
#16359=CARTESIAN_POINT('',(288.388727269804,0.,0.));
#16360=CARTESIAN_POINT('',(288.388727269804,52.6,20.));
#16361=CARTESIAN_POINT('',(288.388727269804,0.,20.));
#16362=CARTESIAN_POINT('',(288.388727269804,52.6,0.));
#16363=CARTESIAN_POINT('Origin',(299.988727269804,69.,0.));
#16364=CARTESIAN_POINT('',(311.588727269804,0.,0.));
#16365=CARTESIAN_POINT('',(311.588727269804,138.,0.));
#16366=CARTESIAN_POINT('',(311.988727269804,0.,0.));
#16367=CARTESIAN_POINT('Origin',(299.988727269804,69.,0.));
#16368=CARTESIAN_POINT('Origin',(288.388727269804,0.,0.));
#16369=CARTESIAN_POINT('',(311.588727269804,0.,20.));
#16370=CARTESIAN_POINT('',(311.588727269804,0.,0.));
#16371=CARTESIAN_POINT('',(311.988727269804,0.,20.));
#16372=CARTESIAN_POINT('Origin',(294.388727269804,52.6,0.));
#16373=CARTESIAN_POINT('',(294.388727269804,52.6,20.));
#16374=CARTESIAN_POINT('Origin',(311.588727269804,0.,0.));
#16375=CARTESIAN_POINT('',(311.588727269804,138.,20.));
#16376=CARTESIAN_POINT('Origin',(299.988727269804,69.,20.));
#16377=CARTESIAN_POINT('Origin',(326.988727269804,159.797308402775,0.));
#16378=CARTESIAN_POINT('',(322.988727269804,159.797308402775,8.));
#16379=CARTESIAN_POINT('Origin',(326.988727269804,159.797308402775,8.));
#16380=CARTESIAN_POINT('',(322.988727269804,159.797308402775,5.));
#16381=CARTESIAN_POINT('',(322.988727269804,159.797308402775,0.));
#16382=CARTESIAN_POINT('Origin',(326.988727269804,159.797308402775,5.));
#16383=CARTESIAN_POINT('Origin',(326.988727269804,159.797308402775,8.));
#16384=CARTESIAN_POINT('Origin',(323.988727269804,69.,20.));
#16385=CARTESIAN_POINT('',(318.388727269804,138.,20.));
#16386=CARTESIAN_POINT('',(318.388727269804,52.6,20.));
#16387=CARTESIAN_POINT('',(318.388727269804,138.,20.));
#16388=CARTESIAN_POINT('',(312.388727269804,52.6,20.));
#16389=CARTESIAN_POINT('',(318.388727269804,52.6,20.));
#16390=CARTESIAN_POINT('',(312.388727269804,0.,20.));
#16391=CARTESIAN_POINT('',(312.388727269804,0.,20.));
#16392=CARTESIAN_POINT('',(335.588727269804,0.,20.));
#16393=CARTESIAN_POINT('',(335.988727269804,0.,20.));
#16394=CARTESIAN_POINT('',(335.588727269804,138.,20.));
#16395=CARTESIAN_POINT('',(335.588727269804,138.,20.));
#16396=CARTESIAN_POINT('',(311.988727269804,138.,20.));
#16397=CARTESIAN_POINT('Origin',(318.388727269804,52.6,0.));
#16398=CARTESIAN_POINT('',(318.388727269804,52.6,6.3295003203623));
#16399=CARTESIAN_POINT('',(312.388727269804,52.6,6.3295003203623));
#16400=CARTESIAN_POINT('',(159.194363634902,52.6,6.3295003203623));
#16401=CARTESIAN_POINT('',(312.388727269804,52.6,0.));
#16402=CARTESIAN_POINT('',(318.388727269804,52.6,0.));
#16403=CARTESIAN_POINT('Origin',(312.388727269804,0.,0.));
#16404=CARTESIAN_POINT('',(335.588727269804,0.,0.));
#16405=CARTESIAN_POINT('',(312.388727269804,0.,0.));
#16406=CARTESIAN_POINT('',(335.988727269804,0.,0.));
#16407=CARTESIAN_POINT('',(335.588727269804,0.,0.));
#16408=CARTESIAN_POINT('',(312.388727269804,0.,0.));
#16409=CARTESIAN_POINT('Origin',(323.988727269804,69.,0.));
#16410=CARTESIAN_POINT('',(318.388727269804,96.7618480350542,0.));
#16411=CARTESIAN_POINT('',(335.588727269804,96.7618480350542,0.));
#16412=CARTESIAN_POINT('',(161.994363634902,96.7618480350542,0.));
#16413=CARTESIAN_POINT('',(335.588727269804,87.8671700983238,0.));
#16414=CARTESIAN_POINT('',(335.588727269804,138.,0.));
#16415=CARTESIAN_POINT('',(318.388727269804,87.8671700983238,0.));
#16416=CARTESIAN_POINT('',(161.994363634902,87.8671700983238,1.11022302462516E-15));
#16417=CARTESIAN_POINT('',(318.388727269804,138.,0.));
#16418=CARTESIAN_POINT('Origin',(323.988727269804,69.,0.));
#16419=CARTESIAN_POINT('',(312.388727269804,7.04552279281069,-9.23718390041026E-16));
#16420=CARTESIAN_POINT('',(335.588727269804,7.04552279281069,-9.23718390041026E-16));
#16421=CARTESIAN_POINT('',(161.994363634902,7.04552279281069,2.22044604925031E-15));
#16422=CARTESIAN_POINT('',(335.588727269804,138.,0.));
#16423=CARTESIAN_POINT('',(312.388727269804,0.,0.));
#16424=CARTESIAN_POINT('Origin',(312.388727269804,52.6,0.));
#16425=CARTESIAN_POINT('',(312.388727269804,36.1734960425045,6.3295003203623));
#16426=CARTESIAN_POINT('',(312.388727269804,66.1915451492509,6.3295003203623));
#16427=CARTESIAN_POINT('',(312.388727269804,25.8796793200867,7.41142405493705));
#16428=CARTESIAN_POINT('',(312.388727269804,44.626002668905,5.44110607531641));
#16429=CARTESIAN_POINT('',(312.388727269804,16.8382251370745,7.41142405493705));
#16430=CARTESIAN_POINT('',(312.388727269804,39.2398396600434,7.41142405493705));
#16431=CARTESIAN_POINT('',(312.388727269804,26.4238997350778,14.6661630228845));
#16432=CARTESIAN_POINT('Origin',(0.,36.1734960425045,6.3295003203623));
#16433=CARTESIAN_POINT('',(335.588727269804,25.8796793200867,7.41142405493705));
#16434=CARTESIAN_POINT('',(335.588727269804,36.1734960425045,6.3295003203623));
#16435=CARTESIAN_POINT('',(335.588727269804,18.6133617192555,8.17514480956994));
#16436=CARTESIAN_POINT('',(0.,25.8796793200867,7.41142405493705));
#16437=CARTESIAN_POINT('',(0.,36.1734960425045,6.3295003203623));
#16438=CARTESIAN_POINT('Origin',(0.,25.8796793200867,7.41142405493705));
#16439=CARTESIAN_POINT('',(335.588727269804,16.8382251370745,7.41142405493705));
#16440=CARTESIAN_POINT('',(335.588727269804,12.9398396600434,7.41142405493705));
#16441=CARTESIAN_POINT('',(0.,16.8382251370745,7.41142405493705));
#16442=CARTESIAN_POINT('Origin',(0.,16.8382251370745,7.41142405493705));
#16443=CARTESIAN_POINT('',(335.588727269804,9.70206244904054,2.01055247253676));
#16444=CARTESIAN_POINT('Origin',(0.,87.8671700983238,0.));
#16445=CARTESIAN_POINT('',(335.588727269804,79.7830902985018,6.3295003203623));
#16446=CARTESIAN_POINT('',(335.588727269804,60.6303914114187,21.3252718544664));
#16447=CARTESIAN_POINT('',(318.388727269804,79.7830902985018,6.3295003203623));
#16448=CARTESIAN_POINT('',(0.,79.7830902985018,6.3295003203623));
#16449=CARTESIAN_POINT('',(318.388727269804,103.407181133757,-12.167186280048));
#16450=CARTESIAN_POINT('Origin',(0.,79.7830902985018,6.3295003203623));
#16451=CARTESIAN_POINT('',(335.588727269804,39.8915451492509,6.3295003203623));
#16452=CARTESIAN_POINT('',(318.388727269804,108.891545149251,6.3295003203623));
#16453=CARTESIAN_POINT('Origin',(0.,104.812290680848,-0.846135617836361));
#16454=CARTESIAN_POINT('',(335.588727269804,104.901223117892,0.));
#16455=CARTESIAN_POINT('',(335.588727269804,104.812290680848,-0.846135617836361));
#16456=CARTESIAN_POINT('',(335.588727269804,104.283671046599,-5.87561547574116));
#16457=CARTESIAN_POINT('',(318.388727269804,104.812290680848,-0.846135617836361));
#16458=CARTESIAN_POINT('',(0.,104.812290680848,-0.846135617836361));
#16459=CARTESIAN_POINT('',(318.388727269804,104.901223117892,0.));
#16460=CARTESIAN_POINT('',(318.388727269804,105.037578821283,1.29733785747154));
#16461=CARTESIAN_POINT('',(161.994363634902,104.901223117892,-2.77555756156289E-16));
#16462=CARTESIAN_POINT('Origin',(0.,96.7618480350542,0.));
#16463=CARTESIAN_POINT('',(335.588727269804,48.9095436517763,5.0294798579048));
#16464=CARTESIAN_POINT('',(318.388727269804,117.155635877093,-2.1434734753079));
#16465=CARTESIAN_POINT('Origin',(318.388727269804,138.,0.));
#16466=CARTESIAN_POINT('',(318.388727269804,151.59461680555,13.6607260738895));
#16467=CARTESIAN_POINT('',(318.388727269804,148.62753061837,15.0443010853775));
#16468=CARTESIAN_POINT('',(318.388727269804,151.59461680555,5.));
#16469=CARTESIAN_POINT('',(318.388727269804,151.59461680555,2.5));
#16470=CARTESIAN_POINT('',(318.388727269804,168.,5.));
#16471=CARTESIAN_POINT('',(318.388727269804,153.,5.));
#16472=CARTESIAN_POINT('',(318.388727269804,168.,0.));
#16473=CARTESIAN_POINT('',(318.388727269804,168.,0.));
#16474=CARTESIAN_POINT('',(318.388727269804,138.,0.));
#16475=CARTESIAN_POINT('',(318.388727269804,133.,10.));
#16476=CARTESIAN_POINT('Origin',(318.388727269804,138.,10.));
#16477=CARTESIAN_POINT('Origin',(335.588727269804,0.,0.));
#16478=CARTESIAN_POINT('',(335.588727269804,168.,0.));
#16479=CARTESIAN_POINT('',(335.588727269804,138.,0.));
#16480=CARTESIAN_POINT('',(335.588727269804,168.,5.));
#16481=CARTESIAN_POINT('',(335.588727269804,168.,0.));
#16482=CARTESIAN_POINT('',(335.588727269804,151.59461680555,5.));
#16483=CARTESIAN_POINT('',(335.588727269804,170.5,5.));
#16484=CARTESIAN_POINT('',(335.588727269804,151.59461680555,13.6607260738895));
#16485=CARTESIAN_POINT('',(335.588727269804,151.59461680555,2.5));
#16486=CARTESIAN_POINT('',(335.588727269804,163.001922203127,8.34141220808639));
#16487=CARTESIAN_POINT('',(335.588727269804,133.,10.));
#16488=CARTESIAN_POINT('Origin',(335.588727269804,138.,10.));
#16489=CARTESIAN_POINT('Origin',(0.,138.,10.));
#16490=CARTESIAN_POINT('',(0.,133.,10.));
#16491=CARTESIAN_POINT('Origin',(263.988727269804,95.5,0.));
#16492=CARTESIAN_POINT('',(0.,168.,0.));
#16493=CARTESIAN_POINT('Origin',(0.,168.,0.));
#16494=CARTESIAN_POINT('',(0.,168.,5.));
#16495=CARTESIAN_POINT('Origin',(0.,168.,5.));
#16496=CARTESIAN_POINT('',(0.,151.59461680555,5.));
#16497=CARTESIAN_POINT('Origin',(0.,151.59461680555,13.6607260738895));
#16498=CARTESIAN_POINT('',(0.,151.59461680555,13.6607260738895));
#16499=CARTESIAN_POINT('Origin',(0.,151.59461680555,5.));
#16500=CARTESIAN_POINT('Origin',(311.988727269804,159.797308402775,0.));
#16501=CARTESIAN_POINT('',(307.988727269804,159.797308402775,8.));
#16502=CARTESIAN_POINT('Origin',(311.988727269804,159.797308402775,8.));
#16503=CARTESIAN_POINT('',(307.988727269804,159.797308402775,5.));
#16504=CARTESIAN_POINT('',(307.988727269804,159.797308402775,0.));
#16505=CARTESIAN_POINT('Origin',(311.988727269804,159.797308402775,5.));
#16506=CARTESIAN_POINT('Origin',(311.988727269804,159.797308402775,8.));
#16507=CARTESIAN_POINT('Origin',(0.,151.59461680555,5.));
#16508=CARTESIAN_POINT('',(317.988727269804,151.59461680555,13.6607260738895));
#16509=CARTESIAN_POINT('',(317.988727269804,151.59461680555,5.));
#16510=CARTESIAN_POINT('',(317.988727269804,151.59461680555,2.5));
#16511=CARTESIAN_POINT('',(305.988727269804,151.59461680555,5.));
#16512=CARTESIAN_POINT('',(0.,151.59461680555,5.));
#16513=CARTESIAN_POINT('',(305.988727269804,151.59461680555,13.6607260738895));
#16514=CARTESIAN_POINT('',(305.988727269804,151.59461680555,2.5));
#16515=CARTESIAN_POINT('',(0.,151.59461680555,13.6607260738895));
#16516=CARTESIAN_POINT('Origin',(0.,151.59461680555,13.6607260738895));
#16517=CARTESIAN_POINT('',(317.988727269804,138.,20.));
#16518=CARTESIAN_POINT('',(317.988727269804,163.001922203127,8.34141220808639));
#16519=CARTESIAN_POINT('',(305.988727269804,138.,20.));
#16520=CARTESIAN_POINT('',(305.988727269804,148.62753061837,15.0443010853775));
#16521=CARTESIAN_POINT('',(158.994363634902,138.,20.));
#16522=CARTESIAN_POINT('Origin',(0.,168.,5.));
#16523=CARTESIAN_POINT('',(317.988727269804,168.,5.));
#16524=CARTESIAN_POINT('',(317.988727269804,170.5,5.));
#16525=CARTESIAN_POINT('',(305.988727269804,168.,5.));
#16526=CARTESIAN_POINT('',(0.,168.,5.));
#16527=CARTESIAN_POINT('',(305.988727269804,153.,5.));
#16528=CARTESIAN_POINT('Origin',(0.,168.,0.));
#16529=CARTESIAN_POINT('',(317.988727269804,168.,0.));
#16530=CARTESIAN_POINT('',(317.988727269804,168.,0.));
#16531=CARTESIAN_POINT('',(305.988727269804,168.,0.));
#16532=CARTESIAN_POINT('',(0.,168.,0.));
#16533=CARTESIAN_POINT('',(305.988727269804,168.,0.));
#16534=CARTESIAN_POINT('Origin',(263.988727269804,95.5,0.));
#16535=CARTESIAN_POINT('',(317.988727269804,115.205163428515,4.44089209850063E-15));
#16536=CARTESIAN_POINT('',(317.988727269804,138.,0.));
#16537=CARTESIAN_POINT('',(305.988727269804,115.205163428515,4.44089209850063E-15));
#16538=CARTESIAN_POINT('',(164.994363634902,115.205163428515,0.));
#16539=CARTESIAN_POINT('',(305.988727269804,116.75,0.));
#16540=CARTESIAN_POINT('Origin',(0.,138.,10.));
#16541=CARTESIAN_POINT('',(305.988727269804,133.,10.));
#16542=CARTESIAN_POINT('Origin',(305.988727269804,138.,10.));
#16543=CARTESIAN_POINT('',(317.988727269804,133.,10.));
#16544=CARTESIAN_POINT('',(0.,133.,10.));
#16545=CARTESIAN_POINT('Origin',(317.988727269804,138.,10.));
#16546=CARTESIAN_POINT('Origin',(317.988727269804,138.,0.));
#16547=CARTESIAN_POINT('',(305.988727269804,138.,28.));
#16548=CARTESIAN_POINT('',(305.988727269804,138.,0.));
#16549=CARTESIAN_POINT('',(317.988727269804,138.,28.));
#16550=CARTESIAN_POINT('',(305.588727269804,138.,28.));
#16551=CARTESIAN_POINT('',(317.988727269804,138.,0.));
#16552=CARTESIAN_POINT('Origin',(305.988727269804,138.,0.));
#16553=CARTESIAN_POINT('',(305.988727269804,115.036104054361,-1.6084925001047));
#16554=CARTESIAN_POINT('',(305.988727269804,115.24516420893,0.380582003320637));
#16555=CARTESIAN_POINT('',(305.988727269804,105.838456699027,-0.64178080857898));
#16556=CARTESIAN_POINT('',(305.988727269804,121.710168194945,-2.30996490771483));
#16557=CARTESIAN_POINT('',(305.988727269804,105.905910580121,2.22044604925031E-15));
#16558=CARTESIAN_POINT('',(305.988727269804,106.081243794143,1.66818409913585));
#16559=CARTESIAN_POINT('',(305.988727269804,105.905910580121,6.61769448870016));
#16560=CARTESIAN_POINT('',(305.988727269804,105.905910580121,1.11022302462516E-15));
#16561=CARTESIAN_POINT('',(305.988727269804,71.5040248314108,2.92323893950647));
#16562=CARTESIAN_POINT('',(305.988727269804,121.418707960038,8.28363050111484));
#16563=CARTESIAN_POINT('',(305.988727269804,54.1804640726126,4.74401854513847));
#16564=CARTESIAN_POINT('',(305.988727269804,104.540682153605,-0.549053664077014));
#16565=CARTESIAN_POINT('',(305.988727269804,54.1804640726126,3.93492260434437E-15));
#16566=CARTESIAN_POINT('',(305.988727269804,54.1804640726126,2.37200927256924));
#16567=CARTESIAN_POINT('',(305.988727269804,53.,0.));
#16568=CARTESIAN_POINT('',(305.988727269804,53.,0.));
#16569=CARTESIAN_POINT('',(305.988727269804,53.,20.));
#16570=CARTESIAN_POINT('',(305.988727269804,53.,0.));
#16571=CARTESIAN_POINT('',(305.988727269804,58.,28.));
#16572=CARTESIAN_POINT('',(305.988727269804,61.6938202247191,33.9101123595506));
#16573=CARTESIAN_POINT('',(305.988727269804,53.,28.));
#16574=CARTESIAN_POINT('Origin',(305.988727269804,53.,0.));
#16575=CARTESIAN_POINT('',(317.988727269804,53.,20.));
#16576=CARTESIAN_POINT('',(308.988727269804,53.,20.));
#16577=CARTESIAN_POINT('',(317.988727269804,53.,0.));
#16578=CARTESIAN_POINT('',(317.988727269804,53.,0.));
#16579=CARTESIAN_POINT('',(317.988727269804,53.,0.));
#16580=CARTESIAN_POINT('Origin',(317.988727269804,53.,0.));
#16581=CARTESIAN_POINT('',(317.988727269804,58.,28.));
#16582=CARTESIAN_POINT('',(317.988727269804,138.,28.));
#16583=CARTESIAN_POINT('',(317.988727269804,49.7556179775281,14.8089887640449));
#16584=CARTESIAN_POINT('',(317.988727269804,54.1804640726126,3.93492260434437E-15));
#16585=CARTESIAN_POINT('',(317.988727269804,138.,0.));
#16586=CARTESIAN_POINT('',(317.988727269804,54.1804640726126,4.74401854513847));
#16587=CARTESIAN_POINT('',(317.988727269804,54.1804640726126,2.37200927256924));
#16588=CARTESIAN_POINT('',(317.988727269804,71.5040248314108,2.92323893950647));
#16589=CARTESIAN_POINT('',(317.988727269804,62.5050456380116,3.86906976580044));
#16590=CARTESIAN_POINT('',(317.988727269804,105.905910580121,6.61769448870016));
#16591=CARTESIAN_POINT('',(317.988727269804,79.4032654761954,3.77154689703274));
#16592=CARTESIAN_POINT('',(317.988727269804,105.905910580121,2.22044604925031E-15));
#16593=CARTESIAN_POINT('',(317.988727269804,105.905910580121,1.11022302462516E-15));
#16594=CARTESIAN_POINT('',(317.988727269804,105.838456699027,-0.64178080857898));
#16595=CARTESIAN_POINT('',(317.988727269804,105.616880309736,-2.74993933074154));
#16596=CARTESIAN_POINT('',(317.988727269804,115.036104054361,-1.6084925001047));
#16597=CARTESIAN_POINT('',(317.988727269804,79.6745316793512,2.10815852216256));
#16598=CARTESIAN_POINT('',(317.988727269804,114.780800724523,-4.03754142655675));
#16599=CARTESIAN_POINT('Origin',(311.988727269804,95.5,28.));
#16600=CARTESIAN_POINT('',(308.988727269804,58.,28.));
#16601=CARTESIAN_POINT('Origin',(308.988727269804,55.5,24.));
#16602=CARTESIAN_POINT('Origin',(311.988727269804,95.5,0.));
#16603=CARTESIAN_POINT('',(164.994363634902,54.1804640726126,0.));
#16604=CARTESIAN_POINT('Origin',(18.,105.905910580121,2.22044604925031E-15));
#16605=CARTESIAN_POINT('',(164.994363634902,105.905910580121,0.));
#16606=CARTESIAN_POINT('',(18.,105.905910580121,6.61769448870016));
#16607=CARTESIAN_POINT('Origin',(18.,105.905910580121,6.61769448870016));
#16608=CARTESIAN_POINT('',(18.,71.5040248314108,2.92323893950647));
#16609=CARTESIAN_POINT('Origin',(18.,54.1804640726126,4.74401854513847));
#16610=CARTESIAN_POINT('',(18.,54.1804640726126,4.74401854513847));
#16611=CARTESIAN_POINT('Origin',(18.,71.5040248314108,2.92323893950647));
#16612=CARTESIAN_POINT('Origin',(18.,105.905910580121,2.22044604925031E-15));
#16613=CARTESIAN_POINT('',(18.,105.838456699027,-0.64178080857898));
#16614=CARTESIAN_POINT('Origin',(18.,105.838456699027,-0.64178080857898));
#16615=CARTESIAN_POINT('',(18.,115.036104054361,-1.6084925001047));
#16616=CARTESIAN_POINT('Origin',(18.,115.036104054361,-1.6084925001047));
#16617=CARTESIAN_POINT('Origin',(131.988727269804,159.797308402775,0.));
#16618=CARTESIAN_POINT('',(127.988727269804,159.797308402775,8.));
#16619=CARTESIAN_POINT('Origin',(131.988727269804,159.797308402775,8.));
#16620=CARTESIAN_POINT('',(127.988727269804,159.797308402775,5.));
#16621=CARTESIAN_POINT('',(127.988727269804,159.797308402775,0.));
#16622=CARTESIAN_POINT('Origin',(131.988727269804,159.797308402775,5.));
#16623=CARTESIAN_POINT('Origin',(131.988727269804,159.797308402775,8.));
#16624=CARTESIAN_POINT('Origin',(131.988727269804,69.,20.));
#16625=CARTESIAN_POINT('',(126.388727269804,138.,20.));
#16626=CARTESIAN_POINT('',(126.388727269804,52.6,20.));
#16627=CARTESIAN_POINT('',(126.388727269804,138.,20.));
#16628=CARTESIAN_POINT('',(120.388727269804,52.6,20.));
#16629=CARTESIAN_POINT('',(126.388727269804,52.6,20.));
#16630=CARTESIAN_POINT('',(120.388727269804,0.,20.));
#16631=CARTESIAN_POINT('',(120.388727269804,138.,20.));
#16632=CARTESIAN_POINT('',(143.588727269804,0.,20.));
#16633=CARTESIAN_POINT('',(143.988727269804,0.,20.));
#16634=CARTESIAN_POINT('',(143.588727269804,52.6,20.));
#16635=CARTESIAN_POINT('',(143.588727269804,0.,20.));
#16636=CARTESIAN_POINT('',(137.588727269804,52.6,20.));
#16637=CARTESIAN_POINT('',(150.388727269804,52.6,20.));
#16638=CARTESIAN_POINT('',(137.588727269804,138.,20.));
#16639=CARTESIAN_POINT('',(137.588727269804,52.6,20.));
#16640=CARTESIAN_POINT('',(119.988727269804,138.,20.));
#16641=CARTESIAN_POINT('Origin',(126.388727269804,52.6,0.));
#16642=CARTESIAN_POINT('',(126.388727269804,52.6,6.3295003203623));
#16643=CARTESIAN_POINT('',(120.388727269804,52.6,6.3295003203623));
#16644=CARTESIAN_POINT('',(63.1943636349022,52.6,6.3295003203623));
#16645=CARTESIAN_POINT('',(120.388727269804,52.6,0.));
#16646=CARTESIAN_POINT('',(126.388727269804,52.6,0.));
#16647=CARTESIAN_POINT('Origin',(120.388727269804,0.,0.));
#16648=CARTESIAN_POINT('',(143.588727269804,0.,0.));
#16649=CARTESIAN_POINT('',(120.388727269804,0.,0.));
#16650=CARTESIAN_POINT('',(143.988727269804,0.,0.));
#16651=CARTESIAN_POINT('',(143.588727269804,0.,0.));
#16652=CARTESIAN_POINT('',(120.388727269804,0.,0.));
#16653=CARTESIAN_POINT('Origin',(143.588727269804,0.,0.));
#16654=CARTESIAN_POINT('',(143.588727269804,36.1734960425045,6.3295003203623));
#16655=CARTESIAN_POINT('',(143.588727269804,52.6,6.3295003203623));
#16656=CARTESIAN_POINT('',(143.588727269804,39.8915451492509,6.3295003203623));
#16657=CARTESIAN_POINT('',(143.588727269804,52.6,0.));
#16658=CARTESIAN_POINT('',(143.588727269804,7.04552279281069,-9.23718390041026E-16));
#16659=CARTESIAN_POINT('',(143.588727269804,0.,0.));
#16660=CARTESIAN_POINT('',(143.588727269804,16.8382251370745,7.41142405493705));
#16661=CARTESIAN_POINT('',(143.588727269804,9.70206244904054,2.01055247253676));
#16662=CARTESIAN_POINT('',(143.588727269804,25.8796793200867,7.41142405493705));
#16663=CARTESIAN_POINT('',(143.588727269804,12.9398396600434,7.41142405493705));
#16664=CARTESIAN_POINT('',(143.588727269804,18.6133617192555,8.17514480956994));
#16665=CARTESIAN_POINT('Origin',(131.988727269804,69.,0.));
#16666=CARTESIAN_POINT('',(126.388727269804,96.7618480350542,0.));
#16667=CARTESIAN_POINT('',(137.588727269804,96.7618480350542,0.));
#16668=CARTESIAN_POINT('',(65.9943636349022,96.7618480350542,0.));
#16669=CARTESIAN_POINT('',(137.588727269804,87.8671700983238,0.));
#16670=CARTESIAN_POINT('',(137.588727269804,52.6,0.));
#16671=CARTESIAN_POINT('',(126.388727269804,87.8671700983238,0.));
#16672=CARTESIAN_POINT('',(65.9943636349022,87.8671700983238,1.11022302462516E-15));
#16673=CARTESIAN_POINT('',(126.388727269804,138.,0.));
#16674=CARTESIAN_POINT('Origin',(131.988727269804,69.,0.));
#16675=CARTESIAN_POINT('',(120.388727269804,7.04552279281069,-9.23718390041026E-16));
#16676=CARTESIAN_POINT('',(65.9943636349022,7.04552279281069,2.22044604925031E-15));
#16677=CARTESIAN_POINT('',(120.388727269804,138.,0.));
#16678=CARTESIAN_POINT('Origin',(120.388727269804,52.6,0.));
#16679=CARTESIAN_POINT('',(120.388727269804,36.1734960425045,6.3295003203623));
#16680=CARTESIAN_POINT('',(120.388727269804,66.1915451492509,6.3295003203623));
#16681=CARTESIAN_POINT('',(120.388727269804,25.8796793200867,7.41142405493705));
#16682=CARTESIAN_POINT('',(120.388727269804,44.626002668905,5.44110607531641));
#16683=CARTESIAN_POINT('',(120.388727269804,16.8382251370745,7.41142405493705));
#16684=CARTESIAN_POINT('',(120.388727269804,39.2398396600434,7.41142405493705));
#16685=CARTESIAN_POINT('',(120.388727269804,26.4238997350778,14.6661630228845));
#16686=CARTESIAN_POINT('Origin',(143.588727269804,52.6,0.));
#16687=CARTESIAN_POINT('',(137.588727269804,52.6,6.3295003203623));
#16688=CARTESIAN_POINT('',(71.7943636349022,52.6,6.3295003203623));
#16689=CARTESIAN_POINT('',(137.588727269804,52.6,0.));
#16690=CARTESIAN_POINT('Origin',(0.,36.1734960425045,6.3295003203623));
#16691=CARTESIAN_POINT('',(0.,25.8796793200867,7.41142405493705));
#16692=CARTESIAN_POINT('',(0.,36.1734960425045,6.3295003203623));
#16693=CARTESIAN_POINT('Origin',(0.,25.8796793200867,7.41142405493705));
#16694=CARTESIAN_POINT('',(0.,16.8382251370745,7.41142405493705));
#16695=CARTESIAN_POINT('Origin',(0.,16.8382251370745,7.41142405493705));
#16696=CARTESIAN_POINT('Origin',(0.,87.8671700983238,0.));
#16697=CARTESIAN_POINT('',(137.588727269804,79.7830902985018,6.3295003203623));
#16698=CARTESIAN_POINT('',(137.588727269804,76.9351677838461,8.55930592783266));
#16699=CARTESIAN_POINT('',(126.388727269804,79.7830902985018,6.3295003203623));
#16700=CARTESIAN_POINT('',(0.,79.7830902985018,6.3295003203623));
#16701=CARTESIAN_POINT('',(126.388727269804,103.407181133757,-12.167186280048));
#16702=CARTESIAN_POINT('Origin',(0.,79.7830902985018,6.3295003203623));
#16703=CARTESIAN_POINT('',(126.388727269804,108.891545149251,6.3295003203623));
#16704=CARTESIAN_POINT('',(137.588727269804,66.1915451492509,6.3295003203623));
#16705=CARTESIAN_POINT('Origin',(0.,104.812290680848,-0.846135617836361));
#16706=CARTESIAN_POINT('',(126.388727269804,104.812290680848,-0.846135617836361));
#16707=CARTESIAN_POINT('',(126.388727269804,104.901223117892,0.));
#16708=CARTESIAN_POINT('',(126.388727269804,105.037578821283,1.29733785747154));
#16709=CARTESIAN_POINT('',(137.588727269804,104.901223117892,0.));
#16710=CARTESIAN_POINT('',(65.9943636349022,104.901223117892,-2.77555756156289E-16));
#16711=CARTESIAN_POINT('',(137.588727269804,104.812290680848,-0.846135617836361));
#16712=CARTESIAN_POINT('',(137.588727269804,104.571030096949,-3.14157674148762));
#16713=CARTESIAN_POINT('',(0.,104.812290680848,-0.846135617836361));
#16714=CARTESIAN_POINT('Origin',(0.,96.7618480350542,0.));
#16715=CARTESIAN_POINT('',(126.388727269804,117.155635877093,-2.1434734753079));
#16716=CARTESIAN_POINT('',(137.588727269804,74.9221846014258,2.29544112365126));
#16717=CARTESIAN_POINT('Origin',(126.388727269804,138.,0.));
#16718=CARTESIAN_POINT('',(126.388727269804,151.59461680555,13.6607260738895));
#16719=CARTESIAN_POINT('',(126.388727269804,148.62753061837,15.0443010853775));
#16720=CARTESIAN_POINT('',(126.388727269804,151.59461680555,5.));
#16721=CARTESIAN_POINT('',(126.388727269804,151.59461680555,2.5));
#16722=CARTESIAN_POINT('',(126.388727269804,168.,5.));
#16723=CARTESIAN_POINT('',(126.388727269804,153.,5.));
#16724=CARTESIAN_POINT('',(126.388727269804,168.,0.));
#16725=CARTESIAN_POINT('',(126.388727269804,168.,0.));
#16726=CARTESIAN_POINT('',(126.388727269804,138.,0.));
#16727=CARTESIAN_POINT('',(126.388727269804,133.,10.));
#16728=CARTESIAN_POINT('Origin',(126.388727269804,138.,10.));
#16729=CARTESIAN_POINT('Origin',(137.588727269804,52.6,0.));
#16730=CARTESIAN_POINT('',(137.588727269804,168.,0.));
#16731=CARTESIAN_POINT('',(137.588727269804,52.6,0.));
#16732=CARTESIAN_POINT('',(137.588727269804,168.,5.));
#16733=CARTESIAN_POINT('',(137.588727269804,168.,0.));
#16734=CARTESIAN_POINT('',(137.588727269804,151.59461680555,5.));
#16735=CARTESIAN_POINT('',(137.588727269804,170.5,5.));
#16736=CARTESIAN_POINT('',(137.588727269804,151.59461680555,13.6607260738895));
#16737=CARTESIAN_POINT('',(137.588727269804,151.59461680555,2.5));
#16738=CARTESIAN_POINT('',(137.588727269804,163.001922203127,8.34141220808639));
#16739=CARTESIAN_POINT('',(137.588727269804,133.,10.));
#16740=CARTESIAN_POINT('Origin',(137.588727269804,138.,10.));
#16741=CARTESIAN_POINT('Origin',(0.,138.,10.));
#16742=CARTESIAN_POINT('',(0.,133.,10.));
#16743=CARTESIAN_POINT('Origin',(263.988727269804,95.5,0.));
#16744=CARTESIAN_POINT('',(0.,168.,0.));
#16745=CARTESIAN_POINT('Origin',(0.,168.,0.));
#16746=CARTESIAN_POINT('',(0.,168.,5.));
#16747=CARTESIAN_POINT('Origin',(0.,168.,5.));
#16748=CARTESIAN_POINT('',(0.,151.59461680555,5.));
#16749=CARTESIAN_POINT('Origin',(0.,151.59461680555,13.6607260738895));
#16750=CARTESIAN_POINT('',(0.,151.59461680555,13.6607260738895));
#16751=CARTESIAN_POINT('Origin',(0.,151.59461680555,5.));
#16752=CARTESIAN_POINT('Origin',(263.988727269804,159.797308402775,0.));
#16753=CARTESIAN_POINT('',(259.988727269804,159.797308402775,8.));
#16754=CARTESIAN_POINT('Origin',(263.988727269804,159.797308402775,8.));
#16755=CARTESIAN_POINT('',(259.988727269804,159.797308402775,5.));
#16756=CARTESIAN_POINT('',(259.988727269804,159.797308402775,0.));
#16757=CARTESIAN_POINT('Origin',(263.988727269804,159.797308402775,5.));
#16758=CARTESIAN_POINT('Origin',(263.988727269804,159.797308402775,8.));
#16759=CARTESIAN_POINT('Origin',(0.,151.59461680555,5.));
#16760=CARTESIAN_POINT('',(269.988727269804,151.59461680555,13.6607260738895));
#16761=CARTESIAN_POINT('',(269.988727269804,151.59461680555,5.));
#16762=CARTESIAN_POINT('',(269.988727269804,151.59461680555,2.5));
#16763=CARTESIAN_POINT('',(257.988727269804,151.59461680555,5.));
#16764=CARTESIAN_POINT('',(0.,151.59461680555,5.));
#16765=CARTESIAN_POINT('',(257.988727269804,151.59461680555,13.6607260738895));
#16766=CARTESIAN_POINT('',(257.988727269804,151.59461680555,2.5));
#16767=CARTESIAN_POINT('',(0.,151.59461680555,13.6607260738895));
#16768=CARTESIAN_POINT('Origin',(0.,151.59461680555,13.6607260738895));
#16769=CARTESIAN_POINT('',(269.988727269804,138.,20.));
#16770=CARTESIAN_POINT('',(269.988727269804,163.001922203127,8.34141220808639));
#16771=CARTESIAN_POINT('',(257.988727269804,138.,20.));
#16772=CARTESIAN_POINT('',(257.988727269804,148.62753061837,15.0443010853775));
#16773=CARTESIAN_POINT('',(134.994363634902,138.,20.));
#16774=CARTESIAN_POINT('Origin',(0.,168.,5.));
#16775=CARTESIAN_POINT('',(269.988727269804,168.,5.));
#16776=CARTESIAN_POINT('',(269.988727269804,170.5,5.));
#16777=CARTESIAN_POINT('',(257.988727269804,168.,5.));
#16778=CARTESIAN_POINT('',(0.,168.,5.));
#16779=CARTESIAN_POINT('',(257.988727269804,153.,5.));
#16780=CARTESIAN_POINT('Origin',(0.,168.,0.));
#16781=CARTESIAN_POINT('',(269.988727269804,168.,0.));
#16782=CARTESIAN_POINT('',(269.988727269804,168.,0.));
#16783=CARTESIAN_POINT('',(257.988727269804,168.,0.));
#16784=CARTESIAN_POINT('',(0.,168.,0.));
#16785=CARTESIAN_POINT('',(257.988727269804,168.,0.));
#16786=CARTESIAN_POINT('Origin',(263.988727269804,95.5,0.));
#16787=CARTESIAN_POINT('',(269.988727269804,115.205163428515,4.44089209850063E-15));
#16788=CARTESIAN_POINT('',(269.988727269804,138.,0.));
#16789=CARTESIAN_POINT('',(257.988727269804,115.205163428515,4.44089209850063E-15));
#16790=CARTESIAN_POINT('',(140.994363634902,115.205163428515,0.));
#16791=CARTESIAN_POINT('',(257.988727269804,116.75,0.));
#16792=CARTESIAN_POINT('Origin',(0.,138.,10.));
#16793=CARTESIAN_POINT('',(257.988727269804,133.,10.));
#16794=CARTESIAN_POINT('Origin',(257.988727269804,138.,10.));
#16795=CARTESIAN_POINT('',(269.988727269804,133.,10.));
#16796=CARTESIAN_POINT('',(0.,133.,10.));
#16797=CARTESIAN_POINT('Origin',(269.988727269804,138.,10.));
#16798=CARTESIAN_POINT('Origin',(257.988727269804,138.,0.));
#16799=CARTESIAN_POINT('',(257.988727269804,115.036104054361,-1.6084925001047));
#16800=CARTESIAN_POINT('',(257.988727269804,115.24516420893,0.380582003320637));
#16801=CARTESIAN_POINT('',(257.988727269804,105.838456699027,-0.64178080857898));
#16802=CARTESIAN_POINT('',(257.988727269804,121.710168194945,-2.30996490771483));
#16803=CARTESIAN_POINT('',(257.988727269804,105.905910580121,2.22044604925031E-15));
#16804=CARTESIAN_POINT('',(257.988727269804,106.081243794143,1.66818409913585));
#16805=CARTESIAN_POINT('',(257.988727269804,105.905910580121,6.61769448870016));
#16806=CARTESIAN_POINT('',(257.988727269804,105.905910580121,1.11022302462516E-15));
#16807=CARTESIAN_POINT('',(257.988727269804,71.5040248314108,2.92323893950647));
#16808=CARTESIAN_POINT('',(257.988727269804,121.418707960038,8.28363050111484));
#16809=CARTESIAN_POINT('',(257.988727269804,54.1804640726126,4.74401854513847));
#16810=CARTESIAN_POINT('',(257.988727269804,104.540682153605,-0.549053664077014));
#16811=CARTESIAN_POINT('',(257.988727269804,54.1804640726126,3.93492260434437E-15));
#16812=CARTESIAN_POINT('',(257.988727269804,54.1804640726126,2.37200927256924));
#16813=CARTESIAN_POINT('',(257.988727269804,53.,0.));
#16814=CARTESIAN_POINT('',(257.988727269804,53.,0.));
#16815=CARTESIAN_POINT('',(257.988727269804,53.,20.));
#16816=CARTESIAN_POINT('',(257.988727269804,53.,0.));
#16817=CARTESIAN_POINT('',(257.988727269804,58.,28.));
#16818=CARTESIAN_POINT('',(257.988727269804,61.6938202247191,33.9101123595506));
#16819=CARTESIAN_POINT('',(257.988727269804,138.,28.));
#16820=CARTESIAN_POINT('',(257.988727269804,53.,28.));
#16821=CARTESIAN_POINT('',(257.988727269804,138.,0.));
#16822=CARTESIAN_POINT('Origin',(269.988727269804,53.,0.));
#16823=CARTESIAN_POINT('',(269.988727269804,138.,28.));
#16824=CARTESIAN_POINT('',(269.988727269804,138.,0.));
#16825=CARTESIAN_POINT('',(269.988727269804,58.,28.));
#16826=CARTESIAN_POINT('',(269.988727269804,138.,28.));
#16827=CARTESIAN_POINT('',(269.988727269804,53.,20.));
#16828=CARTESIAN_POINT('',(269.988727269804,49.7556179775281,14.8089887640449));
#16829=CARTESIAN_POINT('',(269.988727269804,53.,0.));
#16830=CARTESIAN_POINT('',(269.988727269804,53.,0.));
#16831=CARTESIAN_POINT('',(269.988727269804,54.1804640726126,3.93492260434437E-15));
#16832=CARTESIAN_POINT('',(269.988727269804,138.,0.));
#16833=CARTESIAN_POINT('',(269.988727269804,54.1804640726126,4.74401854513847));
#16834=CARTESIAN_POINT('',(269.988727269804,54.1804640726126,2.37200927256924));
#16835=CARTESIAN_POINT('',(269.988727269804,71.5040248314108,2.92323893950647));
#16836=CARTESIAN_POINT('',(269.988727269804,62.5050456380116,3.86906976580044));
#16837=CARTESIAN_POINT('',(269.988727269804,105.905910580121,6.61769448870016));
#16838=CARTESIAN_POINT('',(269.988727269804,79.4032654761954,3.77154689703274));
#16839=CARTESIAN_POINT('',(269.988727269804,105.905910580121,2.22044604925031E-15));
#16840=CARTESIAN_POINT('',(269.988727269804,105.905910580121,1.11022302462516E-15));
#16841=CARTESIAN_POINT('',(269.988727269804,105.838456699027,-0.64178080857898));
#16842=CARTESIAN_POINT('',(269.988727269804,105.616880309736,-2.74993933074154));
#16843=CARTESIAN_POINT('',(269.988727269804,115.036104054361,-1.6084925001047));
#16844=CARTESIAN_POINT('',(269.988727269804,79.6745316793512,2.10815852216256));
#16845=CARTESIAN_POINT('',(269.988727269804,114.780800724523,-4.03754142655675));
#16846=CARTESIAN_POINT('Origin',(18.,115.036104054361,-1.6084925001047));
#16847=CARTESIAN_POINT('',(18.,115.036104054361,-1.6084925001047));
#16848=CARTESIAN_POINT('Origin',(18.,105.838456699027,-0.64178080857898));
#16849=CARTESIAN_POINT('',(18.,105.838456699027,-0.64178080857898));
#16850=CARTESIAN_POINT('Origin',(18.,105.905910580121,2.22044604925031E-15));
#16851=CARTESIAN_POINT('',(140.994363634902,105.905910580121,0.));
#16852=CARTESIAN_POINT('Origin',(18.,71.5040248314108,2.92323893950647));
#16853=CARTESIAN_POINT('',(18.,71.5040248314108,2.92323893950647));
#16854=CARTESIAN_POINT('',(18.,54.1804640726126,4.74401854513847));
#16855=CARTESIAN_POINT('Origin',(18.,54.1804640726126,4.74401854513847));
#16856=CARTESIAN_POINT('',(140.994363634902,54.1804640726126,0.));
#16857=CARTESIAN_POINT('Origin',(18.,105.905910580121,6.61769448870016));
#16858=CARTESIAN_POINT('',(18.,105.905910580121,6.61769448870016));
#16859=CARTESIAN_POINT('Origin',(18.,105.905910580121,2.22044604925031E-15));
#16860=CARTESIAN_POINT('Origin',(263.988727269804,95.5,0.));
#16861=CARTESIAN_POINT('',(269.988727269804,53.,0.));
#16862=CARTESIAN_POINT('Origin',(260.988727269804,55.5,24.));
#16863=CARTESIAN_POINT('',(260.988727269804,58.,28.));
#16864=CARTESIAN_POINT('',(260.988727269804,53.,20.));
#16865=CARTESIAN_POINT('Origin',(263.988727269804,95.5,28.));
#16866=CARTESIAN_POINT('',(257.588727269804,138.,28.));
#16867=CARTESIAN_POINT('Origin',(257.988727269804,53.,0.));
#16868=CARTESIAN_POINT('Origin',(269.988727269804,138.,0.));
#16869=CARTESIAN_POINT('Origin',(62.9887272698043,159.797308402775,0.));
#16870=CARTESIAN_POINT('',(58.9887272698043,159.797308402775,8.));
#16871=CARTESIAN_POINT('Origin',(62.9887272698043,159.797308402775,8.));
#16872=CARTESIAN_POINT('',(58.9887272698043,159.797308402775,5.));
#16873=CARTESIAN_POINT('',(58.9887272698043,159.797308402775,0.));
#16874=CARTESIAN_POINT('Origin',(62.9887272698043,159.797308402775,5.));
#16875=CARTESIAN_POINT('Origin',(62.9887272698043,159.797308402775,8.));
#16876=CARTESIAN_POINT('Origin',(0.,138.,10.));
#16877=CARTESIAN_POINT('',(54.388727503908,138.,15.));
#16878=CARTESIAN_POINT('',(54.388727503908,138.,5.));
#16879=CARTESIAN_POINT('Origin',(54.388727503908,138.,10.));
#16880=CARTESIAN_POINT('',(71.5887272703059,138.,5.));
#16881=CARTESIAN_POINT('',(0.,138.,5.));
#16882=CARTESIAN_POINT('',(71.5887272703059,138.,15.));
#16883=CARTESIAN_POINT('Origin',(71.5887272698044,138.,10.));
#16884=CARTESIAN_POINT('',(0.,138.,15.));
#16885=CARTESIAN_POINT('Origin',(263.988727269804,95.5,0.));
#16886=CARTESIAN_POINT('',(54.388727503908,138.,0.));
#16887=CARTESIAN_POINT('',(54.388727503908,168.,0.));
#16888=CARTESIAN_POINT('',(54.388727503908,116.749086122986,0.));
#16889=CARTESIAN_POINT('',(71.5887272698044,168.,0.));
#16890=CARTESIAN_POINT('',(0.,168.,0.));
#16891=CARTESIAN_POINT('',(71.5887272698044,138.,0.));
#16892=CARTESIAN_POINT('',(71.5887272698044,134.25,0.));
#16893=CARTESIAN_POINT('',(0.,138.,0.));
#16894=CARTESIAN_POINT('Origin',(0.,168.,0.));
#16895=CARTESIAN_POINT('',(54.388727503908,168.,5.));
#16896=CARTESIAN_POINT('',(54.388727503908,168.,0.));
#16897=CARTESIAN_POINT('',(71.5887272698044,168.,5.));
#16898=CARTESIAN_POINT('',(0.,168.,5.));
#16899=CARTESIAN_POINT('',(71.5887272698044,168.,0.));
#16900=CARTESIAN_POINT('Origin',(0.,168.,5.));
#16901=CARTESIAN_POINT('',(54.388727503908,151.59461680555,5.));
#16902=CARTESIAN_POINT('',(54.388727503908,152.999086122986,5.));
#16903=CARTESIAN_POINT('',(71.5887272698044,151.59461680555,5.));
#16904=CARTESIAN_POINT('',(0.,151.59461680555,5.));
#16905=CARTESIAN_POINT('',(71.5887272698044,170.5,5.));
#16906=CARTESIAN_POINT('Origin',(0.,151.59461680555,13.6607260738895));
#16907=CARTESIAN_POINT('',(54.388727503908,151.59461680555,13.6607260738895));
#16908=CARTESIAN_POINT('',(54.388727503908,138.,20.));
#16909=CARTESIAN_POINT('',(54.388727503908,148.626779965452,15.0446511205815));
#16910=CARTESIAN_POINT('',(71.5887272698044,138.,20.));
#16911=CARTESIAN_POINT('',(0.,138.,20.));
#16912=CARTESIAN_POINT('',(71.5887272698044,151.59461680555,13.6607260738895));
#16913=CARTESIAN_POINT('',(71.5887272698044,163.001922203127,8.34141220808639));
#16914=CARTESIAN_POINT('',(0.,151.59461680555,13.6607260738895));
#16915=CARTESIAN_POINT('Origin',(0.,151.59461680555,5.));
#16916=CARTESIAN_POINT('',(54.388727503908,151.59461680555,2.5));
#16917=CARTESIAN_POINT('',(71.5887272698044,151.59461680555,2.5));
#16918=CARTESIAN_POINT('Origin',(0.,138.,5.));
#16919=CARTESIAN_POINT('',(54.388727503908,138.,2.5));
#16920=CARTESIAN_POINT('',(71.5887272698044,138.,0.));
#16921=CARTESIAN_POINT('Origin',(0.,138.,20.));
#16922=CARTESIAN_POINT('',(54.388727503908,138.,10.));
#16923=CARTESIAN_POINT('',(71.5887272698044,138.,0.));
#16924=CARTESIAN_POINT('Origin',(71.5887272698044,173.,0.));
#16925=CARTESIAN_POINT('Origin',(54.388727503908,137.998172245973,0.));
#16926=CARTESIAN_POINT('Origin',(0.,138.,10.));
#16927=CARTESIAN_POINT('',(71.5887272703059,138.,15.));
#16928=CARTESIAN_POINT('',(54.3887275370118,137.998172245973,14.9999996659315));
#16929=CARTESIAN_POINT('',(62.9887274034081,137.999086122986,14.9999998329658));
#16930=CARTESIAN_POINT('',(71.5887272703059,138.,5.));
#16931=CARTESIAN_POINT('Origin',(71.5887272698044,138.,10.));
#16932=CARTESIAN_POINT('',(54.3887275370118,137.998172245973,5.00000033406849));
#16933=CARTESIAN_POINT('',(62.9887274034081,137.999086122986,5.00000016703424));
#16934=CARTESIAN_POINT('Origin',(54.3887275370118,138.,10.));
#16935=CARTESIAN_POINT('Origin',(71.5887272698044,0.,0.));
#16936=CARTESIAN_POINT('',(71.5887272698044,138.,20.));
#16937=CARTESIAN_POINT('',(71.5887272698044,138.,0.));
#16938=CARTESIAN_POINT('',(71.5887272698044,0.,20.));
#16939=CARTESIAN_POINT('',(71.5887272698044,138.,20.));
#16940=CARTESIAN_POINT('',(71.5887272698044,0.,0.));
#16941=CARTESIAN_POINT('',(71.5887272698044,0.,0.));
#16942=CARTESIAN_POINT('',(71.5887272698044,7.04552279281069,-9.23718390041026E-16));
#16943=CARTESIAN_POINT('',(71.5887272698044,138.,0.));
#16944=CARTESIAN_POINT('',(71.5887272698044,16.8382251370745,7.41142405493705));
#16945=CARTESIAN_POINT('',(71.5887272698044,9.70206244904054,2.01055247253676));
#16946=CARTESIAN_POINT('',(71.5887272698044,25.8796793200867,7.41142405493705));
#16947=CARTESIAN_POINT('',(71.5887272698044,12.9398396600434,7.41142405493705));
#16948=CARTESIAN_POINT('',(71.5887272698044,36.1734960425045,6.3295003203623));
#16949=CARTESIAN_POINT('',(71.5887272698044,18.6133617192555,8.17514480956994));
#16950=CARTESIAN_POINT('',(71.5887272698044,79.7830902985018,6.3295003203623));
#16951=CARTESIAN_POINT('',(71.5887272698044,39.8915451492509,6.3295003203623));
#16952=CARTESIAN_POINT('',(71.5887272698044,87.8671700983238,0.));
#16953=CARTESIAN_POINT('',(71.5887272698044,60.6303914114187,21.3252718544664));
#16954=CARTESIAN_POINT('',(71.5887272698044,96.7618480350542,0.));
#16955=CARTESIAN_POINT('',(71.5887272698044,138.,0.));
#16956=CARTESIAN_POINT('',(71.5887272698044,104.812290680848,-0.846135617836361));
#16957=CARTESIAN_POINT('',(71.5887272698044,48.9095436517763,5.0294798579048));
#16958=CARTESIAN_POINT('',(71.5887272698044,104.901223117892,0.));
#16959=CARTESIAN_POINT('',(71.5887272698044,104.283671046599,-5.87561547574116));
#16960=CARTESIAN_POINT('',(71.5887272698044,138.,0.));
#16961=CARTESIAN_POINT('',(71.5887272698044,138.,0.));
#16962=CARTESIAN_POINT('',(71.5887272698044,138.,0.));
#16963=CARTESIAN_POINT('Origin',(71.5887272698044,138.,0.));
#16964=CARTESIAN_POINT('',(54.3887275370118,137.998172245973,20.));
#16965=CARTESIAN_POINT('',(54.3887275370118,137.998172245973,0.));
#16966=CARTESIAN_POINT('',(54.3887275370118,137.998172245973,20.));
#16967=CARTESIAN_POINT('Origin',(0.,96.7618480350542,0.));
#16968=CARTESIAN_POINT('',(54.3887275370118,96.7618480350542,0.));
#16969=CARTESIAN_POINT('',(54.3887275370118,104.812290680848,-0.846135617836361));
#16970=CARTESIAN_POINT('',(54.3887275370118,117.154731985282,-2.14337847245033));
#16971=CARTESIAN_POINT('',(0.,104.812290680848,-0.846135617836361));
#16972=CARTESIAN_POINT('',(29.9971818131743,96.7618480350542,0.));
#16973=CARTESIAN_POINT('Origin',(0.,104.812290680848,-0.846135617836361));
#16974=CARTESIAN_POINT('',(54.3887275370118,104.901223117892,0.));
#16975=CARTESIAN_POINT('',(54.3887275370118,105.03756883608,1.29724285461397));
#16976=CARTESIAN_POINT('',(29.9971818131743,104.901223117892,-2.77555756156289E-16));
#16977=CARTESIAN_POINT('Origin',(59.9943636263486,69.,0.));
#16978=CARTESIAN_POINT('',(54.3887275370118,87.8671700983238,0.));
#16979=CARTESIAN_POINT('',(29.9971818131743,87.8671700983238,1.11022302462516E-15));
#16980=CARTESIAN_POINT('',(54.3887275370118,137.998172245973,0.));
#16981=CARTESIAN_POINT('Origin',(0.,79.7830902985018,6.3295003203623));
#16982=CARTESIAN_POINT('',(48.3999999828969,36.1734960425045,6.3295003203623));
#16983=CARTESIAN_POINT('',(0.,36.1734960425045,6.3295003203623));
#16984=CARTESIAN_POINT('',(48.3999999828927,52.5981722459725,6.3295003203623));
#16985=CARTESIAN_POINT('',(48.3999999828892,66.1906312722433,6.3295003203623));
#16986=CARTESIAN_POINT('',(54.3887275370118,52.5981722459725,6.3295003203623));
#16987=CARTESIAN_POINT('',(27.1943637685059,52.5981722459725,6.3295003203623));
#16988=CARTESIAN_POINT('',(54.3887275370118,79.7830902985018,6.3295003203623));
#16989=CARTESIAN_POINT('',(54.3887275370118,108.890631272237,6.3295003203623));
#16990=CARTESIAN_POINT('',(0.,79.7830902985018,6.3295003203623));
#16991=CARTESIAN_POINT('Origin',(0.,87.8671700983238,0.));
#16992=CARTESIAN_POINT('',(54.3887275370118,103.406614572527,-12.1667426860245));
#16993=CARTESIAN_POINT('Origin',(0.,16.8382251370745,7.41142405493705));
#16994=CARTESIAN_POINT('',(48.3999999829043,7.04552279281069,-9.23718390041026E-16));
#16995=CARTESIAN_POINT('',(29.9971818131743,7.04552279281069,2.22044604925031E-15));
#16996=CARTESIAN_POINT('',(48.3999999829018,16.8382251370745,7.41142405493705));
#16997=CARTESIAN_POINT('',(48.3999999828993,26.4233186817462,14.6657232635119));
#16998=CARTESIAN_POINT('',(0.,16.8382251370745,7.41142405493705));
#16999=CARTESIAN_POINT('Origin',(0.,25.8796793200867,7.41142405493705));
#17000=CARTESIAN_POINT('',(48.3999999828995,25.8796793200867,7.41142405493705));
#17001=CARTESIAN_POINT('',(48.3999999828961,39.2389257830358,7.41142405493705));
#17002=CARTESIAN_POINT('',(0.,25.8796793200867,7.41142405493705));
#17003=CARTESIAN_POINT('Origin',(0.,36.1734960425045,6.3295003203623));
#17004=CARTESIAN_POINT('',(48.3999999828947,44.6250987771001,5.44120107817333));
#17005=CARTESIAN_POINT('Origin',(48.3999999828927,52.5981722459725,0.));
#17006=CARTESIAN_POINT('',(48.3999999829061,-1.62630325872826E-18,0.));
#17007=CARTESIAN_POINT('',(48.3999999829061,-1.62630325872826E-18,0.));
#17008=CARTESIAN_POINT('',(48.3999999829061,0.,20.));
#17009=CARTESIAN_POINT('',(48.3999999829061,-1.62630325872826E-18,0.));
#17010=CARTESIAN_POINT('',(48.3999999828927,52.5981722459725,20.));
#17011=CARTESIAN_POINT('',(48.3999999829061,-1.62630325872826E-18,20.));
#17012=CARTESIAN_POINT('',(48.3999999828927,52.5981722459725,0.));
#17013=CARTESIAN_POINT('Origin',(59.9943636263486,69.,0.));
#17014=CARTESIAN_POINT('',(71.9887272698044,-1.62630325872826E-18,0.));
#17015=CARTESIAN_POINT('Origin',(59.9943636263486,69.,0.));
#17016=CARTESIAN_POINT('',(54.3887275370118,137.998172245973,0.));
#17017=CARTESIAN_POINT('',(54.3887275370118,137.998172245973,0.));
#17018=CARTESIAN_POINT('',(54.3887275370118,137.998172245973,0.));
#17019=CARTESIAN_POINT('Origin',(54.3887275370118,137.998172245973,0.));
#17020=CARTESIAN_POINT('',(54.3887275370118,137.998172245973,0.));
#17021=CARTESIAN_POINT('',(54.3887275370118,52.5981722459725,20.));
#17022=CARTESIAN_POINT('',(54.3887275370118,52.5981722459725,0.));
#17023=CARTESIAN_POINT('',(54.3887275370118,137.998172245973,20.));
#17024=CARTESIAN_POINT('Origin',(71.5887272698044,138.,0.));
#17025=CARTESIAN_POINT('Origin',(48.3999999829061,-2.71177903010388E-20,
0.));
#17026=CARTESIAN_POINT('',(71.9887272698044,-1.62630325872826E-18,20.));
#17027=CARTESIAN_POINT('Origin',(54.3887275370118,52.5981722459725,0.));
#17028=CARTESIAN_POINT('',(54.3887275370118,52.5981722459725,20.));
#17029=CARTESIAN_POINT('Origin',(59.9943636263486,69.,20.));
#17030=CARTESIAN_POINT('Origin',(215.988727269804,159.797308402775,0.));
#17031=CARTESIAN_POINT('',(211.988727269804,159.797308402775,8.));
#17032=CARTESIAN_POINT('Origin',(215.988727269804,159.797308402775,8.));
#17033=CARTESIAN_POINT('',(211.988727269804,159.797308402775,5.));
#17034=CARTESIAN_POINT('',(211.988727269804,159.797308402775,0.));
#17035=CARTESIAN_POINT('Origin',(215.988727269804,159.797308402775,5.));
#17036=CARTESIAN_POINT('Origin',(215.988727269804,159.797308402775,8.));
#17037=CARTESIAN_POINT('Origin',(0.,151.59461680555,5.));
#17038=CARTESIAN_POINT('',(209.988727269804,151.59461680555,5.));
#17039=CARTESIAN_POINT('',(209.988727269804,151.59461680555,13.6607260738895));
#17040=CARTESIAN_POINT('',(209.988727269804,151.59461680555,2.5));
#17041=CARTESIAN_POINT('',(221.988727269804,151.59461680555,13.6607260738895));
#17042=CARTESIAN_POINT('',(0.,151.59461680555,13.6607260738895));
#17043=CARTESIAN_POINT('',(221.988727269804,151.59461680555,5.));
#17044=CARTESIAN_POINT('',(221.988727269804,151.59461680555,2.5));
#17045=CARTESIAN_POINT('',(0.,151.59461680555,5.));
#17046=CARTESIAN_POINT('Origin',(0.,151.59461680555,13.6607260738895));
#17047=CARTESIAN_POINT('',(209.988727269804,138.,20.));
#17048=CARTESIAN_POINT('',(209.988727269804,148.62753061837,15.0443010853775));
#17049=CARTESIAN_POINT('',(221.988727269804,138.,20.));
#17050=CARTESIAN_POINT('',(110.994363634902,138.,20.));
#17051=CARTESIAN_POINT('',(221.988727269804,163.001922203127,8.34141220808639));
#17052=CARTESIAN_POINT('Origin',(0.,168.,5.));
#17053=CARTESIAN_POINT('',(209.988727269804,168.,5.));
#17054=CARTESIAN_POINT('',(209.988727269804,153.,5.));
#17055=CARTESIAN_POINT('',(221.988727269804,168.,5.));
#17056=CARTESIAN_POINT('',(221.988727269804,170.5,5.));
#17057=CARTESIAN_POINT('',(0.,168.,5.));
#17058=CARTESIAN_POINT('Origin',(0.,168.,0.));
#17059=CARTESIAN_POINT('',(209.988727269804,168.,0.));
#17060=CARTESIAN_POINT('',(209.988727269804,168.,0.));
#17061=CARTESIAN_POINT('',(221.988727269804,168.,0.));
#17062=CARTESIAN_POINT('',(221.988727269804,168.,0.));
#17063=CARTESIAN_POINT('',(0.,168.,0.));
#17064=CARTESIAN_POINT('Origin',(263.988727269804,95.5,0.));
#17065=CARTESIAN_POINT('',(209.988727269804,115.205163428515,4.44089209850063E-15));
#17066=CARTESIAN_POINT('',(209.988727269804,116.75,0.));
#17067=CARTESIAN_POINT('',(221.988727269804,115.205163428515,4.44089209850063E-15));
#17068=CARTESIAN_POINT('',(221.988727269804,138.,0.));
#17069=CARTESIAN_POINT('',(116.994363634902,115.205163428515,0.));
#17070=CARTESIAN_POINT('Origin',(0.,138.,10.));
#17071=CARTESIAN_POINT('',(209.988727269804,133.,10.));
#17072=CARTESIAN_POINT('Origin',(209.988727269804,138.,10.));
#17073=CARTESIAN_POINT('',(221.988727269804,133.,10.));
#17074=CARTESIAN_POINT('',(0.,133.,10.));
#17075=CARTESIAN_POINT('Origin',(221.988727269804,138.,10.));
#17076=CARTESIAN_POINT('Origin',(221.988727269804,138.,0.));
#17077=CARTESIAN_POINT('',(209.988727269804,138.,28.));
#17078=CARTESIAN_POINT('',(209.988727269804,138.,0.));
#17079=CARTESIAN_POINT('',(221.988727269804,138.,28.));
#17080=CARTESIAN_POINT('',(209.588727269804,138.,28.));
#17081=CARTESIAN_POINT('',(221.988727269804,138.,0.));
#17082=CARTESIAN_POINT('Origin',(209.988727269804,138.,0.));
#17083=CARTESIAN_POINT('',(209.988727269804,115.036104054361,-1.6084925001047));
#17084=CARTESIAN_POINT('',(209.988727269804,115.24516420893,0.380582003320637));
#17085=CARTESIAN_POINT('',(209.988727269804,105.838456699027,-0.64178080857898));
#17086=CARTESIAN_POINT('',(209.988727269804,121.710168194945,-2.30996490771483));
#17087=CARTESIAN_POINT('',(209.988727269804,105.905910580121,2.22044604925031E-15));
#17088=CARTESIAN_POINT('',(209.988727269804,106.081243794143,1.66818409913585));
#17089=CARTESIAN_POINT('',(209.988727269804,105.905910580121,6.61769448870016));
#17090=CARTESIAN_POINT('',(209.988727269804,105.905910580121,1.11022302462516E-15));
#17091=CARTESIAN_POINT('',(209.988727269804,71.5040248314108,2.92323893950647));
#17092=CARTESIAN_POINT('',(209.988727269804,121.418707960038,8.28363050111484));
#17093=CARTESIAN_POINT('',(209.988727269804,54.1804640726126,4.74401854513847));
#17094=CARTESIAN_POINT('',(209.988727269804,104.540682153605,-0.549053664077014));
#17095=CARTESIAN_POINT('',(209.988727269804,54.1804640726126,3.93492260434437E-15));
#17096=CARTESIAN_POINT('',(209.988727269804,54.1804640726126,2.37200927256924));
#17097=CARTESIAN_POINT('',(209.988727269804,53.,0.));
#17098=CARTESIAN_POINT('',(209.988727269804,53.,0.));
#17099=CARTESIAN_POINT('',(209.988727269804,53.,20.));
#17100=CARTESIAN_POINT('',(209.988727269804,53.,0.));
#17101=CARTESIAN_POINT('',(209.988727269804,58.,28.));
#17102=CARTESIAN_POINT('',(209.988727269804,61.6938202247191,33.9101123595506));
#17103=CARTESIAN_POINT('',(209.988727269804,53.,28.));
#17104=CARTESIAN_POINT('Origin',(209.988727269804,53.,0.));
#17105=CARTESIAN_POINT('',(221.988727269804,53.,20.));
#17106=CARTESIAN_POINT('',(212.988727269804,53.,20.));
#17107=CARTESIAN_POINT('',(221.988727269804,53.,0.));
#17108=CARTESIAN_POINT('',(221.988727269804,53.,0.));
#17109=CARTESIAN_POINT('',(221.988727269804,53.,0.));
#17110=CARTESIAN_POINT('Origin',(221.988727269804,53.,0.));
#17111=CARTESIAN_POINT('',(221.988727269804,58.,28.));
#17112=CARTESIAN_POINT('',(221.988727269804,138.,28.));
#17113=CARTESIAN_POINT('',(221.988727269804,49.7556179775281,14.8089887640449));
#17114=CARTESIAN_POINT('',(221.988727269804,54.1804640726126,3.93492260434437E-15));
#17115=CARTESIAN_POINT('',(221.988727269804,138.,0.));
#17116=CARTESIAN_POINT('',(221.988727269804,54.1804640726126,4.74401854513847));
#17117=CARTESIAN_POINT('',(221.988727269804,54.1804640726126,2.37200927256924));
#17118=CARTESIAN_POINT('',(221.988727269804,71.5040248314108,2.92323893950647));
#17119=CARTESIAN_POINT('',(221.988727269804,62.5050456380116,3.86906976580044));
#17120=CARTESIAN_POINT('',(221.988727269804,105.905910580121,6.61769448870016));
#17121=CARTESIAN_POINT('',(221.988727269804,79.4032654761954,3.77154689703274));
#17122=CARTESIAN_POINT('',(221.988727269804,105.905910580121,2.22044604925031E-15));
#17123=CARTESIAN_POINT('',(221.988727269804,105.905910580121,1.11022302462516E-15));
#17124=CARTESIAN_POINT('',(221.988727269804,105.838456699027,-0.64178080857898));
#17125=CARTESIAN_POINT('',(221.988727269804,105.616880309736,-2.74993933074154));
#17126=CARTESIAN_POINT('',(221.988727269804,115.036104054361,-1.6084925001047));
#17127=CARTESIAN_POINT('',(221.988727269804,79.6745316793512,2.10815852216256));
#17128=CARTESIAN_POINT('',(221.988727269804,114.780800724523,-4.03754142655675));
#17129=CARTESIAN_POINT('Origin',(215.988727269804,95.5,28.));
#17130=CARTESIAN_POINT('',(212.988727269804,58.,28.));
#17131=CARTESIAN_POINT('Origin',(212.988727269804,55.5,24.));
#17132=CARTESIAN_POINT('Origin',(215.988727269804,95.5,0.));
#17133=CARTESIAN_POINT('',(116.994363634902,54.1804640726126,0.));
#17134=CARTESIAN_POINT('Origin',(18.,105.905910580121,2.22044604925031E-15));
#17135=CARTESIAN_POINT('',(116.994363634902,105.905910580121,0.));
#17136=CARTESIAN_POINT('',(18.,105.905910580121,6.61769448870016));
#17137=CARTESIAN_POINT('Origin',(18.,105.905910580121,6.61769448870016));
#17138=CARTESIAN_POINT('',(18.,71.5040248314108,2.92323893950647));
#17139=CARTESIAN_POINT('Origin',(18.,54.1804640726126,4.74401854513847));
#17140=CARTESIAN_POINT('',(18.,54.1804640726126,4.74401854513847));
#17141=CARTESIAN_POINT('Origin',(18.,71.5040248314108,2.92323893950647));
#17142=CARTESIAN_POINT('Origin',(18.,105.905910580121,2.22044604925031E-15));
#17143=CARTESIAN_POINT('',(18.,105.838456699027,-0.64178080857898));
#17144=CARTESIAN_POINT('Origin',(18.,105.838456699027,-0.64178080857898));
#17145=CARTESIAN_POINT('',(18.,115.036104054361,-1.6084925001047));
#17146=CARTESIAN_POINT('Origin',(18.,115.036104054361,-1.6084925001047));
#17147=CARTESIAN_POINT('Origin',(248.988727269804,159.797308402775,0.));
#17148=CARTESIAN_POINT('',(244.988727269804,159.797308402775,8.));
#17149=CARTESIAN_POINT('Origin',(248.988727269804,159.797308402775,8.));
#17150=CARTESIAN_POINT('',(244.988727269804,159.797308402775,5.));
#17151=CARTESIAN_POINT('',(244.988727269804,159.797308402775,0.));
#17152=CARTESIAN_POINT('Origin',(248.988727269804,159.797308402775,5.));
#17153=CARTESIAN_POINT('Origin',(248.988727269804,159.797308402775,8.));
#17154=CARTESIAN_POINT('Origin',(0.,96.7618480350542,0.));
#17155=CARTESIAN_POINT('',(257.588727269804,104.812290680848,-0.846135617836361));
#17156=CARTESIAN_POINT('',(257.588727269804,96.7618480350542,0.));
#17157=CARTESIAN_POINT('',(257.588727269804,74.9221846014258,2.29544112365126));
#17158=CARTESIAN_POINT('',(240.388727269804,96.7618480350542,0.));
#17159=CARTESIAN_POINT('',(125.994363634902,96.7618480350542,0.));
#17160=CARTESIAN_POINT('',(240.388727269804,104.812290680848,-0.846135617836361));
#17161=CARTESIAN_POINT('',(240.388727269804,117.155635877093,-2.1434734753079));
#17162=CARTESIAN_POINT('',(0.,104.812290680848,-0.846135617836361));
#17163=CARTESIAN_POINT('Origin',(0.,104.812290680848,-0.846135617836361));
#17164=CARTESIAN_POINT('',(257.588727269804,104.901223117892,0.));
#17165=CARTESIAN_POINT('',(257.588727269804,104.571030096949,-3.14157674148762));
#17166=CARTESIAN_POINT('',(240.388727269804,104.901223117892,0.));
#17167=CARTESIAN_POINT('',(240.388727269804,105.037578821283,1.29733785747154));
#17168=CARTESIAN_POINT('',(125.994363634902,104.901223117892,-2.77555756156289E-16));
#17169=CARTESIAN_POINT('Origin',(0.,25.8796793200867,7.41142405493705));
#17170=CARTESIAN_POINT('',(240.388727269804,25.8796793200867,7.41142405493705));
#17171=CARTESIAN_POINT('',(240.388727269804,16.8382251370745,7.41142405493705));
#17172=CARTESIAN_POINT('',(240.388727269804,81.9398396600434,7.41142405493705));
#17173=CARTESIAN_POINT('',(263.588727269804,25.8796793200867,7.41142405493705));
#17174=CARTESIAN_POINT('',(0.,25.8796793200867,7.41142405493705));
#17175=CARTESIAN_POINT('',(263.588727269804,16.8382251370745,7.41142405493705));
#17176=CARTESIAN_POINT('',(263.588727269804,12.9398396600434,7.41142405493705));
#17177=CARTESIAN_POINT('',(0.,16.8382251370745,7.41142405493705));
#17178=CARTESIAN_POINT('Origin',(0.,87.8671700983238,0.));
#17179=CARTESIAN_POINT('',(240.388727269804,87.8671700983238,0.));
#17180=CARTESIAN_POINT('',(240.388727269804,79.7830902985018,6.3295003203623));
#17181=CARTESIAN_POINT('',(240.388727269804,103.407181133757,-12.167186280048));
#17182=CARTESIAN_POINT('',(257.588727269804,87.8671700983238,0.));
#17183=CARTESIAN_POINT('',(125.994363634902,87.8671700983238,1.11022302462516E-15));
#17184=CARTESIAN_POINT('',(257.588727269804,79.7830902985018,6.3295003203623));
#17185=CARTESIAN_POINT('',(257.588727269804,76.9351677838461,8.55930592783266));
#17186=CARTESIAN_POINT('',(0.,79.7830902985018,6.3295003203623));
#17187=CARTESIAN_POINT('Origin',(0.,16.8382251370745,7.41142405493705));
#17188=CARTESIAN_POINT('',(263.588727269804,7.04552279281069,-9.23718390041026E-16));
#17189=CARTESIAN_POINT('',(263.588727269804,9.70206244904054,2.01055247253676));
#17190=CARTESIAN_POINT('',(240.388727269804,7.04552279281069,-9.23718390041026E-16));
#17191=CARTESIAN_POINT('',(125.994363634902,7.04552279281069,2.22044604925031E-15));
#17192=CARTESIAN_POINT('',(240.388727269804,53.5730424010015,35.2134850951222));
#17193=CARTESIAN_POINT('Origin',(0.,36.1734960425045,6.3295003203623));
#17194=CARTESIAN_POINT('',(240.388727269804,36.1734960425045,6.3295003203623));
#17195=CARTESIAN_POINT('',(240.388727269804,86.8594539445718,1.00219147635725));
#17196=CARTESIAN_POINT('',(263.588727269804,36.1734960425045,6.3295003203623));
#17197=CARTESIAN_POINT('',(0.,36.1734960425045,6.3295003203623));
#17198=CARTESIAN_POINT('',(263.588727269804,18.6133617192555,8.17514480956994));
#17199=CARTESIAN_POINT('Origin',(0.,79.7830902985018,6.3295003203623));
#17200=CARTESIAN_POINT('',(240.388727269804,108.891545149251,6.3295003203623));
#17201=CARTESIAN_POINT('',(257.588727269804,52.6,6.3295003203623));
#17202=CARTESIAN_POINT('',(257.588727269804,66.1915451492509,6.3295003203623));
#17203=CARTESIAN_POINT('',(263.588727269804,52.6,6.3295003203623));
#17204=CARTESIAN_POINT('',(131.794363634902,52.6,6.3295003203623));
#17205=CARTESIAN_POINT('',(263.588727269804,39.8915451492509,6.3295003203623));
#17206=CARTESIAN_POINT('Origin',(263.588727269804,0.,0.));
#17207=CARTESIAN_POINT('',(263.588727269804,52.6,20.));
#17208=CARTESIAN_POINT('',(263.588727269804,52.6,0.));
#17209=CARTESIAN_POINT('',(263.588727269804,0.,20.));
#17210=CARTESIAN_POINT('',(263.588727269804,138.,20.));
#17211=CARTESIAN_POINT('',(263.588727269804,0.,0.));
#17212=CARTESIAN_POINT('',(263.588727269804,0.,0.));
#17213=CARTESIAN_POINT('',(263.588727269804,138.,0.));
#17214=CARTESIAN_POINT('Origin',(263.588727269804,52.6,0.));
#17215=CARTESIAN_POINT('',(257.588727269804,52.6,20.));
#17216=CARTESIAN_POINT('',(257.588727269804,52.6,0.));
#17217=CARTESIAN_POINT('',(270.388727269804,52.6,20.));
#17218=CARTESIAN_POINT('Origin',(251.988727269804,69.,0.));
#17219=CARTESIAN_POINT('',(257.588727269804,52.6,0.));
#17220=CARTESIAN_POINT('',(240.388727269804,138.,0.));
#17221=CARTESIAN_POINT('Origin',(240.388727269804,0.,0.));
#17222=CARTESIAN_POINT('',(240.388727269804,0.,0.));
#17223=CARTESIAN_POINT('',(263.988727269804,0.,0.));
#17224=CARTESIAN_POINT('',(240.388727269804,0.,20.));
#17225=CARTESIAN_POINT('',(263.988727269804,0.,20.));
#17226=CARTESIAN_POINT('',(240.388727269804,0.,0.));
#17227=CARTESIAN_POINT('Origin',(251.988727269804,69.,20.));
#17228=CARTESIAN_POINT('',(257.588727269804,138.,20.));
#17229=CARTESIAN_POINT('',(257.588727269804,52.6,20.));
#17230=CARTESIAN_POINT('',(240.388727269804,138.,20.));
#17231=CARTESIAN_POINT('',(239.988727269804,138.,20.));
#17232=CARTESIAN_POINT('',(240.388727269804,138.,20.));
#17233=CARTESIAN_POINT('Origin',(251.988727269804,69.,0.));
#17234=CARTESIAN_POINT('',(240.388727269804,138.,0.));
#17235=CARTESIAN_POINT('Origin',(257.588727269804,52.6,0.));
#17236=CARTESIAN_POINT('',(257.588727269804,168.,0.));
#17237=CARTESIAN_POINT('',(257.588727269804,52.6,0.));
#17238=CARTESIAN_POINT('',(257.588727269804,168.,5.));
#17239=CARTESIAN_POINT('',(257.588727269804,168.,0.));
#17240=CARTESIAN_POINT('',(257.588727269804,151.59461680555,5.));
#17241=CARTESIAN_POINT('',(257.588727269804,170.5,5.));
#17242=CARTESIAN_POINT('',(257.588727269804,151.59461680555,13.6607260738895));
#17243=CARTESIAN_POINT('',(257.588727269804,151.59461680555,2.5));
#17244=CARTESIAN_POINT('',(257.588727269804,163.001922203127,8.34141220808639));
#17245=CARTESIAN_POINT('',(257.588727269804,133.,10.));
#17246=CARTESIAN_POINT('Origin',(257.588727269804,138.,10.));
#17247=CARTESIAN_POINT('Origin',(240.388727269804,138.,0.));
#17248=CARTESIAN_POINT('',(240.388727269804,151.59461680555,13.6607260738895));
#17249=CARTESIAN_POINT('',(240.388727269804,148.62753061837,15.0443010853775));
#17250=CARTESIAN_POINT('',(240.388727269804,151.59461680555,5.));
#17251=CARTESIAN_POINT('',(240.388727269804,151.59461680555,2.5));
#17252=CARTESIAN_POINT('',(240.388727269804,168.,5.));
#17253=CARTESIAN_POINT('',(240.388727269804,153.,5.));
#17254=CARTESIAN_POINT('',(240.388727269804,168.,0.));
#17255=CARTESIAN_POINT('',(240.388727269804,168.,0.));
#17256=CARTESIAN_POINT('',(240.388727269804,116.75,0.));
#17257=CARTESIAN_POINT('',(240.388727269804,133.,10.));
#17258=CARTESIAN_POINT('Origin',(240.388727269804,138.,10.));
#17259=CARTESIAN_POINT('Origin',(0.,138.,10.));
#17260=CARTESIAN_POINT('',(0.,133.,10.));
#17261=CARTESIAN_POINT('Origin',(263.988727269804,95.5,0.));
#17262=CARTESIAN_POINT('',(0.,168.,0.));
#17263=CARTESIAN_POINT('Origin',(0.,168.,0.));
#17264=CARTESIAN_POINT('',(0.,168.,5.));
#17265=CARTESIAN_POINT('Origin',(0.,168.,5.));
#17266=CARTESIAN_POINT('',(0.,151.59461680555,5.));
#17267=CARTESIAN_POINT('Origin',(0.,151.59461680555,13.6607260738895));
#17268=CARTESIAN_POINT('',(0.,151.59461680555,13.6607260738895));
#17269=CARTESIAN_POINT('Origin',(0.,151.59461680555,5.));
#17270=CARTESIAN_POINT('Origin',(203.988727269804,159.797308402775,0.));
#17271=CARTESIAN_POINT('',(199.988727269804,159.797308402775,8.));
#17272=CARTESIAN_POINT('Origin',(203.988727269804,159.797308402775,8.));
#17273=CARTESIAN_POINT('',(199.988727269804,159.797308402775,5.));
#17274=CARTESIAN_POINT('',(199.988727269804,159.797308402775,0.));
#17275=CARTESIAN_POINT('Origin',(203.988727269804,159.797308402775,5.));
#17276=CARTESIAN_POINT('Origin',(203.988727269804,159.797308402775,8.));
#17277=CARTESIAN_POINT('Origin',(0.,151.59461680555,5.));
#17278=CARTESIAN_POINT('',(209.588727269804,151.59461680555,13.6607260738895));
#17279=CARTESIAN_POINT('',(209.588727269804,151.59461680555,5.));
#17280=CARTESIAN_POINT('',(209.588727269804,151.59461680555,2.5));
#17281=CARTESIAN_POINT('',(198.388727269804,151.59461680555,5.));
#17282=CARTESIAN_POINT('',(0.,151.59461680555,5.));
#17283=CARTESIAN_POINT('',(198.388727269804,151.59461680555,13.6607260738895));
#17284=CARTESIAN_POINT('',(198.388727269804,151.59461680555,2.5));
#17285=CARTESIAN_POINT('',(0.,151.59461680555,13.6607260738895));
#17286=CARTESIAN_POINT('Origin',(0.,151.59461680555,13.6607260738895));
#17287=CARTESIAN_POINT('',(209.588727269804,138.,20.));
#17288=CARTESIAN_POINT('',(209.588727269804,163.001922203127,8.34141220808639));
#17289=CARTESIAN_POINT('',(198.388727269804,138.,20.));
#17290=CARTESIAN_POINT('',(198.388727269804,148.62753061837,15.0443010853775));
#17291=CARTESIAN_POINT('',(191.988727269804,138.,20.));
#17292=CARTESIAN_POINT('Origin',(0.,168.,5.));
#17293=CARTESIAN_POINT('',(209.588727269804,168.,5.));
#17294=CARTESIAN_POINT('',(209.588727269804,170.5,5.));
#17295=CARTESIAN_POINT('',(198.388727269804,168.,5.));
#17296=CARTESIAN_POINT('',(0.,168.,5.));
#17297=CARTESIAN_POINT('',(198.388727269804,153.,5.));
#17298=CARTESIAN_POINT('Origin',(0.,168.,0.));
#17299=CARTESIAN_POINT('',(209.588727269804,168.,0.));
#17300=CARTESIAN_POINT('',(209.588727269804,168.,0.));
#17301=CARTESIAN_POINT('',(198.388727269804,168.,0.));
#17302=CARTESIAN_POINT('',(0.,168.,0.));
#17303=CARTESIAN_POINT('',(198.388727269804,168.,0.));
#17304=CARTESIAN_POINT('Origin',(263.988727269804,95.5,0.));
#17305=CARTESIAN_POINT('',(209.588727269804,104.901223117892,0.));
#17306=CARTESIAN_POINT('',(209.588727269804,52.6,0.));
#17307=CARTESIAN_POINT('',(198.388727269804,104.901223117892,0.));
#17308=CARTESIAN_POINT('',(101.994363634902,104.901223117892,-2.77555756156289E-16));
#17309=CARTESIAN_POINT('',(198.388727269804,138.,0.));
#17310=CARTESIAN_POINT('Origin',(0.,138.,10.));
#17311=CARTESIAN_POINT('',(198.388727269804,133.,10.));
#17312=CARTESIAN_POINT('Origin',(198.388727269804,138.,10.));
#17313=CARTESIAN_POINT('',(209.588727269804,133.,10.));
#17314=CARTESIAN_POINT('',(0.,133.,10.));
#17315=CARTESIAN_POINT('Origin',(209.588727269804,138.,10.));
#17316=CARTESIAN_POINT('Origin',(209.588727269804,52.6,0.));
#17317=CARTESIAN_POINT('',(209.588727269804,52.6,20.));
#17318=CARTESIAN_POINT('',(209.588727269804,52.6,20.));
#17319=CARTESIAN_POINT('',(209.588727269804,52.6,6.3295003203623));
#17320=CARTESIAN_POINT('',(209.588727269804,52.6,0.));
#17321=CARTESIAN_POINT('',(209.588727269804,79.7830902985018,6.3295003203623));
#17322=CARTESIAN_POINT('',(209.588727269804,66.1915451492509,6.3295003203623));
#17323=CARTESIAN_POINT('',(209.588727269804,87.8671700983238,0.));
#17324=CARTESIAN_POINT('',(209.588727269804,76.9351677838461,8.55930592783266));
#17325=CARTESIAN_POINT('',(209.588727269804,96.7618480350542,0.));
#17326=CARTESIAN_POINT('',(209.588727269804,52.6,0.));
#17327=CARTESIAN_POINT('',(209.588727269804,104.812290680848,-0.846135617836361));
#17328=CARTESIAN_POINT('',(209.588727269804,74.9221846014258,2.29544112365126));
#17329=CARTESIAN_POINT('',(209.588727269804,104.571030096949,-3.14157674148762));
#17330=CARTESIAN_POINT('Origin',(198.388727269804,138.,0.));
#17331=CARTESIAN_POINT('',(198.388727269804,104.812290680848,-0.846135617836361));
#17332=CARTESIAN_POINT('',(198.388727269804,105.037578821283,1.29733785747154));
#17333=CARTESIAN_POINT('',(198.388727269804,96.7618480350542,0.));
#17334=CARTESIAN_POINT('',(198.388727269804,117.155635877093,-2.1434734753079));
#17335=CARTESIAN_POINT('',(198.388727269804,87.8671700983238,0.));
#17336=CARTESIAN_POINT('',(198.388727269804,138.,0.));
#17337=CARTESIAN_POINT('',(198.388727269804,79.7830902985018,6.3295003203623));
#17338=CARTESIAN_POINT('',(198.388727269804,103.407181133757,-12.167186280048));
#17339=CARTESIAN_POINT('',(198.388727269804,52.6,6.3295003203623));
#17340=CARTESIAN_POINT('',(198.388727269804,108.891545149251,6.3295003203623));
#17341=CARTESIAN_POINT('',(198.388727269804,52.6,20.));
#17342=CARTESIAN_POINT('',(198.388727269804,52.6,0.));
#17343=CARTESIAN_POINT('',(198.388727269804,138.,20.));
#17344=CARTESIAN_POINT('Origin',(0.,96.7618480350542,0.));
#17345=CARTESIAN_POINT('',(0.,104.812290680848,-0.846135617836361));
#17346=CARTESIAN_POINT('',(101.994363634902,96.7618480350542,0.));
#17347=CARTESIAN_POINT('Origin',(0.,104.812290680848,-0.846135617836361));
#17348=CARTESIAN_POINT('Origin',(0.,79.7830902985018,6.3295003203623));
#17349=CARTESIAN_POINT('',(215.588727269804,36.1734960425045,6.3295003203623));
#17350=CARTESIAN_POINT('',(215.588727269804,52.6,6.3295003203623));
#17351=CARTESIAN_POINT('',(215.588727269804,39.8915451492509,6.3295003203623));
#17352=CARTESIAN_POINT('',(192.388727269804,36.1734960425045,6.3295003203623));
#17353=CARTESIAN_POINT('',(0.,36.1734960425045,6.3295003203623));
#17354=CARTESIAN_POINT('',(192.388727269804,52.6,6.3295003203623));
#17355=CARTESIAN_POINT('',(192.388727269804,66.1915451492509,6.3295003203623));
#17356=CARTESIAN_POINT('',(99.1943636349022,52.6,6.3295003203623));
#17357=CARTESIAN_POINT('',(0.,79.7830902985018,6.3295003203623));
#17358=CARTESIAN_POINT('',(107.794363634902,52.6,6.3295003203623));
#17359=CARTESIAN_POINT('Origin',(0.,87.8671700983238,0.));
#17360=CARTESIAN_POINT('',(101.994363634902,87.8671700983238,1.11022302462516E-15));
#17361=CARTESIAN_POINT('Origin',(0.,16.8382251370745,7.41142405493705));
#17362=CARTESIAN_POINT('',(215.588727269804,7.04552279281069,-9.23718390041026E-16));
#17363=CARTESIAN_POINT('',(215.588727269804,16.8382251370745,7.41142405493705));
#17364=CARTESIAN_POINT('',(215.588727269804,9.70206244904054,2.01055247253676));
#17365=CARTESIAN_POINT('',(192.388727269804,7.04552279281069,-9.23718390041026E-16));
#17366=CARTESIAN_POINT('',(101.994363634902,7.04552279281069,2.22044604925031E-15));
#17367=CARTESIAN_POINT('',(192.388727269804,16.8382251370745,7.41142405493705));
#17368=CARTESIAN_POINT('',(192.388727269804,26.4238997350778,14.6661630228845));
#17369=CARTESIAN_POINT('',(0.,16.8382251370745,7.41142405493705));
#17370=CARTESIAN_POINT('Origin',(0.,25.8796793200867,7.41142405493705));
#17371=CARTESIAN_POINT('',(215.588727269804,25.8796793200867,7.41142405493705));
#17372=CARTESIAN_POINT('',(215.588727269804,12.9398396600434,7.41142405493705));
#17373=CARTESIAN_POINT('',(192.388727269804,25.8796793200867,7.41142405493705));
#17374=CARTESIAN_POINT('',(192.388727269804,39.2398396600434,7.41142405493705));
#17375=CARTESIAN_POINT('',(0.,25.8796793200867,7.41142405493705));
#17376=CARTESIAN_POINT('Origin',(0.,36.1734960425045,6.3295003203623));
#17377=CARTESIAN_POINT('',(215.588727269804,18.6133617192555,8.17514480956994));
#17378=CARTESIAN_POINT('',(192.388727269804,44.626002668905,5.44110607531641));
#17379=CARTESIAN_POINT('Origin',(215.588727269804,52.6,0.));
#17380=CARTESIAN_POINT('',(215.588727269804,52.6,20.));
#17381=CARTESIAN_POINT('',(222.388727269804,52.6,20.));
#17382=CARTESIAN_POINT('',(215.588727269804,52.6,0.));
#17383=CARTESIAN_POINT('Origin',(192.388727269804,52.6,0.));
#17384=CARTESIAN_POINT('',(192.388727269804,0.,0.));
#17385=CARTESIAN_POINT('',(192.388727269804,138.,0.));
#17386=CARTESIAN_POINT('',(192.388727269804,0.,20.));
#17387=CARTESIAN_POINT('',(192.388727269804,0.,0.));
#17388=CARTESIAN_POINT('',(192.388727269804,52.6,20.));
#17389=CARTESIAN_POINT('',(192.388727269804,138.,20.));
#17390=CARTESIAN_POINT('',(192.388727269804,52.6,0.));
#17391=CARTESIAN_POINT('Origin',(203.988727269804,69.,0.));
#17392=CARTESIAN_POINT('',(215.588727269804,0.,0.));
#17393=CARTESIAN_POINT('',(215.588727269804,0.,0.));
#17394=CARTESIAN_POINT('',(215.988727269804,0.,0.));
#17395=CARTESIAN_POINT('Origin',(203.988727269804,69.,0.));
#17396=CARTESIAN_POINT('Origin',(215.588727269804,0.,0.));
#17397=CARTESIAN_POINT('',(215.588727269804,0.,20.));
#17398=CARTESIAN_POINT('',(215.588727269804,0.,20.));
#17399=CARTESIAN_POINT('',(215.588727269804,0.,0.));
#17400=CARTESIAN_POINT('Origin',(192.388727269804,0.,0.));
#17401=CARTESIAN_POINT('',(215.988727269804,0.,20.));
#17402=CARTESIAN_POINT('Origin',(198.388727269804,52.6,0.));
#17403=CARTESIAN_POINT('',(198.388727269804,52.6,20.));
#17404=CARTESIAN_POINT('Origin',(203.988727269804,69.,20.));
#17405=CARTESIAN_POINT('Origin',(348.188863634902,159.797308402775,0.));
#17406=CARTESIAN_POINT('',(344.188863634902,159.797308402775,8.));
#17407=CARTESIAN_POINT('Origin',(348.188863634902,159.797308402775,8.));
#17408=CARTESIAN_POINT('',(344.188863634902,159.797308402775,5.));
#17409=CARTESIAN_POINT('',(344.188863634902,159.797308402775,0.));
#17410=CARTESIAN_POINT('Origin',(348.188863634902,159.797308402775,5.));
#17411=CARTESIAN_POINT('Origin',(348.188863634902,159.797308402775,8.));
#17412=CARTESIAN_POINT('Origin',(0.,96.7618480350542,0.));
#17413=CARTESIAN_POINT('',(336.388727269804,96.7618480350542,0.));
#17414=CARTESIAN_POINT('',(336.388727269804,104.812290680848,-0.846135617836361));
#17415=CARTESIAN_POINT('',(336.388727269804,117.155635877093,-2.1434734753079));
#17416=CARTESIAN_POINT('',(359.989,104.812290680848,-0.846135617836361));
#17417=CARTESIAN_POINT('',(0.,104.812290680848,-0.846135617836361));
#17418=CARTESIAN_POINT('',(359.989,96.7618480350542,0.));
#17419=CARTESIAN_POINT('',(359.989,104.812290680848,-0.846135617836361));
#17420=CARTESIAN_POINT('',(359.988727269804,96.7618480350542,0.));
#17421=CARTESIAN_POINT('',(0.,96.7618480350542,0.));
#17422=CARTESIAN_POINT('',(174.094363634902,96.7618480350542,0.));
#17423=CARTESIAN_POINT('Origin',(0.,104.812290680848,-0.846135617836361));
#17424=CARTESIAN_POINT('',(336.388727269804,104.901223117892,0.));
#17425=CARTESIAN_POINT('',(336.388727269804,105.037578821283,1.29733785747154));
#17426=CARTESIAN_POINT('',(359.988727269804,104.901223117892,0.));
#17427=CARTESIAN_POINT('',(174.094363634902,104.901223117892,-2.77555756156289E-16));
#17428=CARTESIAN_POINT('',(359.989,104.901223117892,0.));
#17429=CARTESIAN_POINT('',(0.,104.901223117892,0.));
#17430=CARTESIAN_POINT('',(359.989,104.901223117892,0.));
#17431=CARTESIAN_POINT('Origin',(0.,104.901223117892,0.));
#17432=CARTESIAN_POINT('',(359.988727269804,138.,0.));
#17433=CARTESIAN_POINT('',(359.989,104.901223117892,0.));
#17434=CARTESIAN_POINT('Origin',(359.989,100.831535576473,-0.423067808918181));
#17435=CARTESIAN_POINT('Origin',(0.,25.8796793200867,7.41142405493705));
#17436=CARTESIAN_POINT('',(336.388727269804,25.8796793200867,7.41142405493705));
#17437=CARTESIAN_POINT('',(336.388727269804,16.8382251370745,7.41142405493705));
#17438=CARTESIAN_POINT('',(336.388727269804,81.9398396600434,7.41142405493705));
#17439=CARTESIAN_POINT('',(359.988727269804,25.8796793200867,7.41142405493705));
#17440=CARTESIAN_POINT('',(0.,25.8796793200867,7.41142405493705));
#17441=CARTESIAN_POINT('',(359.988727269804,16.8382251370745,7.41142405493705));
#17442=CARTESIAN_POINT('',(359.988727269804,12.9398396600434,7.41142405493705));
#17443=CARTESIAN_POINT('',(0.,16.8382251370745,7.41142405493705));
#17444=CARTESIAN_POINT('Origin',(0.,16.8382251370745,7.41142405493705));
#17445=CARTESIAN_POINT('',(336.388727269804,7.04552279281069,-9.23718390041026E-16));
#17446=CARTESIAN_POINT('',(336.388727269804,53.5730424010015,35.2134850951222));
#17447=CARTESIAN_POINT('',(359.988727269804,7.04552279281069,-9.23718390041026E-16));
#17448=CARTESIAN_POINT('',(359.988727269804,9.70206244904054,2.01055247253676));
#17449=CARTESIAN_POINT('',(174.094363634902,7.04552279281069,2.22044604925031E-15));
#17450=CARTESIAN_POINT('Origin',(0.,87.8671700983238,0.));
#17451=CARTESIAN_POINT('',(336.388727269804,87.8671700983238,0.));
#17452=CARTESIAN_POINT('',(336.388727269804,79.7830902985018,6.3295003203623));
#17453=CARTESIAN_POINT('',(336.388727269804,103.407181133757,-12.167186280048));
#17454=CARTESIAN_POINT('',(359.988727269804,87.8671700983238,0.));
#17455=CARTESIAN_POINT('',(174.094363634902,87.8671700983238,1.11022302462516E-15));
#17456=CARTESIAN_POINT('',(359.988727269804,79.7830902985018,6.3295003203623));
#17457=CARTESIAN_POINT('',(359.988727269804,60.6303914114187,21.3252718544664));
#17458=CARTESIAN_POINT('',(0.,79.7830902985018,6.3295003203623));
#17459=CARTESIAN_POINT('Origin',(0.,36.1734960425045,6.3295003203623));
#17460=CARTESIAN_POINT('',(336.388727269804,36.1734960425045,6.3295003203623));
#17461=CARTESIAN_POINT('',(336.388727269804,86.8594539445718,1.00219147635725));
#17462=CARTESIAN_POINT('',(359.988727269804,36.1734960425045,6.3295003203623));
#17463=CARTESIAN_POINT('',(0.,36.1734960425045,6.3295003203623));
#17464=CARTESIAN_POINT('',(359.988727269804,18.6133617192555,8.17514480956994));
#17465=CARTESIAN_POINT('Origin',(0.,79.7830902985018,6.3295003203623));
#17466=CARTESIAN_POINT('',(336.388727269804,108.891545149251,6.3295003203623));
#17467=CARTESIAN_POINT('',(359.988727269804,39.8915451492509,6.3295003203623));
#17468=CARTESIAN_POINT('Origin',(348.188727269804,69.,0.));
#17469=CARTESIAN_POINT('',(359.988727269804,138.,0.));
#17470=CARTESIAN_POINT('',(336.388727269804,0.,0.));
#17471=CARTESIAN_POINT('Origin',(348.188727269804,69.,0.));
#17472=CARTESIAN_POINT('',(359.988727269804,0.,0.));
#17473=CARTESIAN_POINT('',(359.988727269804,138.,0.));
#17474=CARTESIAN_POINT('',(336.388727269804,0.,0.));
#17475=CARTESIAN_POINT('',(359.988727269804,0.,0.));
#17476=CARTESIAN_POINT('',(336.388727269804,0.,0.));
#17477=CARTESIAN_POINT('Origin',(336.388727269804,0.,0.));
#17478=CARTESIAN_POINT('',(359.988727269804,0.,20.));
#17479=CARTESIAN_POINT('',(359.988727269804,0.,0.));
#17480=CARTESIAN_POINT('',(336.388727269804,0.,20.));
#17481=CARTESIAN_POINT('',(359.988727269804,0.,20.));
#17482=CARTESIAN_POINT('',(336.388727269804,0.,0.));
#17483=CARTESIAN_POINT('Origin',(348.188727269804,69.,20.));
#17484=CARTESIAN_POINT('',(359.988727269804,138.,20.));
#17485=CARTESIAN_POINT('',(359.988727269804,138.,20.));
#17486=CARTESIAN_POINT('',(336.388727269804,138.,20.));
#17487=CARTESIAN_POINT('',(335.988727269804,138.,20.));
#17488=CARTESIAN_POINT('',(336.388727269804,0.,20.));
#17489=CARTESIAN_POINT('Origin',(359.988727269804,0.,0.));
#17490=CARTESIAN_POINT('',(359.988727269804,138.,5.));
#17491=CARTESIAN_POINT('',(359.988727269804,133.,10.));
#17492=CARTESIAN_POINT('Origin',(359.988727269804,138.,10.));
#17493=CARTESIAN_POINT('',(359.988727269804,138.,15.));
#17494=CARTESIAN_POINT('Origin',(359.988727269804,138.,10.));
#17495=CARTESIAN_POINT('',(359.988727269804,138.,0.));
#17496=CARTESIAN_POINT('',(359.988727269804,138.,0.));
#17497=CARTESIAN_POINT('',(359.988727269804,138.,0.));
#17498=CARTESIAN_POINT('',(359.988727269804,138.,0.));
#17499=CARTESIAN_POINT('Origin',(336.388727269804,138.,0.));
#17500=CARTESIAN_POINT('',(336.388727269804,151.59461680555,13.6607260738895));
#17501=CARTESIAN_POINT('',(336.388727269804,148.62753061837,15.0443010853775));
#17502=CARTESIAN_POINT('',(336.388727269804,151.59461680555,5.));
#17503=CARTESIAN_POINT('',(336.388727269804,151.59461680555,2.5));
#17504=CARTESIAN_POINT('',(336.388727269804,168.,5.));
#17505=CARTESIAN_POINT('',(336.388727269804,153.,5.));
#17506=CARTESIAN_POINT('',(336.388727269804,168.,0.));
#17507=CARTESIAN_POINT('',(336.388727269804,168.,0.));
#17508=CARTESIAN_POINT('',(336.388727269804,116.75,0.));
#17509=CARTESIAN_POINT('',(336.388727269804,133.,10.));
#17510=CARTESIAN_POINT('Origin',(336.388727269804,138.,10.));
#17511=CARTESIAN_POINT('Origin',(359.989,84.,9.57693219108182));
#17512=CARTESIAN_POINT('',(359.989,168.,0.));
#17513=CARTESIAN_POINT('',(359.989,168.,5.));
#17514=CARTESIAN_POINT('',(359.989,168.,0.));
#17515=CARTESIAN_POINT('',(359.989,151.59461680555,5.));
#17516=CARTESIAN_POINT('',(359.989,168.,5.));
#17517=CARTESIAN_POINT('',(359.989,151.59461680555,13.6607260738895));
#17518=CARTESIAN_POINT('',(359.989,151.59461680555,5.));
#17519=CARTESIAN_POINT('',(359.989,138.,20.));
#17520=CARTESIAN_POINT('',(359.989,138.,20.));
#17521=CARTESIAN_POINT('',(359.989,138.,15.));
#17522=CARTESIAN_POINT('',(359.989,138.,20.));
#17523=CARTESIAN_POINT('',(359.989,138.,5.));
#17524=CARTESIAN_POINT('Origin',(359.989,138.,10.));
#17525=CARTESIAN_POINT('',(359.989,138.,0.));
#17526=CARTESIAN_POINT('',(359.989,138.,20.));
#17527=CARTESIAN_POINT('',(359.989,138.,0.));
#17528=CARTESIAN_POINT('Origin',(0.,138.,20.));
#17529=CARTESIAN_POINT('',(0.,138.,15.));
#17530=CARTESIAN_POINT('',(0.,138.,20.));
#17531=CARTESIAN_POINT('Origin',(0.,138.,5.));
#17532=CARTESIAN_POINT('',(0.,138.,0.));
#17533=CARTESIAN_POINT('',(0.,138.,5.));
#17534=CARTESIAN_POINT('Origin',(0.,138.,10.));
#17535=CARTESIAN_POINT('',(0.,133.,10.));
#17536=CARTESIAN_POINT('Origin',(263.988727269804,95.5,0.));
#17537=CARTESIAN_POINT('',(0.,168.,0.));
#17538=CARTESIAN_POINT('Origin',(0.,168.,0.));
#17539=CARTESIAN_POINT('',(0.,168.,5.));
#17540=CARTESIAN_POINT('Origin',(0.,168.,5.));
#17541=CARTESIAN_POINT('',(0.,151.59461680555,5.));
#17542=CARTESIAN_POINT('Origin',(0.,151.59461680555,13.6607260738895));
#17543=CARTESIAN_POINT('',(0.,151.59461680555,13.6607260738895));
#17544=CARTESIAN_POINT('Origin',(0.,151.59461680555,5.));
#17545=CARTESIAN_POINT('Origin',(143.988727269804,159.797308402775,0.));
#17546=CARTESIAN_POINT('',(139.988727269804,159.797308402775,8.));
#17547=CARTESIAN_POINT('Origin',(143.988727269804,159.797308402775,8.));
#17548=CARTESIAN_POINT('',(139.988727269804,159.797308402775,5.));
#17549=CARTESIAN_POINT('',(139.988727269804,159.797308402775,0.));
#17550=CARTESIAN_POINT('Origin',(143.988727269804,159.797308402775,5.));
#17551=CARTESIAN_POINT('Origin',(143.988727269804,159.797308402775,8.));
#17552=CARTESIAN_POINT('Origin',(0.,151.59461680555,5.));
#17553=CARTESIAN_POINT('',(149.988727269804,151.59461680555,13.6607260738895));
#17554=CARTESIAN_POINT('',(149.988727269804,151.59461680555,5.));
#17555=CARTESIAN_POINT('',(149.988727269804,151.59461680555,2.5));
#17556=CARTESIAN_POINT('',(137.988727269804,151.59461680555,5.));
#17557=CARTESIAN_POINT('',(0.,151.59461680555,5.));
#17558=CARTESIAN_POINT('',(137.988727269804,151.59461680555,13.6607260738895));
#17559=CARTESIAN_POINT('',(137.988727269804,151.59461680555,2.5));
#17560=CARTESIAN_POINT('',(0.,151.59461680555,13.6607260738895));
#17561=CARTESIAN_POINT('Origin',(0.,151.59461680555,13.6607260738895));
#17562=CARTESIAN_POINT('',(149.988727269804,138.,20.));
#17563=CARTESIAN_POINT('',(149.988727269804,163.001922203127,8.34141220808639));
#17564=CARTESIAN_POINT('',(137.988727269804,138.,20.));
#17565=CARTESIAN_POINT('',(137.988727269804,148.62753061837,15.0443010853775));
#17566=CARTESIAN_POINT('',(74.9943636349022,138.,20.));
#17567=CARTESIAN_POINT('Origin',(0.,168.,5.));
#17568=CARTESIAN_POINT('',(149.988727269804,168.,5.));
#17569=CARTESIAN_POINT('',(149.988727269804,170.5,5.));
#17570=CARTESIAN_POINT('',(137.988727269804,168.,5.));
#17571=CARTESIAN_POINT('',(0.,168.,5.));
#17572=CARTESIAN_POINT('',(137.988727269804,153.,5.));
#17573=CARTESIAN_POINT('Origin',(0.,168.,0.));
#17574=CARTESIAN_POINT('',(149.988727269804,168.,0.));
#17575=CARTESIAN_POINT('',(149.988727269804,168.,0.));
#17576=CARTESIAN_POINT('',(137.988727269804,168.,0.));
#17577=CARTESIAN_POINT('',(0.,168.,0.));
#17578=CARTESIAN_POINT('',(137.988727269804,168.,0.));
#17579=CARTESIAN_POINT('Origin',(263.988727269804,95.5,0.));
#17580=CARTESIAN_POINT('',(149.988727269804,115.205163428515,4.44089209850063E-15));
#17581=CARTESIAN_POINT('',(149.988727269804,138.,0.));
#17582=CARTESIAN_POINT('',(137.988727269804,115.205163428515,4.44089209850063E-15));
#17583=CARTESIAN_POINT('',(80.9943636349022,115.205163428515,0.));
#17584=CARTESIAN_POINT('',(137.988727269804,116.75,0.));
#17585=CARTESIAN_POINT('Origin',(0.,138.,10.));
#17586=CARTESIAN_POINT('',(137.988727269804,133.,10.));
#17587=CARTESIAN_POINT('Origin',(137.988727269804,138.,10.));
#17588=CARTESIAN_POINT('',(149.988727269804,133.,10.));
#17589=CARTESIAN_POINT('',(0.,133.,10.));
#17590=CARTESIAN_POINT('Origin',(149.988727269804,138.,10.));
#17591=CARTESIAN_POINT('Origin',(137.988727269804,138.,0.));
#17592=CARTESIAN_POINT('',(137.988727269804,115.036104054361,-1.6084925001047));
#17593=CARTESIAN_POINT('',(137.988727269804,115.24516420893,0.380582003320637));
#17594=CARTESIAN_POINT('',(137.988727269804,105.838456699027,-0.64178080857898));
#17595=CARTESIAN_POINT('',(137.988727269804,121.710168194945,-2.30996490771483));
#17596=CARTESIAN_POINT('',(137.988727269804,105.905910580121,2.22044604925031E-15));
#17597=CARTESIAN_POINT('',(137.988727269804,106.081243794143,1.66818409913585));
#17598=CARTESIAN_POINT('',(137.988727269804,105.905910580121,6.61769448870016));
#17599=CARTESIAN_POINT('',(137.988727269804,105.905910580121,1.11022302462516E-15));
#17600=CARTESIAN_POINT('',(137.988727269804,71.5040248314108,2.92323893950647));
#17601=CARTESIAN_POINT('',(137.988727269804,121.418707960038,8.28363050111484));
#17602=CARTESIAN_POINT('',(137.988727269804,54.1804640726126,4.74401854513847));
#17603=CARTESIAN_POINT('',(137.988727269804,104.540682153605,-0.549053664077014));
#17604=CARTESIAN_POINT('',(137.988727269804,54.1804640726126,3.93492260434437E-15));
#17605=CARTESIAN_POINT('',(137.988727269804,54.1804640726126,2.37200927256924));
#17606=CARTESIAN_POINT('',(137.988727269804,53.,0.));
#17607=CARTESIAN_POINT('',(137.988727269804,53.,0.));
#17608=CARTESIAN_POINT('',(137.988727269804,53.,20.));
#17609=CARTESIAN_POINT('',(137.988727269804,53.,0.));
#17610=CARTESIAN_POINT('',(137.988727269804,58.,28.));
#17611=CARTESIAN_POINT('',(137.988727269804,61.6938202247191,33.9101123595506));
#17612=CARTESIAN_POINT('',(137.988727269804,138.,28.));
#17613=CARTESIAN_POINT('',(137.988727269804,53.,28.));
#17614=CARTESIAN_POINT('',(137.988727269804,138.,0.));
#17615=CARTESIAN_POINT('Origin',(149.988727269804,53.,0.));
#17616=CARTESIAN_POINT('',(149.988727269804,138.,28.));
#17617=CARTESIAN_POINT('',(149.988727269804,138.,0.));
#17618=CARTESIAN_POINT('',(149.988727269804,58.,28.));
#17619=CARTESIAN_POINT('',(149.988727269804,138.,28.));
#17620=CARTESIAN_POINT('',(149.988727269804,53.,20.));
#17621=CARTESIAN_POINT('',(149.988727269804,49.7556179775281,14.8089887640449));
#17622=CARTESIAN_POINT('',(149.988727269804,53.,0.));
#17623=CARTESIAN_POINT('',(149.988727269804,53.,0.));
#17624=CARTESIAN_POINT('',(149.988727269804,54.1804640726126,3.93492260434437E-15));
#17625=CARTESIAN_POINT('',(149.988727269804,138.,0.));
#17626=CARTESIAN_POINT('',(149.988727269804,54.1804640726126,4.74401854513847));
#17627=CARTESIAN_POINT('',(149.988727269804,54.1804640726126,2.37200927256924));
#17628=CARTESIAN_POINT('',(149.988727269804,71.5040248314108,2.92323893950647));
#17629=CARTESIAN_POINT('',(149.988727269804,62.5050456380116,3.86906976580044));
#17630=CARTESIAN_POINT('',(149.988727269804,105.905910580121,6.61769448870016));
#17631=CARTESIAN_POINT('',(149.988727269804,79.4032654761954,3.77154689703274));
#17632=CARTESIAN_POINT('',(149.988727269804,105.905910580121,2.22044604925031E-15));
#17633=CARTESIAN_POINT('',(149.988727269804,105.905910580121,1.11022302462516E-15));
#17634=CARTESIAN_POINT('',(149.988727269804,105.838456699027,-0.64178080857898));
#17635=CARTESIAN_POINT('',(149.988727269804,105.616880309736,-2.74993933074154));
#17636=CARTESIAN_POINT('',(149.988727269804,115.036104054361,-1.6084925001047));
#17637=CARTESIAN_POINT('',(149.988727269804,79.6745316793512,2.10815852216256));
#17638=CARTESIAN_POINT('',(149.988727269804,114.780800724523,-4.03754142655675));
#17639=CARTESIAN_POINT('Origin',(18.,115.036104054361,-1.6084925001047));
#17640=CARTESIAN_POINT('',(18.,115.036104054361,-1.6084925001047));
#17641=CARTESIAN_POINT('Origin',(18.,105.838456699027,-0.64178080857898));
#17642=CARTESIAN_POINT('',(18.,105.838456699027,-0.64178080857898));
#17643=CARTESIAN_POINT('Origin',(18.,105.905910580121,2.22044604925031E-15));
#17644=CARTESIAN_POINT('',(80.9943636349022,105.905910580121,0.));
#17645=CARTESIAN_POINT('Origin',(18.,71.5040248314108,2.92323893950647));
#17646=CARTESIAN_POINT('',(18.,71.5040248314108,2.92323893950647));
#17647=CARTESIAN_POINT('',(18.,54.1804640726126,4.74401854513847));
#17648=CARTESIAN_POINT('Origin',(18.,54.1804640726126,4.74401854513847));
#17649=CARTESIAN_POINT('',(80.9943636349022,54.1804640726126,0.));
#17650=CARTESIAN_POINT('Origin',(18.,105.905910580121,6.61769448870016));
#17651=CARTESIAN_POINT('',(18.,105.905910580121,6.61769448870016));
#17652=CARTESIAN_POINT('Origin',(18.,105.905910580121,2.22044604925031E-15));
#17653=CARTESIAN_POINT('Origin',(143.988727269804,95.5,0.));
#17654=CARTESIAN_POINT('',(149.988727269804,53.,0.));
#17655=CARTESIAN_POINT('Origin',(140.988727269804,55.5,24.));
#17656=CARTESIAN_POINT('',(140.988727269804,58.,28.));
#17657=CARTESIAN_POINT('',(140.988727269804,53.,20.));
#17658=CARTESIAN_POINT('Origin',(143.988727269804,95.5,28.));
#17659=CARTESIAN_POINT('',(137.588727269804,138.,28.));
#17660=CARTESIAN_POINT('Origin',(137.988727269804,53.,0.));
#17661=CARTESIAN_POINT('Origin',(149.988727269804,138.,0.));
#17662=CARTESIAN_POINT('Origin',(230.988727269804,159.797308402775,0.));
#17663=CARTESIAN_POINT('',(226.988727269804,159.797308402775,8.));
#17664=CARTESIAN_POINT('Origin',(230.988727269804,159.797308402775,8.));
#17665=CARTESIAN_POINT('',(226.988727269804,159.797308402775,5.));
#17666=CARTESIAN_POINT('',(226.988727269804,159.797308402775,0.));
#17667=CARTESIAN_POINT('Origin',(230.988727269804,159.797308402775,5.));
#17668=CARTESIAN_POINT('Origin',(230.988727269804,159.797308402775,8.));
#17669=CARTESIAN_POINT('Origin',(0.,96.7618480350542,0.));
#17670=CARTESIAN_POINT('',(222.388727269804,96.7618480350542,0.));
#17671=CARTESIAN_POINT('',(222.388727269804,104.812290680848,-0.846135617836361));
#17672=CARTESIAN_POINT('',(222.388727269804,117.155635877093,-2.1434734753079));
#17673=CARTESIAN_POINT('',(239.588727269804,104.812290680848,-0.846135617836361));
#17674=CARTESIAN_POINT('',(0.,104.812290680848,-0.846135617836361));
#17675=CARTESIAN_POINT('',(239.588727269804,96.7618480350542,0.));
#17676=CARTESIAN_POINT('',(239.588727269804,48.9095436517763,5.0294798579048));
#17677=CARTESIAN_POINT('',(113.994363634902,96.7618480350542,0.));
#17678=CARTESIAN_POINT('Origin',(0.,104.812290680848,-0.846135617836361));
#17679=CARTESIAN_POINT('',(222.388727269804,104.901223117892,0.));
#17680=CARTESIAN_POINT('',(222.388727269804,105.037578821283,1.29733785747154));
#17681=CARTESIAN_POINT('',(239.588727269804,104.901223117892,0.));
#17682=CARTESIAN_POINT('',(113.994363634902,104.901223117892,-2.77555756156289E-16));
#17683=CARTESIAN_POINT('',(239.588727269804,104.283671046599,-5.87561547574116));
#17684=CARTESIAN_POINT('Origin',(227.988727269804,69.,0.));
#17685=CARTESIAN_POINT('',(239.588727269804,87.8671700983238,0.));
#17686=CARTESIAN_POINT('',(239.588727269804,0.,0.));
#17687=CARTESIAN_POINT('',(222.388727269804,87.8671700983238,0.));
#17688=CARTESIAN_POINT('',(113.994363634902,87.8671700983238,1.11022302462516E-15));
#17689=CARTESIAN_POINT('',(222.388727269804,138.,0.));
#17690=CARTESIAN_POINT('Origin',(0.,79.7830902985018,6.3295003203623));
#17691=CARTESIAN_POINT('',(239.588727269804,36.1734960425045,6.3295003203623));
#17692=CARTESIAN_POINT('',(239.588727269804,79.7830902985018,6.3295003203623));
#17693=CARTESIAN_POINT('',(239.588727269804,39.8915451492509,6.3295003203623));
#17694=CARTESIAN_POINT('',(216.388727269804,36.1734960425045,6.3295003203623));
#17695=CARTESIAN_POINT('',(0.,36.1734960425045,6.3295003203623));
#17696=CARTESIAN_POINT('',(216.388727269804,52.6,6.3295003203623));
#17697=CARTESIAN_POINT('',(216.388727269804,66.1915451492509,6.3295003203623));
#17698=CARTESIAN_POINT('',(222.388727269804,52.6,6.3295003203623));
#17699=CARTESIAN_POINT('',(111.194363634902,52.6,6.3295003203623));
#17700=CARTESIAN_POINT('',(222.388727269804,79.7830902985018,6.3295003203623));
#17701=CARTESIAN_POINT('',(222.388727269804,108.891545149251,6.3295003203623));
#17702=CARTESIAN_POINT('',(0.,79.7830902985018,6.3295003203623));
#17703=CARTESIAN_POINT('Origin',(0.,87.8671700983238,0.));
#17704=CARTESIAN_POINT('',(239.588727269804,60.6303914114187,21.3252718544664));
#17705=CARTESIAN_POINT('',(222.388727269804,103.407181133757,-12.167186280048));
#17706=CARTESIAN_POINT('Origin',(0.,16.8382251370745,7.41142405493705));
#17707=CARTESIAN_POINT('',(239.588727269804,7.04552279281069,-9.23718390041026E-16));
#17708=CARTESIAN_POINT('',(239.588727269804,16.8382251370745,7.41142405493705));
#17709=CARTESIAN_POINT('',(239.588727269804,9.70206244904054,2.01055247253676));
#17710=CARTESIAN_POINT('',(216.388727269804,7.04552279281069,-9.23718390041026E-16));
#17711=CARTESIAN_POINT('',(113.994363634902,7.04552279281069,2.22044604925031E-15));
#17712=CARTESIAN_POINT('',(216.388727269804,16.8382251370745,7.41142405493705));
#17713=CARTESIAN_POINT('',(216.388727269804,26.4238997350778,14.6661630228845));
#17714=CARTESIAN_POINT('',(0.,16.8382251370745,7.41142405493705));
#17715=CARTESIAN_POINT('Origin',(0.,25.8796793200867,7.41142405493705));
#17716=CARTESIAN_POINT('',(239.588727269804,25.8796793200867,7.41142405493705));
#17717=CARTESIAN_POINT('',(239.588727269804,12.9398396600434,7.41142405493705));
#17718=CARTESIAN_POINT('',(216.388727269804,25.8796793200867,7.41142405493705));
#17719=CARTESIAN_POINT('',(216.388727269804,39.2398396600434,7.41142405493705));
#17720=CARTESIAN_POINT('',(0.,25.8796793200867,7.41142405493705));
#17721=CARTESIAN_POINT('Origin',(0.,36.1734960425045,6.3295003203623));
#17722=CARTESIAN_POINT('',(239.588727269804,18.6133617192555,8.17514480956994));
#17723=CARTESIAN_POINT('',(216.388727269804,44.626002668905,5.44110607531641));
#17724=CARTESIAN_POINT('Origin',(216.388727269804,52.6,0.));
#17725=CARTESIAN_POINT('',(216.388727269804,0.,0.));
#17726=CARTESIAN_POINT('',(216.388727269804,0.,0.));
#17727=CARTESIAN_POINT('',(216.388727269804,0.,20.));
#17728=CARTESIAN_POINT('',(216.388727269804,0.,0.));
#17729=CARTESIAN_POINT('',(216.388727269804,52.6,20.));
#17730=CARTESIAN_POINT('',(216.388727269804,0.,20.));
#17731=CARTESIAN_POINT('',(216.388727269804,52.6,0.));
#17732=CARTESIAN_POINT('Origin',(227.988727269804,69.,0.));
#17733=CARTESIAN_POINT('',(239.588727269804,0.,0.));
#17734=CARTESIAN_POINT('',(239.588727269804,0.,0.));
#17735=CARTESIAN_POINT('',(239.988727269804,0.,0.));
#17736=CARTESIAN_POINT('Origin',(222.388727269804,52.6,0.));
#17737=CARTESIAN_POINT('',(222.388727269804,52.6,20.));
#17738=CARTESIAN_POINT('',(222.388727269804,52.6,20.));
#17739=CARTESIAN_POINT('',(222.388727269804,52.6,0.));
#17740=CARTESIAN_POINT('Origin',(239.588727269804,0.,0.));
#17741=CARTESIAN_POINT('',(239.588727269804,0.,20.));
#17742=CARTESIAN_POINT('',(239.588727269804,138.,20.));
#17743=CARTESIAN_POINT('',(239.588727269804,0.,20.));
#17744=CARTESIAN_POINT('',(239.588727269804,0.,0.));
#17745=CARTESIAN_POINT('',(239.588727269804,168.,0.));
#17746=CARTESIAN_POINT('',(239.588727269804,0.,0.));
#17747=CARTESIAN_POINT('',(239.588727269804,168.,5.));
#17748=CARTESIAN_POINT('',(239.588727269804,168.,0.));
#17749=CARTESIAN_POINT('',(239.588727269804,151.59461680555,5.));
#17750=CARTESIAN_POINT('',(239.588727269804,170.5,5.));
#17751=CARTESIAN_POINT('',(239.588727269804,151.59461680555,13.6607260738895));
#17752=CARTESIAN_POINT('',(239.588727269804,151.59461680555,2.5));
#17753=CARTESIAN_POINT('',(239.588727269804,163.001922203127,8.34141220808639));
#17754=CARTESIAN_POINT('',(239.588727269804,133.,10.));
#17755=CARTESIAN_POINT('Origin',(239.588727269804,138.,10.));
#17756=CARTESIAN_POINT('Origin',(216.388727269804,0.,0.));
#17757=CARTESIAN_POINT('',(239.988727269804,0.,20.));
#17758=CARTESIAN_POINT('Origin',(227.988727269804,69.,20.));
#17759=CARTESIAN_POINT('',(222.388727269804,138.,20.));
#17760=CARTESIAN_POINT('',(215.988727269804,138.,20.));
#17761=CARTESIAN_POINT('',(222.388727269804,138.,20.));
#17762=CARTESIAN_POINT('Origin',(222.388727269804,138.,0.));
#17763=CARTESIAN_POINT('',(222.388727269804,151.59461680555,13.6607260738895));
#17764=CARTESIAN_POINT('',(222.388727269804,148.62753061837,15.0443010853775));
#17765=CARTESIAN_POINT('',(222.388727269804,151.59461680555,5.));
#17766=CARTESIAN_POINT('',(222.388727269804,151.59461680555,2.5));
#17767=CARTESIAN_POINT('',(222.388727269804,168.,5.));
#17768=CARTESIAN_POINT('',(222.388727269804,153.,5.));
#17769=CARTESIAN_POINT('',(222.388727269804,168.,0.));
#17770=CARTESIAN_POINT('',(222.388727269804,168.,0.));
#17771=CARTESIAN_POINT('',(222.388727269804,116.75,0.));
#17772=CARTESIAN_POINT('',(222.388727269804,133.,10.));
#17773=CARTESIAN_POINT('Origin',(222.388727269804,138.,10.));
#17774=CARTESIAN_POINT('Origin',(0.,138.,10.));
#17775=CARTESIAN_POINT('',(0.,133.,10.));
#17776=CARTESIAN_POINT('Origin',(263.988727269804,95.5,0.));
#17777=CARTESIAN_POINT('',(0.,168.,0.));
#17778=CARTESIAN_POINT('Origin',(0.,168.,0.));
#17779=CARTESIAN_POINT('',(0.,168.,5.));
#17780=CARTESIAN_POINT('Origin',(0.,168.,5.));
#17781=CARTESIAN_POINT('',(0.,151.59461680555,5.));
#17782=CARTESIAN_POINT('Origin',(0.,151.59461680555,13.6607260738895));
#17783=CARTESIAN_POINT('',(0.,151.59461680555,13.6607260738895));
#17784=CARTESIAN_POINT('Origin',(0.,151.59461680555,5.));
#17785=CARTESIAN_POINT('Origin',(107.988727269804,159.797308402775,0.));
#17786=CARTESIAN_POINT('',(103.988727269804,159.797308402775,8.));
#17787=CARTESIAN_POINT('Origin',(107.988727269804,159.797308402775,8.));
#17788=CARTESIAN_POINT('',(103.988727269804,159.797308402775,5.));
#17789=CARTESIAN_POINT('',(103.988727269804,159.797308402775,0.));
#17790=CARTESIAN_POINT('Origin',(107.988727269804,159.797308402775,5.));
#17791=CARTESIAN_POINT('Origin',(107.988727269804,159.797308402775,8.));
#17792=CARTESIAN_POINT('Origin',(0.,151.59461680555,5.));
#17793=CARTESIAN_POINT('',(102.388727269804,151.59461680555,5.));
#17794=CARTESIAN_POINT('',(102.388727269804,151.59461680555,13.6607260738895));
#17795=CARTESIAN_POINT('',(102.388727269804,151.59461680555,2.5));
#17796=CARTESIAN_POINT('',(113.588727269804,151.59461680555,13.6607260738895));
#17797=CARTESIAN_POINT('',(0.,151.59461680555,13.6607260738895));
#17798=CARTESIAN_POINT('',(113.588727269804,151.59461680555,5.));
#17799=CARTESIAN_POINT('',(113.588727269804,151.59461680555,2.5));
#17800=CARTESIAN_POINT('',(0.,151.59461680555,5.));
#17801=CARTESIAN_POINT('Origin',(0.,151.59461680555,13.6607260738895));
#17802=CARTESIAN_POINT('',(102.388727269804,138.,20.));
#17803=CARTESIAN_POINT('',(102.388727269804,148.62753061837,15.0443010853775));
#17804=CARTESIAN_POINT('',(113.588727269804,138.,20.));
#17805=CARTESIAN_POINT('',(95.9887272698044,138.,20.));
#17806=CARTESIAN_POINT('',(113.588727269804,163.001922203127,8.34141220808639));
#17807=CARTESIAN_POINT('Origin',(0.,168.,5.));
#17808=CARTESIAN_POINT('',(102.388727269804,168.,5.));
#17809=CARTESIAN_POINT('',(102.388727269804,153.,5.));
#17810=CARTESIAN_POINT('',(113.588727269804,168.,5.));
#17811=CARTESIAN_POINT('',(113.588727269804,170.5,5.));
#17812=CARTESIAN_POINT('',(0.,168.,5.));
#17813=CARTESIAN_POINT('Origin',(0.,168.,0.));
#17814=CARTESIAN_POINT('',(102.388727269804,168.,0.));
#17815=CARTESIAN_POINT('',(102.388727269804,168.,0.));
#17816=CARTESIAN_POINT('',(113.588727269804,168.,0.));
#17817=CARTESIAN_POINT('',(113.588727269804,168.,0.));
#17818=CARTESIAN_POINT('',(0.,168.,0.));
#17819=CARTESIAN_POINT('Origin',(263.988727269804,95.5,0.));
#17820=CARTESIAN_POINT('',(102.388727269804,104.901223117892,0.));
#17821=CARTESIAN_POINT('',(102.388727269804,138.,0.));
#17822=CARTESIAN_POINT('',(113.588727269804,104.901223117892,0.));
#17823=CARTESIAN_POINT('',(113.588727269804,52.6,0.));
#17824=CARTESIAN_POINT('',(53.9943636349022,104.901223117892,-2.77555756156289E-16));
#17825=CARTESIAN_POINT('Origin',(0.,138.,10.));
#17826=CARTESIAN_POINT('',(102.388727269804,133.,10.));
#17827=CARTESIAN_POINT('Origin',(102.388727269804,138.,10.));
#17828=CARTESIAN_POINT('',(113.588727269804,133.,10.));
#17829=CARTESIAN_POINT('',(0.,133.,10.));
#17830=CARTESIAN_POINT('Origin',(113.588727269804,138.,10.));
#17831=CARTESIAN_POINT('Origin',(113.588727269804,52.6,0.));
#17832=CARTESIAN_POINT('',(113.588727269804,52.6,20.));
#17833=CARTESIAN_POINT('',(113.588727269804,52.6,20.));
#17834=CARTESIAN_POINT('',(113.588727269804,52.6,6.3295003203623));
#17835=CARTESIAN_POINT('',(113.588727269804,52.6,0.));
#17836=CARTESIAN_POINT('',(113.588727269804,79.7830902985018,6.3295003203623));
#17837=CARTESIAN_POINT('',(113.588727269804,66.1915451492509,6.3295003203623));
#17838=CARTESIAN_POINT('',(113.588727269804,87.8671700983238,0.));
#17839=CARTESIAN_POINT('',(113.588727269804,76.9351677838461,8.55930592783266));
#17840=CARTESIAN_POINT('',(113.588727269804,96.7618480350542,0.));
#17841=CARTESIAN_POINT('',(113.588727269804,52.6,0.));
#17842=CARTESIAN_POINT('',(113.588727269804,104.812290680848,-0.846135617836361));
#17843=CARTESIAN_POINT('',(113.588727269804,74.9221846014258,2.29544112365126));
#17844=CARTESIAN_POINT('',(113.588727269804,104.571030096949,-3.14157674148762));
#17845=CARTESIAN_POINT('Origin',(102.388727269804,138.,0.));
#17846=CARTESIAN_POINT('',(102.388727269804,104.812290680848,-0.846135617836361));
#17847=CARTESIAN_POINT('',(102.388727269804,105.037578821283,1.29733785747154));
#17848=CARTESIAN_POINT('',(102.388727269804,96.7618480350542,0.));
#17849=CARTESIAN_POINT('',(102.388727269804,117.155635877093,-2.1434734753079));
#17850=CARTESIAN_POINT('',(102.388727269804,87.8671700983238,0.));
#17851=CARTESIAN_POINT('',(102.388727269804,138.,0.));
#17852=CARTESIAN_POINT('',(102.388727269804,79.7830902985018,6.3295003203623));
#17853=CARTESIAN_POINT('',(102.388727269804,103.407181133757,-12.167186280048));
#17854=CARTESIAN_POINT('',(102.388727269804,52.6,6.3295003203623));
#17855=CARTESIAN_POINT('',(102.388727269804,108.891545149251,6.3295003203623));
#17856=CARTESIAN_POINT('',(102.388727269804,52.6,20.));
#17857=CARTESIAN_POINT('',(102.388727269804,52.6,0.));
#17858=CARTESIAN_POINT('',(102.388727269804,138.,20.));
#17859=CARTESIAN_POINT('Origin',(0.,104.812290680848,-0.846135617836361));
#17860=CARTESIAN_POINT('',(0.,104.812290680848,-0.846135617836361));
#17861=CARTESIAN_POINT('Origin',(0.,79.7830902985018,6.3295003203623));
#17862=CARTESIAN_POINT('',(119.588727269804,36.1734960425045,6.3295003203623));
#17863=CARTESIAN_POINT('',(119.588727269804,52.6,6.3295003203623));
#17864=CARTESIAN_POINT('',(119.588727269804,39.8915451492509,6.3295003203623));
#17865=CARTESIAN_POINT('',(96.3887272698044,36.1734960425045,6.3295003203623));
#17866=CARTESIAN_POINT('',(0.,36.1734960425045,6.3295003203623));
#17867=CARTESIAN_POINT('',(96.3887272698044,52.6,6.3295003203623));
#17868=CARTESIAN_POINT('',(96.3887272698044,66.1915451492509,6.3295003203623));
#17869=CARTESIAN_POINT('',(51.1943636349022,52.6,6.3295003203623));
#17870=CARTESIAN_POINT('',(0.,79.7830902985018,6.3295003203623));
#17871=CARTESIAN_POINT('',(59.7943636349022,52.6,6.3295003203623));
#17872=CARTESIAN_POINT('Origin',(0.,87.8671700983238,0.));
#17873=CARTESIAN_POINT('',(53.9943636349022,87.8671700983238,1.11022302462516E-15));
#17874=CARTESIAN_POINT('Origin',(0.,16.8382251370745,7.41142405493705));
#17875=CARTESIAN_POINT('',(119.588727269804,7.04552279281069,-9.23718390041026E-16));
#17876=CARTESIAN_POINT('',(119.588727269804,16.8382251370745,7.41142405493705));
#17877=CARTESIAN_POINT('',(119.588727269804,9.70206244904054,2.01055247253676));
#17878=CARTESIAN_POINT('',(96.3887272698044,7.04552279281069,-9.23718390041026E-16));
#17879=CARTESIAN_POINT('',(53.9943636349022,7.04552279281069,2.22044604925031E-15));
#17880=CARTESIAN_POINT('',(96.3887272698044,16.8382251370745,7.41142405493705));
#17881=CARTESIAN_POINT('',(96.3887272698044,26.4238997350778,14.6661630228845));
#17882=CARTESIAN_POINT('',(0.,16.8382251370745,7.41142405493705));
#17883=CARTESIAN_POINT('Origin',(0.,25.8796793200867,7.41142405493705));
#17884=CARTESIAN_POINT('',(119.588727269804,25.8796793200867,7.41142405493705));
#17885=CARTESIAN_POINT('',(119.588727269804,12.9398396600434,7.41142405493705));
#17886=CARTESIAN_POINT('',(96.3887272698044,25.8796793200867,7.41142405493705));
#17887=CARTESIAN_POINT('',(96.3887272698044,39.2398396600434,7.41142405493705));
#17888=CARTESIAN_POINT('',(0.,25.8796793200867,7.41142405493705));
#17889=CARTESIAN_POINT('Origin',(0.,36.1734960425045,6.3295003203623));
#17890=CARTESIAN_POINT('',(119.588727269804,18.6133617192555,8.17514480956994));
#17891=CARTESIAN_POINT('',(96.3887272698044,44.626002668905,5.44110607531641));
#17892=CARTESIAN_POINT('Origin',(119.588727269804,52.6,0.));
#17893=CARTESIAN_POINT('',(119.588727269804,52.6,20.));
#17894=CARTESIAN_POINT('',(126.388727269804,52.6,20.));
#17895=CARTESIAN_POINT('',(119.588727269804,52.6,0.));
#17896=CARTESIAN_POINT('Origin',(96.3887272698044,52.6,0.));
#17897=CARTESIAN_POINT('',(96.3887272698044,0.,0.));
#17898=CARTESIAN_POINT('',(96.3887272698044,138.,0.));
#17899=CARTESIAN_POINT('',(96.3887272698044,0.,20.));
#17900=CARTESIAN_POINT('',(96.3887272698044,0.,0.));
#17901=CARTESIAN_POINT('',(96.3887272698044,52.6,20.));
#17902=CARTESIAN_POINT('',(96.3887272698044,138.,20.));
#17903=CARTESIAN_POINT('',(96.3887272698044,52.6,0.));
#17904=CARTESIAN_POINT('Origin',(107.988727269804,69.,0.));
#17905=CARTESIAN_POINT('',(119.588727269804,0.,0.));
#17906=CARTESIAN_POINT('',(119.588727269804,0.,0.));
#17907=CARTESIAN_POINT('',(119.988727269804,0.,0.));
#17908=CARTESIAN_POINT('Origin',(107.988727269804,69.,0.));
#17909=CARTESIAN_POINT('',(53.9943636349022,96.7618480350542,0.));
#17910=CARTESIAN_POINT('Origin',(119.588727269804,0.,0.));
#17911=CARTESIAN_POINT('',(119.588727269804,0.,20.));
#17912=CARTESIAN_POINT('',(119.588727269804,0.,20.));
#17913=CARTESIAN_POINT('',(119.588727269804,0.,0.));
#17914=CARTESIAN_POINT('Origin',(96.3887272698044,0.,0.));
#17915=CARTESIAN_POINT('',(119.988727269804,0.,20.));
#17916=CARTESIAN_POINT('Origin',(102.388727269804,52.6,0.));
#17917=CARTESIAN_POINT('',(102.388727269804,52.6,20.));
#17918=CARTESIAN_POINT('Origin',(107.988727269804,69.,20.));
#17919=CARTESIAN_POINT('Origin',(0.,96.7618480350542,0.));
#17920=CARTESIAN_POINT('Origin',(275.988727269804,159.797308402775,0.));
#17921=CARTESIAN_POINT('',(271.988727269804,159.797308402775,8.));
#17922=CARTESIAN_POINT('Origin',(275.988727269804,159.797308402775,8.));
#17923=CARTESIAN_POINT('',(271.988727269804,159.797308402775,5.));
#17924=CARTESIAN_POINT('',(271.988727269804,159.797308402775,0.));
#17925=CARTESIAN_POINT('Origin',(275.988727269804,159.797308402775,5.));
#17926=CARTESIAN_POINT('Origin',(275.988727269804,159.797308402775,8.));
#17927=CARTESIAN_POINT('Origin',(0.,96.7618480350542,0.));
#17928=CARTESIAN_POINT('',(281.588727269804,104.812290680848,-0.846135617836361));
#17929=CARTESIAN_POINT('',(281.588727269804,96.7618480350542,0.));
#17930=CARTESIAN_POINT('',(281.588727269804,74.9221846014258,2.29544112365126));
#17931=CARTESIAN_POINT('',(270.388727269804,96.7618480350542,0.));
#17932=CARTESIAN_POINT('',(137.994363634902,96.7618480350542,0.));
#17933=CARTESIAN_POINT('',(270.388727269804,104.812290680848,-0.846135617836361));
#17934=CARTESIAN_POINT('',(270.388727269804,117.155635877093,-2.1434734753079));
#17935=CARTESIAN_POINT('',(0.,104.812290680848,-0.846135617836361));
#17936=CARTESIAN_POINT('Origin',(0.,104.812290680848,-0.846135617836361));
#17937=CARTESIAN_POINT('',(281.588727269804,104.901223117892,0.));
#17938=CARTESIAN_POINT('',(281.588727269804,104.571030096949,-3.14157674148762));
#17939=CARTESIAN_POINT('',(270.388727269804,104.901223117892,0.));
#17940=CARTESIAN_POINT('',(270.388727269804,105.037578821283,1.29733785747154));
#17941=CARTESIAN_POINT('',(137.994363634902,104.901223117892,-2.77555756156289E-16));
#17942=CARTESIAN_POINT('Origin',(0.,79.7830902985018,6.3295003203623));
#17943=CARTESIAN_POINT('',(287.588727269804,36.1734960425045,6.3295003203623));
#17944=CARTESIAN_POINT('',(287.588727269804,52.6,6.3295003203623));
#17945=CARTESIAN_POINT('',(287.588727269804,39.8915451492509,6.3295003203623));
#17946=CARTESIAN_POINT('',(264.388727269804,36.1734960425045,6.3295003203623));
#17947=CARTESIAN_POINT('',(0.,36.1734960425045,6.3295003203623));
#17948=CARTESIAN_POINT('',(264.388727269804,52.6,6.3295003203623));
#17949=CARTESIAN_POINT('',(264.388727269804,66.1915451492509,6.3295003203623));
#17950=CARTESIAN_POINT('',(270.388727269804,52.6,6.3295003203623));
#17951=CARTESIAN_POINT('',(135.194363634902,52.6,6.3295003203623));
#17952=CARTESIAN_POINT('',(270.388727269804,79.7830902985018,6.3295003203623));
#17953=CARTESIAN_POINT('',(270.388727269804,108.891545149251,6.3295003203623));
#17954=CARTESIAN_POINT('',(281.588727269804,79.7830902985018,6.3295003203623));
#17955=CARTESIAN_POINT('',(0.,79.7830902985018,6.3295003203623));
#17956=CARTESIAN_POINT('',(281.588727269804,52.6,6.3295003203623));
#17957=CARTESIAN_POINT('',(281.588727269804,66.1915451492509,6.3295003203623));
#17958=CARTESIAN_POINT('',(143.794363634902,52.6,6.3295003203623));
#17959=CARTESIAN_POINT('Origin',(0.,87.8671700983238,0.));
#17960=CARTESIAN_POINT('',(281.588727269804,87.8671700983238,0.));
#17961=CARTESIAN_POINT('',(281.588727269804,76.9351677838461,8.55930592783266));
#17962=CARTESIAN_POINT('',(270.388727269804,87.8671700983238,0.));
#17963=CARTESIAN_POINT('',(270.388727269804,103.407181133757,-12.167186280048));
#17964=CARTESIAN_POINT('',(137.994363634902,87.8671700983238,1.11022302462516E-15));
#17965=CARTESIAN_POINT('Origin',(0.,16.8382251370745,7.41142405493705));
#17966=CARTESIAN_POINT('',(287.588727269804,7.04552279281069,-9.23718390041026E-16));
#17967=CARTESIAN_POINT('',(287.588727269804,16.8382251370745,7.41142405493705));
#17968=CARTESIAN_POINT('',(287.588727269804,9.70206244904054,2.01055247253676));
#17969=CARTESIAN_POINT('',(264.388727269804,7.04552279281069,-9.23718390041026E-16));
#17970=CARTESIAN_POINT('',(137.994363634902,7.04552279281069,2.22044604925031E-15));
#17971=CARTESIAN_POINT('',(264.388727269804,16.8382251370745,7.41142405493705));
#17972=CARTESIAN_POINT('',(264.388727269804,26.4238997350778,14.6661630228845));
#17973=CARTESIAN_POINT('',(0.,16.8382251370745,7.41142405493705));
#17974=CARTESIAN_POINT('Origin',(0.,25.8796793200867,7.41142405493705));
#17975=CARTESIAN_POINT('',(287.588727269804,25.8796793200867,7.41142405493705));
#17976=CARTESIAN_POINT('',(287.588727269804,12.9398396600434,7.41142405493705));
#17977=CARTESIAN_POINT('',(264.388727269804,25.8796793200867,7.41142405493705));
#17978=CARTESIAN_POINT('',(264.388727269804,39.2398396600434,7.41142405493705));
#17979=CARTESIAN_POINT('',(0.,25.8796793200867,7.41142405493705));
#17980=CARTESIAN_POINT('Origin',(0.,36.1734960425045,6.3295003203623));
#17981=CARTESIAN_POINT('',(287.588727269804,18.6133617192555,8.17514480956994));
#17982=CARTESIAN_POINT('',(264.388727269804,44.626002668905,5.44110607531641));
#17983=CARTESIAN_POINT('Origin',(287.588727269804,52.6,0.));
#17984=CARTESIAN_POINT('',(281.588727269804,52.6,20.));
#17985=CARTESIAN_POINT('',(281.588727269804,52.6,0.));
#17986=CARTESIAN_POINT('',(287.588727269804,52.6,20.));
#17987=CARTESIAN_POINT('',(294.388727269804,52.6,20.));
#17988=CARTESIAN_POINT('',(287.588727269804,52.6,0.));
#17989=CARTESIAN_POINT('Origin',(264.388727269804,52.6,0.));
#17990=CARTESIAN_POINT('',(264.388727269804,0.,0.));
#17991=CARTESIAN_POINT('',(264.388727269804,0.,0.));
#17992=CARTESIAN_POINT('',(264.388727269804,0.,20.));
#17993=CARTESIAN_POINT('',(264.388727269804,0.,0.));
#17994=CARTESIAN_POINT('',(264.388727269804,52.6,20.));
#17995=CARTESIAN_POINT('',(264.388727269804,0.,20.));
#17996=CARTESIAN_POINT('',(264.388727269804,52.6,0.));
#17997=CARTESIAN_POINT('Origin',(275.988727269804,69.,0.));
#17998=CARTESIAN_POINT('',(287.588727269804,0.,0.));
#17999=CARTESIAN_POINT('',(287.588727269804,138.,0.));
#18000=CARTESIAN_POINT('',(287.988727269804,0.,0.));
#18001=CARTESIAN_POINT('Origin',(275.988727269804,69.,0.));
#18002=CARTESIAN_POINT('',(281.588727269804,52.6,0.));
#18003=CARTESIAN_POINT('',(270.388727269804,138.,0.));
#18004=CARTESIAN_POINT('Origin',(264.388727269804,0.,0.));
#18005=CARTESIAN_POINT('',(287.588727269804,0.,20.));
#18006=CARTESIAN_POINT('',(287.588727269804,0.,0.));
#18007=CARTESIAN_POINT('',(287.988727269804,0.,20.));
#18008=CARTESIAN_POINT('Origin',(270.388727269804,52.6,0.));
#18009=CARTESIAN_POINT('',(270.388727269804,52.6,20.));
#18010=CARTESIAN_POINT('',(270.388727269804,52.6,20.));
#18011=CARTESIAN_POINT('',(270.388727269804,52.6,0.));
#18012=CARTESIAN_POINT('Origin',(287.588727269804,0.,0.));
#18013=CARTESIAN_POINT('',(287.588727269804,138.,20.));
#18014=CARTESIAN_POINT('Origin',(275.988727269804,69.,20.));
#18015=CARTESIAN_POINT('',(281.588727269804,138.,20.));
#18016=CARTESIAN_POINT('',(281.588727269804,52.6,20.));
#18017=CARTESIAN_POINT('',(270.388727269804,138.,20.));
#18018=CARTESIAN_POINT('',(263.988727269804,138.,20.));
#18019=CARTESIAN_POINT('',(270.388727269804,138.,20.));
#18020=CARTESIAN_POINT('Origin',(281.588727269804,52.6,0.));
#18021=CARTESIAN_POINT('',(281.588727269804,168.,0.));
#18022=CARTESIAN_POINT('',(281.588727269804,52.6,0.));
#18023=CARTESIAN_POINT('',(281.588727269804,168.,5.));
#18024=CARTESIAN_POINT('',(281.588727269804,168.,0.));
#18025=CARTESIAN_POINT('',(281.588727269804,151.59461680555,5.));
#18026=CARTESIAN_POINT('',(281.588727269804,170.5,5.));
#18027=CARTESIAN_POINT('',(281.588727269804,151.59461680555,13.6607260738895));
#18028=CARTESIAN_POINT('',(281.588727269804,151.59461680555,2.5));
#18029=CARTESIAN_POINT('',(281.588727269804,163.001922203127,8.34141220808639));
#18030=CARTESIAN_POINT('',(281.588727269804,133.,10.));
#18031=CARTESIAN_POINT('Origin',(281.588727269804,138.,10.));
#18032=CARTESIAN_POINT('Origin',(270.388727269804,138.,0.));
#18033=CARTESIAN_POINT('',(270.388727269804,151.59461680555,13.6607260738895));
#18034=CARTESIAN_POINT('',(270.388727269804,148.62753061837,15.0443010853775));
#18035=CARTESIAN_POINT('',(270.388727269804,151.59461680555,5.));
#18036=CARTESIAN_POINT('',(270.388727269804,151.59461680555,2.5));
#18037=CARTESIAN_POINT('',(270.388727269804,168.,5.));
#18038=CARTESIAN_POINT('',(270.388727269804,153.,5.));
#18039=CARTESIAN_POINT('',(270.388727269804,168.,0.));
#18040=CARTESIAN_POINT('',(270.388727269804,168.,0.));
#18041=CARTESIAN_POINT('',(270.388727269804,116.75,0.));
#18042=CARTESIAN_POINT('',(270.388727269804,133.,10.));
#18043=CARTESIAN_POINT('Origin',(270.388727269804,138.,10.));
#18044=CARTESIAN_POINT('Origin',(0.,138.,10.));
#18045=CARTESIAN_POINT('',(0.,133.,10.));
#18046=CARTESIAN_POINT('Origin',(263.988727269804,95.5,0.));
#18047=CARTESIAN_POINT('',(0.,168.,0.));
#18048=CARTESIAN_POINT('Origin',(0.,168.,0.));
#18049=CARTESIAN_POINT('',(0.,168.,5.));
#18050=CARTESIAN_POINT('Origin',(0.,168.,5.));
#18051=CARTESIAN_POINT('',(0.,151.59461680555,5.));
#18052=CARTESIAN_POINT('Origin',(0.,151.59461680555,13.6607260738895));
#18053=CARTESIAN_POINT('',(0.,151.59461680555,13.6607260738895));
#18054=CARTESIAN_POINT('Origin',(0.,151.59461680555,5.));
#18055=CARTESIAN_POINT('Origin',(95.9887272698043,159.797308402775,0.));
#18056=CARTESIAN_POINT('',(91.9887272698043,159.797308402775,8.));
#18057=CARTESIAN_POINT('Origin',(95.9887272698043,159.797308402775,8.));
#18058=CARTESIAN_POINT('',(91.9887272698043,159.797308402775,5.));
#18059=CARTESIAN_POINT('',(91.9887272698043,159.797308402775,0.));
#18060=CARTESIAN_POINT('Origin',(95.9887272698043,159.797308402775,5.));
#18061=CARTESIAN_POINT('Origin',(95.9887272698043,159.797308402775,8.));
#18062=CARTESIAN_POINT('Origin',(0.,151.59461680555,5.));
#18063=CARTESIAN_POINT('',(101.988727269804,151.59461680555,13.6607260738895));
#18064=CARTESIAN_POINT('',(101.988727269804,151.59461680555,5.));
#18065=CARTESIAN_POINT('',(101.988727269804,151.59461680555,2.5));
#18066=CARTESIAN_POINT('',(89.9887272698044,151.59461680555,5.));
#18067=CARTESIAN_POINT('',(0.,151.59461680555,5.));
#18068=CARTESIAN_POINT('',(89.9887272698044,151.59461680555,13.6607260738895));
#18069=CARTESIAN_POINT('',(89.9887272698044,151.59461680555,2.5));
#18070=CARTESIAN_POINT('',(0.,151.59461680555,13.6607260738895));
#18071=CARTESIAN_POINT('Origin',(0.,151.59461680555,13.6607260738895));
#18072=CARTESIAN_POINT('',(101.988727269804,138.,20.));
#18073=CARTESIAN_POINT('',(101.988727269804,163.001922203127,8.34141220808639));
#18074=CARTESIAN_POINT('',(89.9887272698044,138.,20.));
#18075=CARTESIAN_POINT('',(89.9887272698044,148.62753061837,15.0443010853775));
#18076=CARTESIAN_POINT('',(50.9943636349022,138.,20.));
#18077=CARTESIAN_POINT('Origin',(0.,168.,5.));
#18078=CARTESIAN_POINT('',(101.988727269804,168.,5.));
#18079=CARTESIAN_POINT('',(101.988727269804,170.5,5.));
#18080=CARTESIAN_POINT('',(89.9887272698044,168.,5.));
#18081=CARTESIAN_POINT('',(0.,168.,5.));
#18082=CARTESIAN_POINT('',(89.9887272698044,153.,5.));
#18083=CARTESIAN_POINT('Origin',(0.,168.,0.));
#18084=CARTESIAN_POINT('',(101.988727269804,168.,0.));
#18085=CARTESIAN_POINT('',(101.988727269804,168.,0.));
#18086=CARTESIAN_POINT('',(89.9887272698044,168.,0.));
#18087=CARTESIAN_POINT('',(0.,168.,0.));
#18088=CARTESIAN_POINT('',(89.9887272698044,168.,0.));
#18089=CARTESIAN_POINT('Origin',(263.988727269804,95.5,0.));
#18090=CARTESIAN_POINT('',(101.988727269804,115.205163428515,4.44089209850063E-15));
#18091=CARTESIAN_POINT('',(101.988727269804,138.,0.));
#18092=CARTESIAN_POINT('',(89.9887272698044,115.205163428515,4.44089209850063E-15));
#18093=CARTESIAN_POINT('',(56.9943636349022,115.205163428515,0.));
#18094=CARTESIAN_POINT('',(89.9887272698044,116.75,0.));
#18095=CARTESIAN_POINT('Origin',(0.,138.,10.));
#18096=CARTESIAN_POINT('',(89.9887272698044,133.,10.));
#18097=CARTESIAN_POINT('Origin',(89.9887272698044,138.,10.));
#18098=CARTESIAN_POINT('',(101.988727269804,133.,10.));
#18099=CARTESIAN_POINT('',(0.,133.,10.));
#18100=CARTESIAN_POINT('Origin',(101.988727269804,138.,10.));
#18101=CARTESIAN_POINT('Origin',(101.988727269804,138.,0.));
#18102=CARTESIAN_POINT('',(89.9887272698044,138.,28.));
#18103=CARTESIAN_POINT('',(89.9887272698044,138.,0.));
#18104=CARTESIAN_POINT('',(101.988727269804,138.,28.));
#18105=CARTESIAN_POINT('',(89.5887272698044,138.,28.));
#18106=CARTESIAN_POINT('',(101.988727269804,138.,0.));
#18107=CARTESIAN_POINT('Origin',(89.9887272698044,138.,0.));
#18108=CARTESIAN_POINT('',(89.9887272698044,115.036104054361,-1.6084925001047));
#18109=CARTESIAN_POINT('',(89.9887272698044,115.24516420893,0.380582003320637));
#18110=CARTESIAN_POINT('',(89.9887272698044,105.838456699027,-0.64178080857898));
#18111=CARTESIAN_POINT('',(89.9887272698044,121.710168194945,-2.30996490771483));
#18112=CARTESIAN_POINT('',(89.9887272698044,105.905910580121,2.22044604925031E-15));
#18113=CARTESIAN_POINT('',(89.9887272698044,106.081243794143,1.66818409913585));
#18114=CARTESIAN_POINT('',(89.9887272698044,105.905910580121,6.61769448870016));
#18115=CARTESIAN_POINT('',(89.9887272698044,105.905910580121,1.11022302462516E-15));
#18116=CARTESIAN_POINT('',(89.9887272698044,71.5040248314108,2.92323893950647));
#18117=CARTESIAN_POINT('',(89.9887272698044,121.418707960038,8.28363050111484));
#18118=CARTESIAN_POINT('',(89.9887272698044,54.1804640726126,4.74401854513847));
#18119=CARTESIAN_POINT('',(89.9887272698044,104.540682153605,-0.549053664077014));
#18120=CARTESIAN_POINT('',(89.9887272698044,54.1804640726126,3.93492260434437E-15));
#18121=CARTESIAN_POINT('',(89.9887272698044,54.1804640726126,2.37200927256924));
#18122=CARTESIAN_POINT('',(89.9887272698044,53.,0.));
#18123=CARTESIAN_POINT('',(89.9887272698044,53.,0.));
#18124=CARTESIAN_POINT('',(89.9887272698044,53.,20.));
#18125=CARTESIAN_POINT('',(89.9887272698044,53.,0.));
#18126=CARTESIAN_POINT('',(89.9887272698044,58.,28.));
#18127=CARTESIAN_POINT('',(89.9887272698044,61.6938202247191,33.9101123595506));
#18128=CARTESIAN_POINT('',(89.9887272698044,53.,28.));
#18129=CARTESIAN_POINT('Origin',(89.9887272698044,53.,0.));
#18130=CARTESIAN_POINT('',(101.988727269804,53.,20.));
#18131=CARTESIAN_POINT('',(92.9887272698044,53.,20.));
#18132=CARTESIAN_POINT('',(101.988727269804,53.,0.));
#18133=CARTESIAN_POINT('',(101.988727269804,53.,0.));
#18134=CARTESIAN_POINT('',(101.988727269804,53.,0.));
#18135=CARTESIAN_POINT('Origin',(101.988727269804,53.,0.));
#18136=CARTESIAN_POINT('',(101.988727269804,58.,28.));
#18137=CARTESIAN_POINT('',(101.988727269804,138.,28.));
#18138=CARTESIAN_POINT('',(101.988727269804,49.7556179775281,14.8089887640449));
#18139=CARTESIAN_POINT('',(101.988727269804,54.1804640726126,3.93492260434437E-15));
#18140=CARTESIAN_POINT('',(101.988727269804,138.,0.));
#18141=CARTESIAN_POINT('',(101.988727269804,54.1804640726126,4.74401854513847));
#18142=CARTESIAN_POINT('',(101.988727269804,54.1804640726126,2.37200927256924));
#18143=CARTESIAN_POINT('',(101.988727269804,71.5040248314108,2.92323893950647));
#18144=CARTESIAN_POINT('',(101.988727269804,62.5050456380116,3.86906976580044));
#18145=CARTESIAN_POINT('',(101.988727269804,105.905910580121,6.61769448870016));
#18146=CARTESIAN_POINT('',(101.988727269804,79.4032654761954,3.77154689703274));
#18147=CARTESIAN_POINT('',(101.988727269804,105.905910580121,2.22044604925031E-15));
#18148=CARTESIAN_POINT('',(101.988727269804,105.905910580121,1.11022302462516E-15));
#18149=CARTESIAN_POINT('',(101.988727269804,105.838456699027,-0.64178080857898));
#18150=CARTESIAN_POINT('',(101.988727269804,105.616880309736,-2.74993933074154));
#18151=CARTESIAN_POINT('',(101.988727269804,115.036104054361,-1.6084925001047));
#18152=CARTESIAN_POINT('',(101.988727269804,79.6745316793512,2.10815852216256));
#18153=CARTESIAN_POINT('',(101.988727269804,114.780800724523,-4.03754142655675));
#18154=CARTESIAN_POINT('Origin',(95.9887272698044,95.5,28.));
#18155=CARTESIAN_POINT('',(92.9887272698044,58.,28.));
#18156=CARTESIAN_POINT('Origin',(92.9887272698044,55.5,24.));
#18157=CARTESIAN_POINT('Origin',(95.9887272698044,95.5,0.));
#18158=CARTESIAN_POINT('',(56.9943636349022,54.1804640726126,0.));
#18159=CARTESIAN_POINT('Origin',(18.,105.905910580121,2.22044604925031E-15));
#18160=CARTESIAN_POINT('',(56.9943636349022,105.905910580121,0.));
#18161=CARTESIAN_POINT('',(18.,105.905910580121,6.61769448870016));
#18162=CARTESIAN_POINT('Origin',(18.,105.905910580121,6.61769448870016));
#18163=CARTESIAN_POINT('',(18.,71.5040248314108,2.92323893950647));
#18164=CARTESIAN_POINT('Origin',(18.,54.1804640726126,4.74401854513847));
#18165=CARTESIAN_POINT('',(18.,54.1804640726126,4.74401854513847));
#18166=CARTESIAN_POINT('Origin',(18.,71.5040248314108,2.92323893950647));
#18167=CARTESIAN_POINT('Origin',(18.,105.905910580121,2.22044604925031E-15));
#18168=CARTESIAN_POINT('',(18.,105.838456699027,-0.64178080857898));
#18169=CARTESIAN_POINT('Origin',(18.,105.838456699027,-0.64178080857898));
#18170=CARTESIAN_POINT('',(18.,115.036104054361,-1.6084925001047));
#18171=CARTESIAN_POINT('Origin',(18.,115.036104054361,-1.6084925001047));
#18172=CARTESIAN_POINT('Origin',(158.988727269804,159.797308402775,0.));
#18173=CARTESIAN_POINT('',(154.988727269804,159.797308402775,8.));
#18174=CARTESIAN_POINT('Origin',(158.988727269804,159.797308402775,8.));
#18175=CARTESIAN_POINT('',(154.988727269804,159.797308402775,5.));
#18176=CARTESIAN_POINT('',(154.988727269804,159.797308402775,0.));
#18177=CARTESIAN_POINT('Origin',(158.988727269804,159.797308402775,5.));
#18178=CARTESIAN_POINT('Origin',(158.988727269804,159.797308402775,8.));
#18179=CARTESIAN_POINT('Origin',(0.,96.7618480350542,0.));
#18180=CARTESIAN_POINT('',(167.588727269804,104.812290680848,-0.846135617836361));
#18181=CARTESIAN_POINT('',(167.588727269804,96.7618480350542,0.));
#18182=CARTESIAN_POINT('',(167.588727269804,48.9095436517763,5.0294798579048));
#18183=CARTESIAN_POINT('',(150.388727269804,96.7618480350542,0.));
#18184=CARTESIAN_POINT('',(77.9943636349022,96.7618480350542,0.));
#18185=CARTESIAN_POINT('',(150.388727269804,104.812290680848,-0.846135617836361));
#18186=CARTESIAN_POINT('',(150.388727269804,117.155635877093,-2.1434734753079));
#18187=CARTESIAN_POINT('',(0.,104.812290680848,-0.846135617836361));
#18188=CARTESIAN_POINT('Origin',(0.,104.812290680848,-0.846135617836361));
#18189=CARTESIAN_POINT('',(167.588727269804,104.901223117892,0.));
#18190=CARTESIAN_POINT('',(167.588727269804,104.283671046599,-5.87561547574116));
#18191=CARTESIAN_POINT('',(150.388727269804,104.901223117892,0.));
#18192=CARTESIAN_POINT('',(150.388727269804,105.037578821283,1.29733785747154));
#18193=CARTESIAN_POINT('',(77.9943636349022,104.901223117892,-2.77555756156289E-16));
#18194=CARTESIAN_POINT('Origin',(155.988727269804,69.,0.));
#18195=CARTESIAN_POINT('',(167.588727269804,87.8671700983238,0.));
#18196=CARTESIAN_POINT('',(167.588727269804,0.,0.));
#18197=CARTESIAN_POINT('',(150.388727269804,87.8671700983238,0.));
#18198=CARTESIAN_POINT('',(77.9943636349022,87.8671700983238,1.11022302462516E-15));
#18199=CARTESIAN_POINT('',(150.388727269804,138.,0.));
#18200=CARTESIAN_POINT('Origin',(0.,79.7830902985018,6.3295003203623));
#18201=CARTESIAN_POINT('',(167.588727269804,36.1734960425045,6.3295003203623));
#18202=CARTESIAN_POINT('',(167.588727269804,79.7830902985018,6.3295003203623));
#18203=CARTESIAN_POINT('',(167.588727269804,39.8915451492509,6.3295003203623));
#18204=CARTESIAN_POINT('',(144.388727269804,36.1734960425045,6.3295003203623));
#18205=CARTESIAN_POINT('',(0.,36.1734960425045,6.3295003203623));
#18206=CARTESIAN_POINT('',(144.388727269804,52.6,6.3295003203623));
#18207=CARTESIAN_POINT('',(144.388727269804,66.1915451492509,6.3295003203623));
#18208=CARTESIAN_POINT('',(150.388727269804,52.6,6.3295003203623));
#18209=CARTESIAN_POINT('',(75.1943636349022,52.6,6.3295003203623));
#18210=CARTESIAN_POINT('',(150.388727269804,79.7830902985018,6.3295003203623));
#18211=CARTESIAN_POINT('',(150.388727269804,108.891545149251,6.3295003203623));
#18212=CARTESIAN_POINT('',(0.,79.7830902985018,6.3295003203623));
#18213=CARTESIAN_POINT('Origin',(0.,87.8671700983238,0.));
#18214=CARTESIAN_POINT('',(167.588727269804,60.6303914114187,21.3252718544664));
#18215=CARTESIAN_POINT('',(150.388727269804,103.407181133757,-12.167186280048));
#18216=CARTESIAN_POINT('Origin',(0.,16.8382251370745,7.41142405493705));
#18217=CARTESIAN_POINT('',(167.588727269804,7.04552279281069,-9.23718390041026E-16));
#18218=CARTESIAN_POINT('',(167.588727269804,16.8382251370745,7.41142405493705));
#18219=CARTESIAN_POINT('',(167.588727269804,9.70206244904054,2.01055247253676));
#18220=CARTESIAN_POINT('',(144.388727269804,7.04552279281069,-9.23718390041026E-16));
#18221=CARTESIAN_POINT('',(77.9943636349022,7.04552279281069,2.22044604925031E-15));
#18222=CARTESIAN_POINT('',(144.388727269804,16.8382251370745,7.41142405493705));
#18223=CARTESIAN_POINT('',(144.388727269804,26.4238997350778,14.6661630228845));
#18224=CARTESIAN_POINT('',(0.,16.8382251370745,7.41142405493705));
#18225=CARTESIAN_POINT('Origin',(0.,25.8796793200867,7.41142405493705));
#18226=CARTESIAN_POINT('',(167.588727269804,25.8796793200867,7.41142405493705));
#18227=CARTESIAN_POINT('',(167.588727269804,12.9398396600434,7.41142405493705));
#18228=CARTESIAN_POINT('',(144.388727269804,25.8796793200867,7.41142405493705));
#18229=CARTESIAN_POINT('',(144.388727269804,39.2398396600434,7.41142405493705));
#18230=CARTESIAN_POINT('',(0.,25.8796793200867,7.41142405493705));
#18231=CARTESIAN_POINT('Origin',(0.,36.1734960425045,6.3295003203623));
#18232=CARTESIAN_POINT('',(167.588727269804,18.6133617192555,8.17514480956994));
#18233=CARTESIAN_POINT('',(144.388727269804,44.626002668905,5.44110607531641));
#18234=CARTESIAN_POINT('Origin',(144.388727269804,52.6,0.));
#18235=CARTESIAN_POINT('',(144.388727269804,0.,0.));
#18236=CARTESIAN_POINT('',(144.388727269804,138.,0.));
#18237=CARTESIAN_POINT('',(144.388727269804,0.,20.));
#18238=CARTESIAN_POINT('',(144.388727269804,0.,0.));
#18239=CARTESIAN_POINT('',(144.388727269804,52.6,20.));
#18240=CARTESIAN_POINT('',(144.388727269804,138.,20.));
#18241=CARTESIAN_POINT('',(144.388727269804,52.6,0.));
#18242=CARTESIAN_POINT('Origin',(155.988727269804,69.,0.));
#18243=CARTESIAN_POINT('',(167.588727269804,0.,0.));
#18244=CARTESIAN_POINT('',(167.588727269804,0.,0.));
#18245=CARTESIAN_POINT('',(143.988727269804,0.,0.));
#18246=CARTESIAN_POINT('Origin',(144.388727269804,0.,0.));
#18247=CARTESIAN_POINT('',(167.588727269804,0.,20.));
#18248=CARTESIAN_POINT('',(167.588727269804,0.,0.));
#18249=CARTESIAN_POINT('',(143.988727269804,0.,20.));
#18250=CARTESIAN_POINT('Origin',(150.388727269804,52.6,0.));
#18251=CARTESIAN_POINT('',(150.388727269804,52.6,20.));
#18252=CARTESIAN_POINT('',(150.388727269804,52.6,20.));
#18253=CARTESIAN_POINT('',(150.388727269804,52.6,0.));
#18254=CARTESIAN_POINT('Origin',(167.588727269804,0.,0.));
#18255=CARTESIAN_POINT('',(167.588727269804,138.,20.));
#18256=CARTESIAN_POINT('',(167.588727269804,0.,20.));
#18257=CARTESIAN_POINT('',(167.588727269804,168.,0.));
#18258=CARTESIAN_POINT('',(167.588727269804,0.,0.));
#18259=CARTESIAN_POINT('',(167.588727269804,168.,5.));
#18260=CARTESIAN_POINT('',(167.588727269804,168.,0.));
#18261=CARTESIAN_POINT('',(167.588727269804,151.59461680555,5.));
#18262=CARTESIAN_POINT('',(167.588727269804,170.5,5.));
#18263=CARTESIAN_POINT('',(167.588727269804,151.59461680555,13.6607260738895));
#18264=CARTESIAN_POINT('',(167.588727269804,151.59461680555,2.5));
#18265=CARTESIAN_POINT('',(167.588727269804,163.001922203127,8.34141220808639));
#18266=CARTESIAN_POINT('',(167.588727269804,133.,10.));
#18267=CARTESIAN_POINT('Origin',(167.588727269804,138.,10.));
#18268=CARTESIAN_POINT('Origin',(155.988727269804,69.,20.));
#18269=CARTESIAN_POINT('',(150.388727269804,138.,20.));
#18270=CARTESIAN_POINT('',(167.988727269804,138.,20.));
#18271=CARTESIAN_POINT('',(150.388727269804,138.,20.));
#18272=CARTESIAN_POINT('Origin',(150.388727269804,138.,0.));
#18273=CARTESIAN_POINT('',(150.388727269804,151.59461680555,13.6607260738895));
#18274=CARTESIAN_POINT('',(150.388727269804,148.62753061837,15.0443010853775));
#18275=CARTESIAN_POINT('',(150.388727269804,151.59461680555,5.));
#18276=CARTESIAN_POINT('',(150.388727269804,151.59461680555,2.5));
#18277=CARTESIAN_POINT('',(150.388727269804,168.,5.));
#18278=CARTESIAN_POINT('',(150.388727269804,153.,5.));
#18279=CARTESIAN_POINT('',(150.388727269804,168.,0.));
#18280=CARTESIAN_POINT('',(150.388727269804,168.,0.));
#18281=CARTESIAN_POINT('',(150.388727269804,116.75,0.));
#18282=CARTESIAN_POINT('',(150.388727269804,133.,10.));
#18283=CARTESIAN_POINT('Origin',(150.388727269804,138.,10.));
#18284=CARTESIAN_POINT('Origin',(0.,138.,10.));
#18285=CARTESIAN_POINT('',(0.,133.,10.));
#18286=CARTESIAN_POINT('Origin',(263.988727269804,95.5,0.));
#18287=CARTESIAN_POINT('',(0.,168.,0.));
#18288=CARTESIAN_POINT('Origin',(0.,168.,0.));
#18289=CARTESIAN_POINT('',(0.,168.,5.));
#18290=CARTESIAN_POINT('Origin',(0.,168.,5.));
#18291=CARTESIAN_POINT('',(0.,151.59461680555,5.));
#18292=CARTESIAN_POINT('Origin',(0.,151.59461680555,13.6607260738895));
#18293=CARTESIAN_POINT('',(0.,151.59461680555,13.6607260738895));
#18294=CARTESIAN_POINT('Origin',(0.,151.59461680555,5.));
#18295=CARTESIAN_POINT('Origin',(35.9887272698043,159.797308402775,0.));
#18296=CARTESIAN_POINT('',(31.9887272698043,159.797308402775,8.));
#18297=CARTESIAN_POINT('Origin',(35.9887272698043,159.797308402775,8.));
#18298=CARTESIAN_POINT('',(31.9887272698043,159.797308402775,5.));
#18299=CARTESIAN_POINT('',(31.9887272698043,159.797308402775,0.));
#18300=CARTESIAN_POINT('Origin',(35.9887272698043,159.797308402775,5.));
#18301=CARTESIAN_POINT('Origin',(35.9887272698043,159.797308402775,8.));
#18302=CARTESIAN_POINT('Origin',(41.5887275344573,173.,0.));
#18303=CARTESIAN_POINT('',(41.5887275344573,138.,20.));
#18304=CARTESIAN_POINT('',(41.5887275344573,151.59461680555,13.6607260738895));
#18305=CARTESIAN_POINT('',(41.5887275344573,163.001922203127,8.34141220808639));
#18306=CARTESIAN_POINT('',(41.5887275344573,138.,15.));
#18307=CARTESIAN_POINT('',(41.5887275344573,138.,10.));
#18308=CARTESIAN_POINT('',(41.5887275344573,138.,5.));
#18309=CARTESIAN_POINT('Origin',(41.5887275344573,138.,10.));
#18310=CARTESIAN_POINT('',(41.5887275344573,138.,0.));
#18311=CARTESIAN_POINT('',(41.5887275344573,138.,2.5));
#18312=CARTESIAN_POINT('',(41.5887275344573,168.,0.));
#18313=CARTESIAN_POINT('',(41.5887275344573,134.25,0.));
#18314=CARTESIAN_POINT('',(41.5887275344573,168.,5.));
#18315=CARTESIAN_POINT('',(41.5887275344573,168.,0.));
#18316=CARTESIAN_POINT('',(41.5887275344573,151.59461680555,5.));
#18317=CARTESIAN_POINT('',(41.5887275344573,170.5,5.));
#18318=CARTESIAN_POINT('',(41.5887275344573,151.59461680555,2.5));
#18319=CARTESIAN_POINT('Origin',(30.4,138.,0.));
#18320=CARTESIAN_POINT('',(30.4,151.59461680555,13.6607260738895));
#18321=CARTESIAN_POINT('',(30.4,138.,20.));
#18322=CARTESIAN_POINT('',(30.4,148.62753061837,15.0443010853775));
#18323=CARTESIAN_POINT('',(30.4,151.59461680555,5.));
#18324=CARTESIAN_POINT('',(30.4,151.59461680555,2.5));
#18325=CARTESIAN_POINT('',(30.4,168.,5.));
#18326=CARTESIAN_POINT('',(30.4,153.,5.));
#18327=CARTESIAN_POINT('',(30.4,168.,0.));
#18328=CARTESIAN_POINT('',(30.4,168.,0.));
#18329=CARTESIAN_POINT('',(30.4,138.,0.));
#18330=CARTESIAN_POINT('',(30.4,116.75,0.));
#18331=CARTESIAN_POINT('',(30.3999999996738,138.,5.));
#18332=CARTESIAN_POINT('',(30.4,138.,0.));
#18333=CARTESIAN_POINT('',(30.3999999996738,138.,15.));
#18334=CARTESIAN_POINT('Origin',(30.4,138.,10.));
#18335=CARTESIAN_POINT('',(30.4,138.,0.));
#18336=CARTESIAN_POINT('Origin',(0.,168.,5.));
#18337=CARTESIAN_POINT('',(0.,168.,5.));
#18338=CARTESIAN_POINT('',(0.,151.59461680555,5.));
#18339=CARTESIAN_POINT('Origin',(0.,168.,0.));
#18340=CARTESIAN_POINT('',(0.,168.,0.));
#18341=CARTESIAN_POINT('Origin',(263.988727269804,95.5,0.));
#18342=CARTESIAN_POINT('',(0.,138.,0.));
#18343=CARTESIAN_POINT('Origin',(0.,151.59461680555,13.6607260738895));
#18344=CARTESIAN_POINT('',(0.,151.59461680555,13.6607260738895));
#18345=CARTESIAN_POINT('',(0.,138.,20.));
#18346=CARTESIAN_POINT('Origin',(0.,138.,5.));
#18347=CARTESIAN_POINT('',(0.,138.,5.));
#18348=CARTESIAN_POINT('Origin',(0.,138.,20.));
#18349=CARTESIAN_POINT('',(0.,138.,15.));
#18350=CARTESIAN_POINT('Origin',(0.,151.59461680555,5.));
#18351=CARTESIAN_POINT('Origin',(0.,138.,10.));
#18352=CARTESIAN_POINT('Origin',(0.,96.7618480350542,0.));
#18353=CARTESIAN_POINT('',(41.5887275370118,104.812290680848,-0.846135617836361));
#18354=CARTESIAN_POINT('',(41.5887275370118,96.7618480350542,0.));
#18355=CARTESIAN_POINT('',(41.5887275370118,74.9212807096148,2.29553612650883));
#18356=CARTESIAN_POINT('',(30.4,96.7618480350542,0.));
#18357=CARTESIAN_POINT('',(18.1,96.7618480350542,0.));
#18358=CARTESIAN_POINT('',(30.4,104.812290680848,-0.846135617836361));
#18359=CARTESIAN_POINT('',(30.4,117.155635877093,-2.1434734753079));
#18360=CARTESIAN_POINT('',(0.,104.812290680848,-0.846135617836361));
#18361=CARTESIAN_POINT('Origin',(0.,104.812290680848,-0.846135617836361));
#18362=CARTESIAN_POINT('',(41.5887275370118,104.901223117892,0.));
#18363=CARTESIAN_POINT('',(41.5887275370118,104.571020111747,-3.14167174434519));
#18364=CARTESIAN_POINT('',(30.4,104.901223117892,0.));
#18365=CARTESIAN_POINT('',(30.4,105.037578821283,1.29733785747154));
#18366=CARTESIAN_POINT('',(18.1,104.901223117892,-2.77555756156289E-16));
#18367=CARTESIAN_POINT('Origin',(36.2,69.,0.));
#18368=CARTESIAN_POINT('',(30.4,138.,0.));
#18369=CARTESIAN_POINT('',(30.4,138.,0.));
#18370=CARTESIAN_POINT('',(41.5887275370118,137.998172245973,0.));
#18371=CARTESIAN_POINT('',(30.4,138.,0.));
#18372=CARTESIAN_POINT('',(41.5887275370118,52.5981722459725,0.));
#18373=CARTESIAN_POINT('Origin',(0.,79.7830902985018,6.3295003203623));
#18374=CARTESIAN_POINT('',(47.5999999839673,36.1734960425045,6.3295003203623));
#18375=CARTESIAN_POINT('',(47.5999999839673,52.5981722459725,6.3295003203623));
#18376=CARTESIAN_POINT('',(47.5999999839673,39.8915597175639,6.3295003203623));
#18377=CARTESIAN_POINT('',(24.4,36.1734960425045,6.3295003203623));
#18378=CARTESIAN_POINT('',(0.,36.1734960425045,6.3295003203623));
#18379=CARTESIAN_POINT('',(24.4,52.6,6.3295003203623));
#18380=CARTESIAN_POINT('',(24.4,66.1915451492509,6.3295003203623));
#18381=CARTESIAN_POINT('',(30.4,52.6,6.3295003203623));
#18382=CARTESIAN_POINT('',(15.2,52.6,6.3295003203623));
#18383=CARTESIAN_POINT('',(30.4,79.7830902985018,6.3295003203623));
#18384=CARTESIAN_POINT('',(30.4,108.891545149251,6.3295003203623));
#18385=CARTESIAN_POINT('',(41.5887275370118,79.7830902985018,6.3295003203623));
#18386=CARTESIAN_POINT('',(0.,79.7830902985018,6.3295003203623));
#18387=CARTESIAN_POINT('',(41.5887275370118,52.5981722459725,6.3295003203623));
#18388=CARTESIAN_POINT('',(41.5887275370118,66.1906312722372,6.3295003203623));
#18389=CARTESIAN_POINT('',(23.7999999919836,52.5981722459725,6.3295003203623));
#18390=CARTESIAN_POINT('Origin',(0.,87.8671700983238,0.));
#18391=CARTESIAN_POINT('',(41.5887275370118,87.8671700983238,0.));
#18392=CARTESIAN_POINT('',(41.5887275370118,76.9346012226164,8.55974952185618));
#18393=CARTESIAN_POINT('',(30.4,87.8671700983238,0.));
#18394=CARTESIAN_POINT('',(30.4,103.407181133757,-12.167186280048));
#18395=CARTESIAN_POINT('',(18.1,87.8671700983238,1.11022302462516E-15));
#18396=CARTESIAN_POINT('Origin',(0.,16.8382251370745,7.41142405493705));
#18397=CARTESIAN_POINT('',(47.5999999839673,7.04552279281069,-9.23718390041026E-16));
#18398=CARTESIAN_POINT('',(47.5999999839673,16.8382251370745,7.41142405493705));
#18399=CARTESIAN_POINT('',(47.5999999839673,9.70207171173861,2.01055948283697));
#18400=CARTESIAN_POINT('',(24.4,7.04552279281069,-9.23718390041026E-16));
#18401=CARTESIAN_POINT('',(18.1,7.04552279281069,2.22044604925031E-15));
#18402=CARTESIAN_POINT('',(24.4,16.8382251370745,7.41142405493705));
#18403=CARTESIAN_POINT('',(24.4,26.4238997350778,14.6661630228845));
#18404=CARTESIAN_POINT('',(0.,16.8382251370745,7.41142405493705));
#18405=CARTESIAN_POINT('Origin',(0.,25.8796793200867,7.41142405493705));
#18406=CARTESIAN_POINT('',(47.5999999839673,25.8796793200867,7.41142405493705));
#18407=CARTESIAN_POINT('',(47.5999999839673,12.9398542283563,7.41142405493705));
#18408=CARTESIAN_POINT('',(24.4,25.8796793200867,7.41142405493705));
#18409=CARTESIAN_POINT('',(24.4,39.2398396600434,7.41142405493705));
#18410=CARTESIAN_POINT('',(0.,25.8796793200867,7.41142405493705));
#18411=CARTESIAN_POINT('Origin',(0.,36.1734960425045,6.3295003203623));
#18412=CARTESIAN_POINT('',(47.5999999839673,18.6133761283922,8.17514329510865));
#18413=CARTESIAN_POINT('',(24.4,44.626002668905,5.44110607531641));
#18414=CARTESIAN_POINT('Origin',(47.5999999839673,52.5981722459725,0.));
#18415=CARTESIAN_POINT('',(41.5887275370118,52.5981722459725,20.));
#18416=CARTESIAN_POINT('',(41.5887275370118,52.5981722459725,0.));
#18417=CARTESIAN_POINT('',(47.5999999839673,52.5981722459725,20.));
#18418=CARTESIAN_POINT('',(54.3887275370118,52.5981722459725,20.));
#18419=CARTESIAN_POINT('',(47.5999999839673,52.5981722459725,0.));
#18420=CARTESIAN_POINT('Origin',(41.5887275370118,52.5981722459725,0.));
#18421=CARTESIAN_POINT('',(41.5887275370118,137.998172245973,5.00000033406849));
#18422=CARTESIAN_POINT('',(41.5887275370118,137.998172245973,14.9999996659315));
#18423=CARTESIAN_POINT('Origin',(41.5887275370118,138.,10.));
#18424=CARTESIAN_POINT('',(41.5887275370118,137.998172245973,20.));
#18425=CARTESIAN_POINT('',(41.5887275370118,137.998172245973,0.));
#18426=CARTESIAN_POINT('',(41.5887275370118,52.5981722459725,20.));
#18427=CARTESIAN_POINT('',(41.5887275370118,52.5981722459725,0.));
#18428=CARTESIAN_POINT('',(41.5887275370118,137.998172245973,0.));
#18429=CARTESIAN_POINT('Origin',(24.4,52.6,0.));
#18430=CARTESIAN_POINT('',(24.4,0.,0.));
#18431=CARTESIAN_POINT('',(24.4,0.,0.));
#18432=CARTESIAN_POINT('',(24.4,0.,20.));
#18433=CARTESIAN_POINT('',(24.4,0.,0.));
#18434=CARTESIAN_POINT('',(24.4,52.6,20.));
#18435=CARTESIAN_POINT('',(24.4,0.,20.));
#18436=CARTESIAN_POINT('',(24.4,52.6,0.));
#18437=CARTESIAN_POINT('Origin',(36.2,69.,0.));
#18438=CARTESIAN_POINT('',(47.5999999839673,2.91366259684003E-5,0.));
#18439=CARTESIAN_POINT('',(47.5999999839673,2.91366259684003E-5,0.));
#18440=CARTESIAN_POINT('',(47.999999999499,2.91366259668325E-5,0.));
#18441=CARTESIAN_POINT('',(47.9999999839672,2.91366259684003E-5,0.));
#18442=CARTESIAN_POINT('',(48.,0.,0.));
#18443=CARTESIAN_POINT('',(48.,138.,0.));
#18444=CARTESIAN_POINT('',(48.,0.,0.));
#18445=CARTESIAN_POINT('Origin',(36.2,69.,0.));
#18446=CARTESIAN_POINT('',(30.4,138.,0.));
#18447=CARTESIAN_POINT('Origin',(30.4,138.,0.));
#18448=CARTESIAN_POINT('',(30.3999999996738,138.,15.));
#18449=CARTESIAN_POINT('',(30.3999999996738,138.,5.));
#18450=CARTESIAN_POINT('Origin',(30.4,138.,10.));
#18451=CARTESIAN_POINT('',(30.4,138.,0.));
#18452=CARTESIAN_POINT('',(30.4,52.6,20.));
#18453=CARTESIAN_POINT('',(30.4,52.6,0.));
#18454=CARTESIAN_POINT('',(30.4,138.,20.));
#18455=CARTESIAN_POINT('',(30.4,138.,20.));
#18456=CARTESIAN_POINT('',(30.4,138.,0.));
#18457=CARTESIAN_POINT('Origin',(47.5999999839673,2.91366259684003E-5,0.));
#18458=CARTESIAN_POINT('',(47.5999999839673,2.91366259652648E-5,20.));
#18459=CARTESIAN_POINT('',(47.5999999839673,2.91366259684003E-5,20.));
#18460=CARTESIAN_POINT('',(47.5999999839673,2.91366259684003E-5,0.));
#18461=CARTESIAN_POINT('Origin',(47.999999999499,2.91366259684003E-5,0.));
#18462=CARTESIAN_POINT('',(47.999999999499,2.91366259652648E-5,20.));
#18463=CARTESIAN_POINT('',(47.9999999839672,2.91366259684003E-5,20.));
#18464=CARTESIAN_POINT('',(47.999999999499,2.91366259668325E-5,0.));
#18465=CARTESIAN_POINT('Origin',(48.,0.,0.));
#18466=CARTESIAN_POINT('',(48.,0.,20.));
#18467=CARTESIAN_POINT('',(48.,138.,20.));
#18468=CARTESIAN_POINT('',(48.,0.,0.));
#18469=CARTESIAN_POINT('Origin',(24.4,0.,0.));
#18470=CARTESIAN_POINT('',(48.,0.,20.));
#18471=CARTESIAN_POINT('Origin',(30.4,52.6,0.));
#18472=CARTESIAN_POINT('',(30.4,52.6,20.));
#18473=CARTESIAN_POINT('Origin',(36.2,69.,20.));
#18474=CARTESIAN_POINT('',(30.4,138.,20.));
#18475=CARTESIAN_POINT('Origin',(41.5887275370118,137.998172245973,0.));
#18476=CARTESIAN_POINT('',(35.9943637685059,137.999086122986,14.9999998329658));
#18477=CARTESIAN_POINT('Origin',(41.5887275370118,137.998172245973,0.));
#18478=CARTESIAN_POINT('',(35.9943637685059,137.999086122986,5.00000016703424));
#18479=CARTESIAN_POINT('Origin',(0.,138.,10.));
#18480=CARTESIAN_POINT('Origin',(8.98872726980431,159.797308402775,0.));
#18481=CARTESIAN_POINT('',(4.98872726980431,159.797308402775,8.));
#18482=CARTESIAN_POINT('Origin',(8.98872726980431,159.797308402775,8.));
#18483=CARTESIAN_POINT('',(4.98872726980431,159.797308402775,5.));
#18484=CARTESIAN_POINT('',(4.98872726980431,159.797308402775,0.));
#18485=CARTESIAN_POINT('Origin',(8.98872726980431,159.797308402775,5.));
#18486=CARTESIAN_POINT('Origin',(8.98872726980431,159.797308402775,8.));
#18487=CARTESIAN_POINT('Origin',(0.,96.7618480350542,0.));
#18488=CARTESIAN_POINT('',(17.6,104.812290680848,-0.846135617836361));
#18489=CARTESIAN_POINT('',(17.6,96.7618480350542,0.));
#18490=CARTESIAN_POINT('',(17.6,74.9221846014258,2.29544112365126));
#18491=CARTESIAN_POINT('',(0.,96.7618480350542,0.));
#18492=CARTESIAN_POINT('',(5.9,96.7618480350542,0.));
#18493=CARTESIAN_POINT('',(0.,104.812290680848,-0.846135617836361));
#18494=CARTESIAN_POINT('',(0.,96.7618480350542,0.));
#18495=CARTESIAN_POINT('',(0.,104.812290680848,-0.846135617836361));
#18496=CARTESIAN_POINT('Origin',(0.,104.812290680848,-0.846135617836361));
#18497=CARTESIAN_POINT('',(17.6,104.901223117892,0.));
#18498=CARTESIAN_POINT('',(17.6,104.571030096949,-3.14157674148762));
#18499=CARTESIAN_POINT('',(0.,104.901223117892,0.));
#18500=CARTESIAN_POINT('',(0.,104.812290680848,-0.846135617836361));
#18501=CARTESIAN_POINT('',(5.9,104.901223117892,0.));
#18502=CARTESIAN_POINT('Origin',(0.,79.7830902985018,6.3295003203623));
#18503=CARTESIAN_POINT('',(23.6,36.1734960425045,6.3295003203623));
#18504=CARTESIAN_POINT('',(23.6,52.6,6.3295003203623));
#18505=CARTESIAN_POINT('',(23.6,39.8915451492509,6.3295003203623));
#18506=CARTESIAN_POINT('',(0.,36.1734960425045,6.3295003203623));
#18507=CARTESIAN_POINT('',(0.,36.1734960425045,6.3295003203623));
#18508=CARTESIAN_POINT('',(0.,79.7830902985018,6.3295003203623));
#18509=CARTESIAN_POINT('',(0.,108.891545149251,6.3295003203623));
#18510=CARTESIAN_POINT('',(17.6,79.7830902985018,6.3295003203623));
#18511=CARTESIAN_POINT('',(0.,79.7830902985018,6.3295003203623));
#18512=CARTESIAN_POINT('',(17.6,52.6,6.3295003203623));
#18513=CARTESIAN_POINT('',(17.6,66.1915451492509,6.3295003203623));
#18514=CARTESIAN_POINT('',(11.8,52.6,6.3295003203623));
#18515=CARTESIAN_POINT('Origin',(0.,87.8671700983238,0.));
#18516=CARTESIAN_POINT('',(17.6,87.8671700983238,0.));
#18517=CARTESIAN_POINT('',(17.6,76.9351677838461,8.55930592783265));
#18518=CARTESIAN_POINT('',(0.,87.8671700983238,0.));
#18519=CARTESIAN_POINT('',(0.,103.407181133757,-12.167186280048));
#18520=CARTESIAN_POINT('',(5.9,87.8671700983238,5.55111512312578E-16));
#18521=CARTESIAN_POINT('Origin',(0.,16.8382251370745,7.41142405493705));
#18522=CARTESIAN_POINT('',(23.6,7.04552279281069,-9.23718390041026E-16));
#18523=CARTESIAN_POINT('',(23.6,16.8382251370745,7.41142405493705));
#18524=CARTESIAN_POINT('',(23.6,9.70206244904055,2.01055247253677));
#18525=CARTESIAN_POINT('',(0.,7.04552279281069,-9.23718390041026E-16));
#18526=CARTESIAN_POINT('',(5.9,7.04552279281068,2.22044604925031E-15));
#18527=CARTESIAN_POINT('',(0.,16.8382251370745,7.41142405493705));
#18528=CARTESIAN_POINT('',(0.,53.5730424010015,35.2134850951222));
#18529=CARTESIAN_POINT('',(0.,16.8382251370745,7.41142405493705));
#18530=CARTESIAN_POINT('Origin',(0.,25.8796793200867,7.41142405493705));
#18531=CARTESIAN_POINT('',(23.6,25.8796793200867,7.41142405493705));
#18532=CARTESIAN_POINT('',(23.6,12.9398396600434,7.41142405493705));
#18533=CARTESIAN_POINT('',(0.,25.8796793200867,7.41142405493705));
#18534=CARTESIAN_POINT('',(0.,81.9398396600434,7.41142405493705));
#18535=CARTESIAN_POINT('',(0.,25.8796793200867,7.41142405493705));
#18536=CARTESIAN_POINT('Origin',(23.6,52.6,0.));
#18537=CARTESIAN_POINT('',(17.6,52.6,20.));
#18538=CARTESIAN_POINT('',(17.6,52.6,0.));
#18539=CARTESIAN_POINT('',(23.6,52.6,20.));
#18540=CARTESIAN_POINT('',(30.4,52.6,20.));
#18541=CARTESIAN_POINT('',(23.6,52.6,0.));
#18542=CARTESIAN_POINT('Origin',(17.6,52.6,0.));
#18543=CARTESIAN_POINT('',(17.6,138.,20.));
#18544=CARTESIAN_POINT('',(17.6,52.6,20.));
#18545=CARTESIAN_POINT('',(17.6,52.6,0.));
#18546=CARTESIAN_POINT('',(17.6,168.,0.));
#18547=CARTESIAN_POINT('',(17.6,52.6,0.));
#18548=CARTESIAN_POINT('',(17.6,168.,5.));
#18549=CARTESIAN_POINT('',(17.6,168.,0.));
#18550=CARTESIAN_POINT('',(17.6,151.59461680555,5.));
#18551=CARTESIAN_POINT('',(17.6,170.5,5.));
#18552=CARTESIAN_POINT('',(17.6,151.59461680555,13.6607260738895));
#18553=CARTESIAN_POINT('',(17.6,151.59461680555,2.5));
#18554=CARTESIAN_POINT('',(17.6,163.001922203127,8.34141220808639));
#18555=CARTESIAN_POINT('',(17.6,133.,10.));
#18556=CARTESIAN_POINT('Origin',(17.6,138.,10.));
#18557=CARTESIAN_POINT('Origin',(11.8,69.,0.));
#18558=CARTESIAN_POINT('',(0.,138.,0.));
#18559=CARTESIAN_POINT('Origin',(11.8,69.,0.));
#18560=CARTESIAN_POINT('',(23.6,2.24820162486594E-14,0.));
#18561=CARTESIAN_POINT('',(23.6,2.24820162486594E-14,0.));
#18562=CARTESIAN_POINT('',(0.,2.24820162486594E-14,0.));
#18563=CARTESIAN_POINT('',(0.,2.24820162486594E-14,0.));
#18564=CARTESIAN_POINT('',(0.,138.,0.));
#18565=CARTESIAN_POINT('Origin',(0.,36.1734960425045,6.3295003203623));
#18566=CARTESIAN_POINT('',(0.,86.8594539445718,1.00219147635725));
#18567=CARTESIAN_POINT('',(23.6,18.6133617192555,8.17514480956994));
#18568=CARTESIAN_POINT('Origin',(0.,2.24820162486594E-14,0.));
#18569=CARTESIAN_POINT('',(23.6,2.23779328401008E-14,20.));
#18570=CARTESIAN_POINT('',(23.6,2.24820162486594E-14,0.));
#18571=CARTESIAN_POINT('',(0.,2.23779328401008E-14,20.));
#18572=CARTESIAN_POINT('',(0.,2.23779328401008E-14,20.));
#18573=CARTESIAN_POINT('',(0.,2.24820162486594E-14,0.));
#18574=CARTESIAN_POINT('Origin',(23.6,2.24820162486594E-14,0.));
#18575=CARTESIAN_POINT('',(23.6,2.23779328401008E-14,20.));
#18576=CARTESIAN_POINT('Origin',(11.8,69.,20.));
#18577=CARTESIAN_POINT('',(0.,138.,20.));
#18578=CARTESIAN_POINT('',(24.,138.,20.));
#18579=CARTESIAN_POINT('',(0.,138.,20.));
#18580=CARTESIAN_POINT('Origin',(0.,138.,0.));
#18581=CARTESIAN_POINT('',(0.,168.,0.));
#18582=CARTESIAN_POINT('',(0.,138.,0.));
#18583=CARTESIAN_POINT('',(0.,151.59461680555,13.6607260738895));
#18584=CARTESIAN_POINT('',(0.,138.,20.));
#18585=CARTESIAN_POINT('',(0.,151.59461680555,5.));
#18586=CARTESIAN_POINT('',(0.,151.59461680555,5.));
#18587=CARTESIAN_POINT('',(0.,168.,5.));
#18588=CARTESIAN_POINT('',(0.,168.,5.));
#18589=CARTESIAN_POINT('',(0.,168.,0.));
#18590=CARTESIAN_POINT('',(0.,133.,10.));
#18591=CARTESIAN_POINT('Origin',(0.,138.,10.));
#18592=CARTESIAN_POINT('Origin',(0.,138.,10.));
#18593=CARTESIAN_POINT('',(0.,133.,10.));
#18594=CARTESIAN_POINT('Origin',(263.988727269804,95.5,0.));
#18595=CARTESIAN_POINT('',(0.,168.,0.));
#18596=CARTESIAN_POINT('Origin',(0.,168.,0.));
#18597=CARTESIAN_POINT('',(0.,168.,5.));
#18598=CARTESIAN_POINT('Origin',(0.,168.,5.));
#18599=CARTESIAN_POINT('',(0.,151.59461680555,5.));
#18600=CARTESIAN_POINT('Origin',(0.,151.59461680555,13.6607260738895));
#18601=CARTESIAN_POINT('',(0.,151.59461680555,13.6607260738895));
#18602=CARTESIAN_POINT('Origin',(0.,151.59461680555,5.));
#18603=UNCERTAINTY_MEASURE_WITH_UNIT(LENGTH_MEASURE(0.01),#18607,
'DISTANCE_ACCURACY_VALUE',
'Maximum model space distance between geometric entities at asserted c
onnectivities');
#18604=UNCERTAINTY_MEASURE_WITH_UNIT(LENGTH_MEASURE(0.01),#18607,
'DISTANCE_ACCURACY_VALUE',
'Maximum model space distance between geometric entities at asserted c
onnectivities');
#18605=(
GEOMETRIC_REPRESENTATION_CONTEXT(3)
GLOBAL_UNCERTAINTY_ASSIGNED_CONTEXT((#18603))
GLOBAL_UNIT_ASSIGNED_CONTEXT((#18607,#18608,#18609))
REPRESENTATION_CONTEXT('','3D')
);
#18606=(
GEOMETRIC_REPRESENTATION_CONTEXT(3)
GLOBAL_UNCERTAINTY_ASSIGNED_CONTEXT((#18604))
GLOBAL_UNIT_ASSIGNED_CONTEXT((#18607,#18608,#18609))
REPRESENTATION_CONTEXT('','3D')
);
#18607=(
LENGTH_UNIT()
NAMED_UNIT(*)
SI_UNIT(.MILLI.,.METRE.)
);
#18608=(
NAMED_UNIT(*)
PLANE_ANGLE_UNIT()
SI_UNIT($,.RADIAN.)
);
#18609=(
NAMED_UNIT(*)
SI_UNIT($,.STERADIAN.)
SOLID_ANGLE_UNIT()
);
#18610=SHAPE_DEFINITION_REPRESENTATION(#18611,#18612);
#18611=PRODUCT_DEFINITION_SHAPE('',$,#18614);
#18612=SHAPE_REPRESENTATION('',(#11651),#18605);
#18613=PRODUCT_DEFINITION_CONTEXT('part definition',#18618,'design');
#18614=PRODUCT_DEFINITION('Meepolab','Meepolab v15',#18615,#18613);
#18615=PRODUCT_DEFINITION_FORMATION('',$,#18620);
#18616=PRODUCT_RELATED_PRODUCT_CATEGORY('Meepolab v15','Meepolab v15',(#18620));
#18617=APPLICATION_PROTOCOL_DEFINITION('international standard',
'automotive_design',2009,#18618);
#18618=APPLICATION_CONTEXT(
'Core Data for Automotive Mechanical Design Process');
#18619=PRODUCT_CONTEXT('part definition',#18618,'mechanical');
#18620=PRODUCT('Meepolab','Meepolab v15',$,(#18619));
#18621=PRESENTATION_STYLE_ASSIGNMENT((#18635));
#18622=PRESENTATION_STYLE_ASSIGNMENT((#18636));
#18623=PRESENTATION_STYLE_ASSIGNMENT((#18637));
#18624=PRESENTATION_STYLE_ASSIGNMENT((#18638));
#18625=PRESENTATION_STYLE_ASSIGNMENT((#18639));
#18626=PRESENTATION_STYLE_ASSIGNMENT((#18640));
#18627=PRESENTATION_STYLE_ASSIGNMENT((#18641));
#18628=PRESENTATION_STYLE_ASSIGNMENT((#18642));
#18629=PRESENTATION_STYLE_ASSIGNMENT((#18643));
#18630=PRESENTATION_STYLE_ASSIGNMENT((#18644));
#18631=PRESENTATION_STYLE_ASSIGNMENT((#18645));
#18632=PRESENTATION_STYLE_ASSIGNMENT((#18646));
#18633=PRESENTATION_STYLE_ASSIGNMENT((#18647));
#18634=PRESENTATION_STYLE_ASSIGNMENT((#18648));
#18635=SURFACE_STYLE_USAGE(.BOTH.,#18649);
#18636=SURFACE_STYLE_USAGE(.BOTH.,#18650);
#18637=SURFACE_STYLE_USAGE(.BOTH.,#18651);
#18638=SURFACE_STYLE_USAGE(.BOTH.,#18652);
#18639=SURFACE_STYLE_USAGE(.BOTH.,#18653);
#18640=SURFACE_STYLE_USAGE(.BOTH.,#18654);
#18641=SURFACE_STYLE_USAGE(.BOTH.,#18655);
#18642=SURFACE_STYLE_USAGE(.BOTH.,#18656);
#18643=SURFACE_STYLE_USAGE(.BOTH.,#18657);
#18644=SURFACE_STYLE_USAGE(.BOTH.,#18658);
#18645=SURFACE_STYLE_USAGE(.BOTH.,#18659);
#18646=SURFACE_STYLE_USAGE(.BOTH.,#18660);
#18647=SURFACE_STYLE_USAGE(.BOTH.,#18661);
#18648=SURFACE_STYLE_USAGE(.BOTH.,#18662);
#18649=SURFACE_SIDE_STYLE('',(#18663));
#18650=SURFACE_SIDE_STYLE('',(#18664));
#18651=SURFACE_SIDE_STYLE('',(#18665));
#18652=SURFACE_SIDE_STYLE('',(#18666));
#18653=SURFACE_SIDE_STYLE('',(#18667));
#18654=SURFACE_SIDE_STYLE('',(#18668));
#18655=SURFACE_SIDE_STYLE('',(#18669));
#18656=SURFACE_SIDE_STYLE('',(#18670));
#18657=SURFACE_SIDE_STYLE('',(#18671));
#18658=SURFACE_SIDE_STYLE('',(#18672));
#18659=SURFACE_SIDE_STYLE('',(#18673));
#18660=SURFACE_SIDE_STYLE('',(#18674));
#18661=SURFACE_SIDE_STYLE('',(#18675));
#18662=SURFACE_SIDE_STYLE('',(#18676));
#18663=SURFACE_STYLE_FILL_AREA(#18677);
#18664=SURFACE_STYLE_FILL_AREA(#18678);
#18665=SURFACE_STYLE_FILL_AREA(#18679);
#18666=SURFACE_STYLE_FILL_AREA(#18680);
#18667=SURFACE_STYLE_FILL_AREA(#18681);
#18668=SURFACE_STYLE_FILL_AREA(#18682);
#18669=SURFACE_STYLE_FILL_AREA(#18683);
#18670=SURFACE_STYLE_FILL_AREA(#18684);
#18671=SURFACE_STYLE_FILL_AREA(#18685);
#18672=SURFACE_STYLE_FILL_AREA(#18686);
#18673=SURFACE_STYLE_FILL_AREA(#18687);
#18674=SURFACE_STYLE_FILL_AREA(#18688);
#18675=SURFACE_STYLE_FILL_AREA(#18689);
#18676=SURFACE_STYLE_FILL_AREA(#18690);
#18677=FILL_AREA_STYLE('Opaque(255,255,255)',(#18691));
#18678=FILL_AREA_STYLE('Opaque(192,192,192)',(#18692));
#18679=FILL_AREA_STYLE('Opaque(114,121,128)',(#18693));
#18680=FILL_AREA_STYLE('Opaque(196,53,39)',(#18694));
#18681=FILL_AREA_STYLE('Opaque(160,160,160)',(#18695));
#18682=FILL_AREA_STYLE('Opaque(205,150,50)',(#18696));
#18683=FILL_AREA_STYLE('Opaque(150,145,140)',(#18697));
#18684=FILL_AREA_STYLE('Opaque(0,186,255)',(#18698));
#18685=FILL_AREA_STYLE('Opaque(196,212,219)',(#18699));
#18686=FILL_AREA_STYLE('ABS (White)',(#18700));
#18687=FILL_AREA_STYLE('ABS (White)',(#18701));
#18688=FILL_AREA_STYLE('ABS (White)',(#18702));
#18689=FILL_AREA_STYLE('Glass (Grey)',(#18703));
#18690=FILL_AREA_STYLE('Polycarbonate (Clear)',(#18704));
#18691=FILL_AREA_STYLE_COLOUR('Opaque(255,255,255)',#18705);
#18692=FILL_AREA_STYLE_COLOUR('Opaque(192,192,192)',#18706);
#18693=FILL_AREA_STYLE_COLOUR('Opaque(114,121,128)',#18707);
#18694=FILL_AREA_STYLE_COLOUR('Opaque(196,53,39)',#18708);
#18695=FILL_AREA_STYLE_COLOUR('Opaque(160,160,160)',#18709);
#18696=FILL_AREA_STYLE_COLOUR('Opaque(205,150,50)',#18710);
#18697=FILL_AREA_STYLE_COLOUR('Opaque(150,145,140)',#18711);
#18698=FILL_AREA_STYLE_COLOUR('Opaque(0,186,255)',#18712);
#18699=FILL_AREA_STYLE_COLOUR('Opaque(196,212,219)',#18713);
#18700=FILL_AREA_STYLE_COLOUR('ABS (White)',#18714);
#18701=FILL_AREA_STYLE_COLOUR('ABS (White)',#18715);
#18702=FILL_AREA_STYLE_COLOUR('ABS (White)',#18716);
#18703=FILL_AREA_STYLE_COLOUR('Glass (Grey)',#18717);
#18704=FILL_AREA_STYLE_COLOUR('Polycarbonate (Clear)',#18718);
#18705=COLOUR_RGB('Opaque(255,255,255)',1.,1.,1.);
#18706=COLOUR_RGB('Opaque(192,192,192)',0.752941176470588,0.752941176470588,
0.752941176470588);
#18707=COLOUR_RGB('Opaque(114,121,128)',0.447058823529412,0.474509803921569,
0.501960784313725);
#18708=COLOUR_RGB('Opaque(196,53,39)',0.768627450980392,0.207843137254902,
0.152941176470588);
#18709=COLOUR_RGB('Opaque(160,160,160)',0.627450980392157,0.627450980392157,
0.627450980392157);
#18710=COLOUR_RGB('Opaque(205,150,50)',0.803921568627451,0.588235294117647,
0.196078431372549);
#18711=COLOUR_RGB('Opaque(150,145,140)',0.588235294117647,0.568627450980392,
0.549019607843137);
#18712=COLOUR_RGB('Opaque(0,186,255)',0.,0.729411764705882,1.);
#18713=COLOUR_RGB('Opaque(196,212,219)',0.768627450980392,0.831372549019608,
0.858823529411765);
#18714=COLOUR_RGB('ABS (White)',1.,1.,1.);
#18715=COLOUR_RGB('ABS (White)',0.,0.,0.);
#18716=COLOUR_RGB('ABS (White)',1.,0.701960784313725,0.772549019607843);
#18717=COLOUR_RGB('Glass (Grey)',0.701960784313725,0.701960784313725,0.701960784313725);
#18718=COLOUR_RGB('Polycarbonate (Clear)',0.964705882352941,0.964705882352941,
0.952941176470588);
ENDSEC;
END-ISO-10303-21;
